{
    "LATENCY": {
        "best_latency": 1093761,
        "worst_latency": 1093761,
        "average_latency": 1093761,
        "best_time_latency": "10.938 ms",
        "worst_time_latency": "10.938 ms",
        "average_time_latency": "10.938 ms",
        "min_interval": 1093762,
        "max_interval": 1093762,
        "Latency": 1093761
    },
    "HLS": {
        "LUT": 1411,
        "FF": 1211,
        "DSP": 10,
        "BRAM": 0,
        "URAM": 0,
        "CP": 7.135
    },
    "SYN": {
        "LUT": 1138,
        "FF": 1084,
        "DSP": 10,
        "BRAM": 0,
        "URAM": 0,
        "SRL": 0,
        "CP": 6.496
    },
    "IMPL": {
        "LUT": 1121,
        "FF": 1080,
        "DSP": 10,
        "BRAM": 0,
        "URAM": 0,
        "SRL": 0,
        "CP": 7.169,
        "PWR": 0.264
    }
}