{
    "LATENCY": {
        "best_latency": 131368,
        "worst_latency": 131368,
        "average_latency": 131368,
        "best_time_latency": "1.314 ms",
        "worst_time_latency": "1.314 ms",
        "average_time_latency": "1.314 ms",
        "min_interval": 131369,
        "max_interval": 131369,
        "Latency": 131368
    },
    "HLS": {
        "LUT": 12525,
        "FF": 13455,
        "DSP": 6,
        "BRAM": 0,
        "URAM": 0,
        "CP": 7.112
    },
    "SYN": {
        "LUT": 15025,
        "FF": 13346,
        "DSP": 6,
        "BRAM": 0,
        "URAM": 0,
        "SRL": 2701,
        "CP": 5.171
    },
    "IMPL": {
        "LUT": 13371,
        "FF": 13339,
        "DSP": 6,
        "BRAM": 0,
        "URAM": 0,
        "SRL": 1354,
        "CP": 7.92,
        "PWR": 0.299
    }
}