{
    "LATENCY": {
        "best_latency": 147265,
        "worst_latency": 147265,
        "average_latency": 147265,
        "best_time_latency": "1.473 ms",
        "worst_time_latency": "1.473 ms",
        "average_time_latency": "1.473 ms",
        "min_interval": 147266,
        "max_interval": 147266,
        "Latency": 147265
    },
    "HLS": {
        "LUT": 10343,
        "FF": 30809,
        "DSP": 20,
        "BRAM": 0,
        "URAM": 0,
        "CP": 7.027
    },
    "SYN": {
        "LUT": 16494,
        "FF": 31321,
        "DSP": 20,
        "BRAM": 0,
        "URAM": 0,
        "SRL": 4750,
        "CP": 6.496
    },
    "IMPL": {
        "LUT": 13948,
        "FF": 31313,
        "DSP": 20,
        "BRAM": 0,
        "URAM": 0,
        "SRL": 2380,
        "CP": 9.426,
        "PWR": 0.321
    }
}