{
    "LATENCY": {
        "best_latency": 1091585,
        "worst_latency": 1091585,
        "average_latency": 1091585,
        "best_time_latency": "10.916 ms",
        "worst_time_latency": "10.916 ms",
        "average_time_latency": "10.916 ms",
        "min_interval": 1091586,
        "max_interval": 1091586,
        "Latency": 1091585
    },
    "HLS": {
        "LUT": 3330,
        "FF": 1975,
        "DSP": 10,
        "BRAM": 0,
        "URAM": 0,
        "CP": 7.135
    },
    "SYN": {
        "LUT": 1425,
        "FF": 1865,
        "DSP": 10,
        "BRAM": 0,
        "URAM": 0,
        "SRL": 0,
        "CP": 6.496
    },
    "IMPL": {
        "LUT": 1406,
        "FF": 1861,
        "DSP": 10,
        "BRAM": 0,
        "URAM": 0,
        "SRL": 0,
        "CP": 6.929,
        "PWR": 0.265
    }
}