{
    "LATENCY": {
        "best_latency": 839809,
        "worst_latency": 839809,
        "average_latency": 839809,
        "best_time_latency": "8.398 ms",
        "worst_time_latency": "8.398 ms",
        "average_time_latency": "8.398 ms",
        "min_interval": 839810,
        "max_interval": 839810,
        "Latency": 839809
    },
    "HLS": {
        "LUT": 2184,
        "FF": 1212,
        "DSP": 10,
        "BRAM": 0,
        "URAM": 0,
        "CP": 7.135
    },
    "SYN": {
        "LUT": 981,
        "FF": 1020,
        "DSP": 10,
        "BRAM": 0,
        "URAM": 0,
        "SRL": 0,
        "CP": 6.496
    },
    "IMPL": {
        "LUT": 965,
        "FF": 1016,
        "DSP": 10,
        "BRAM": 0,
        "URAM": 0,
        "SRL": 0,
        "CP": 6.945,
        "PWR": 0.278
    }
}