{
    "LATENCY": {
        "best_latency": 149249,
        "worst_latency": 149249,
        "average_latency": 149249,
        "best_time_latency": "1.492 ms",
        "worst_time_latency": "1.492 ms",
        "average_time_latency": "1.492 ms",
        "min_interval": 149250,
        "max_interval": 149250,
        "Latency": 149249
    },
    "HLS": {
        "LUT": 14950,
        "FF": 21669,
        "DSP": 6,
        "BRAM": 0,
        "URAM": 0,
        "CP": 7.146
    },
    "SYN": {
        "LUT": 16172,
        "FF": 23092,
        "DSP": 6,
        "BRAM": 0,
        "URAM": 0,
        "SRL": 2061,
        "CP": 5.171
    },
    "IMPL": {
        "LUT": 14812,
        "FF": 23085,
        "DSP": 6,
        "BRAM": 0,
        "URAM": 0,
        "SRL": 1033,
        "CP": 9.693,
        "PWR": 0.295
    }
}