{
    "LATENCY": {
        "best_latency": 131307,
        "worst_latency": 131307,
        "average_latency": 131307,
        "best_time_latency": "1.313 ms",
        "worst_time_latency": "1.313 ms",
        "average_time_latency": "1.313 ms",
        "min_interval": 131308,
        "max_interval": 131308,
        "Latency": 131307
    },
    "HLS": {
        "LUT": 13098,
        "FF": 15028,
        "DSP": 0,
        "BRAM": 0,
        "URAM": 0,
        "CP": 7.112
    },
    "SYN": {
        "LUT": 16635,
        "FF": 15028,
        "DSP": 0,
        "BRAM": 0,
        "URAM": 0,
        "SRL": 2381,
        "CP": 5.864
    },
    "IMPL": {
        "LUT": 15138,
        "FF": 15021,
        "DSP": 0,
        "BRAM": 0,
        "URAM": 0,
        "SRL": 1194,
        "CP": 8.915,
        "PWR": 0.308
    }
}