{
    "LATENCY": {
        "best_latency": 843873,
        "worst_latency": 843873,
        "average_latency": 843873,
        "best_time_latency": "8.439 ms",
        "worst_time_latency": "8.439 ms",
        "average_time_latency": "8.439 ms",
        "min_interval": 843874,
        "max_interval": 843874,
        "Latency": 843873
    },
    "HLS": {
        "LUT": 4299,
        "FF": 2034,
        "DSP": 10,
        "BRAM": 0,
        "URAM": 0,
        "CP": 7.135
    },
    "SYN": {
        "LUT": 1319,
        "FF": 1789,
        "DSP": 10,
        "BRAM": 0,
        "URAM": 0,
        "SRL": 0,
        "CP": 6.496
    },
    "IMPL": {
        "LUT": 1300,
        "FF": 1785,
        "DSP": 10,
        "BRAM": 0,
        "URAM": 0,
        "SRL": 0,
        "CP": 6.846,
        "PWR": 0.283
    }
}