{
    "LATENCY": {
        "best_latency": 131276,
        "worst_latency": 131276,
        "average_latency": 131276,
        "best_time_latency": "1.313 ms",
        "worst_time_latency": "1.313 ms",
        "average_time_latency": "1.313 ms",
        "min_interval": 131277,
        "max_interval": 131277,
        "Latency": 131276
    },
    "HLS": {
        "LUT": 35507,
        "FF": 28242,
        "DSP": 20,
        "BRAM": 0,
        "URAM": 0,
        "CP": 7.061
    },
    "SYN": {
        "LUT": 13751,
        "FF": 30384,
        "DSP": 20,
        "BRAM": 0,
        "URAM": 0,
        "SRL": 140,
        "CP": 6.496
    },
    "IMPL": {
        "LUT": 13518,
        "FF": 30376,
        "DSP": 20,
        "BRAM": 0,
        "URAM": 0,
        "SRL": 73,
        "CP": 9.633,
        "PWR": 0.463
    }
}