{
    "LATENCY": {
        "best_latency": 148289,
        "worst_latency": 148289,
        "average_latency": 148289,
        "best_time_latency": "1.483 ms",
        "worst_time_latency": "1.483 ms",
        "average_time_latency": "1.483 ms",
        "min_interval": 148290,
        "max_interval": 148290,
        "Latency": 148289
    },
    "HLS": {
        "LUT": 14651,
        "FF": 59085,
        "DSP": 20,
        "BRAM": 0,
        "URAM": 0,
        "CP": 7.027
    },
    "SYN": {
        "LUT": 25028,
        "FF": 59615,
        "DSP": 20,
        "BRAM": 0,
        "URAM": 0,
        "SRL": 4750,
        "CP": 6.496
    },
    "IMPL": {
        "LUT": 22428,
        "FF": 59607,
        "DSP": 20,
        "BRAM": 0,
        "URAM": 0,
        "SRL": 2380,
        "CP": 9.868,
        "PWR": 0.374
    }
}