{
    "LATENCY": {
        "best_latency": 2238465,
        "worst_latency": 2238465,
        "average_latency": 2238465,
        "best_time_latency": "22.385 ms",
        "worst_time_latency": "22.385 ms",
        "average_time_latency": "22.385 ms",
        "min_interval": 2238466,
        "max_interval": 2238466,
        "Latency": 2238465
    },
    "HLS": {
        "LUT": 4186,
        "FF": 1724,
        "DSP": 13,
        "BRAM": 0,
        "URAM": 0,
        "CP": 6.886
    },
    "SYN": {
        "LUT": 1445,
        "FF": 1552,
        "DSP": 13,
        "BRAM": 0,
        "URAM": 0,
        "SRL": 0,
        "CP": 6.496
    },
    "IMPL": {
        "LUT": 1419,
        "FF": 1548,
        "DSP": 13,
        "BRAM": 0,
        "URAM": 0,
        "SRL": 0,
        "CP": 6.904,
        "PWR": 0.291
    }
}