{
    "LATENCY": {
        "best_latency": 1847297,
        "worst_latency": 1847297,
        "average_latency": 1847297,
        "best_time_latency": "18.473 ms",
        "worst_time_latency": "18.473 ms",
        "average_time_latency": "18.473 ms",
        "min_interval": 1847298,
        "max_interval": 1847298,
        "Latency": 1847297
    },
    "HLS": {
        "LUT": 6782,
        "FF": 1335,
        "DSP": 0,
        "BRAM": 0,
        "URAM": 0,
        "CP": 6.886
    },
    "SYN": {
        "LUT": 3587,
        "FF": 1171,
        "DSP": 0,
        "BRAM": 0,
        "URAM": 0,
        "SRL": 0,
        "CP": 5.864
    },
    "IMPL": {
        "LUT": 3482,
        "FF": 1167,
        "DSP": 0,
        "BRAM": 0,
        "URAM": 0,
        "SRL": 0,
        "CP": 7.406,
        "PWR": 0.346
    }
}