{
    "LATENCY": {
        "best_latency": 8104370,
        "worst_latency": 8104370,
        "average_latency": 8104370,
        "best_time_latency": "81.044 ms",
        "worst_time_latency": "81.044 ms",
        "average_time_latency": "81.044 ms",
        "min_interval": 8104371,
        "max_interval": 8104371,
        "Latency": 8104370
    },
    "HLS": {
        "LUT": 8510,
        "FF": 2871,
        "DSP": 6,
        "BRAM": 64,
        "URAM": 0,
        "CP": 6.291
    },
    "SYN": {
        "LUT": 3505,
        "FF": 2663,
        "DSP": 7,
        "BRAM": 64,
        "URAM": 0,
        "SRL": 8,
        "CP": 5.864
    },
    "IMPL": {
        "LUT": 3381,
        "FF": 2657,
        "DSP": 7,
        "BRAM": 64,
        "URAM": 0,
        "SRL": 8,
        "CP": 6.99,
        "PWR": 0.385
    }
}