{
    "LATENCY": {
        "best_latency": 624922,
        "worst_latency": 624922,
        "average_latency": 624922,
        "best_time_latency": "6.249 ms",
        "worst_time_latency": "6.249 ms",
        "average_time_latency": "6.249 ms",
        "min_interval": 624923,
        "max_interval": 624923,
        "Latency": 624922
    },
    "HLS": {
        "LUT": 93361,
        "FF": 50550,
        "DSP": 33,
        "BRAM": 64,
        "URAM": 0,
        "CP": 8.284
    },
    "SYN": {
        "LUT": 48986,
        "FF": 44643,
        "DSP": 46,
        "BRAM": 64,
        "URAM": 0,
        "SRL": 0,
        "CP": 7.223
    },
    "IMPL": {
        "LUT": 48723,
        "FF": 44635,
        "DSP": 46,
        "BRAM": 64,
        "URAM": 0,
        "SRL": 0,
        "CP": 9.783,
        "PWR": 0.527
    }
}