{
    "LATENCY": {
        "best_latency": 7672390,
        "worst_latency": 7672390,
        "average_latency": 7672390,
        "best_time_latency": "76.724 ms",
        "worst_time_latency": "76.724 ms",
        "average_time_latency": "76.724 ms",
        "min_interval": 7672391,
        "max_interval": 7672391,
        "Latency": 7672390
    },
    "HLS": {
        "LUT": 5708,
        "FF": 2634,
        "DSP": 3,
        "BRAM": 64,
        "URAM": 0,
        "CP": 6.539
    },
    "SYN": {
        "LUT": 2869,
        "FF": 2290,
        "DSP": 5,
        "BRAM": 64,
        "URAM": 0,
        "SRL": 18,
        "CP": 5.864
    },
    "IMPL": {
        "LUT": 2823,
        "FF": 2286,
        "DSP": 5,
        "BRAM": 64,
        "URAM": 0,
        "SRL": 13,
        "CP": 7.095,
        "PWR": 0.4
    }
}