{
    "LATENCY": {
        "best_latency": 1173776,
        "worst_latency": 1173796,
        "average_latency": 1173787,
        "best_time_latency": "11.738 ms",
        "worst_time_latency": "11.738 ms",
        "average_time_latency": "11.738 ms",
        "min_interval": 1173777,
        "max_interval": 1173797,
        "Latency": 1173787
    },
    "HLS": {
        "LUT": 13313,
        "FF": 6074,
        "DSP": 6,
        "BRAM": 64,
        "URAM": 0,
        "CP": 7.15
    },
    "SYN": {
        "LUT": 5315,
        "FF": 5363,
        "DSP": 9,
        "BRAM": 64,
        "URAM": 0,
        "SRL": 11,
        "CP": 5.864
    },
    "IMPL": {
        "LUT": 5208,
        "FF": 5357,
        "DSP": 9,
        "BRAM": 64,
        "URAM": 0,
        "SRL": 10,
        "CP": 8.215,
        "PWR": 0.363
    }
}