{
    "LATENCY": {
        "best_latency": 686980,
        "worst_latency": 686980,
        "average_latency": 686980,
        "best_time_latency": "6.870 ms",
        "worst_time_latency": "6.870 ms",
        "average_time_latency": "6.870 ms",
        "min_interval": 686981,
        "max_interval": 686981,
        "Latency": 686980
    },
    "HLS": {
        "LUT": 120772,
        "FF": 56683,
        "DSP": 9,
        "BRAM": 64,
        "URAM": 0,
        "CP": 7.448
    },
    "SYN": {
        "LUT": 53669,
        "FF": 55479,
        "DSP": 13,
        "BRAM": 64,
        "URAM": 0,
        "SRL": 15,
        "CP": 6.226
    },
    "IMPL": {
        "LUT": 53214,
        "FF": 55471,
        "DSP": 13,
        "BRAM": 64,
        "URAM": 0,
        "SRL": 13,
        "CP": 9.746,
        "PWR": 0.787
    }
}