{
    "LATENCY": {
        "best_latency": 1182804,
        "worst_latency": 1182826,
        "average_latency": 1182816,
        "best_time_latency": "11.828 ms",
        "worst_time_latency": "11.828 ms",
        "average_time_latency": "11.828 ms",
        "min_interval": 1182805,
        "max_interval": 1182827,
        "Latency": 1182816
    },
    "HLS": {
        "LUT": 12754,
        "FF": 5981,
        "DSP": 6,
        "BRAM": 60,
        "URAM": 0,
        "CP": 7.15
    },
    "SYN": {
        "LUT": 4941,
        "FF": 4591,
        "DSP": 14,
        "BRAM": 64,
        "URAM": 0,
        "SRL": 26,
        "CP": 5.864
    },
    "IMPL": {
        "LUT": 4731,
        "FF": 4585,
        "DSP": 14,
        "BRAM": 64,
        "URAM": 0,
        "SRL": 22,
        "CP": 7.279,
        "PWR": 0.377
    }
}