{
    "LATENCY": {
        "best_latency": 685730,
        "worst_latency": 685730,
        "average_latency": 685730,
        "best_time_latency": "6.857 ms",
        "worst_time_latency": "6.857 ms",
        "average_time_latency": "6.857 ms",
        "min_interval": 685731,
        "max_interval": 685731,
        "Latency": 685730
    },
    "HLS": {
        "LUT": 206104,
        "FF": 38067,
        "DSP": 3,
        "BRAM": 60,
        "URAM": 0,
        "CP": 7.448
    },
    "SYN": {
        "LUT": 41547,
        "FF": 35554,
        "DSP": 10,
        "BRAM": 64,
        "URAM": 0,
        "SRL": 17,
        "CP": 5.864
    },
    "IMPL": {
        "LUT": 41294,
        "FF": 35548,
        "DSP": 10,
        "BRAM": 64,
        "URAM": 0,
        "SRL": 16,
        "CP": 9.541,
        "PWR": 0.834
    }
}