{
    "LATENCY": {
        "best_latency": 6983702,
        "worst_latency": 6983702,
        "average_latency": 6983702,
        "best_time_latency": "69.837 ms",
        "worst_time_latency": "69.837 ms",
        "average_time_latency": "69.837 ms",
        "min_interval": 6983703,
        "max_interval": 6983703,
        "Latency": 6983702
    },
    "HLS": {
        "LUT": 7814,
        "FF": 3131,
        "DSP": 6,
        "BRAM": 64,
        "URAM": 0,
        "CP": 6.291
    },
    "SYN": {
        "LUT": 3677,
        "FF": 2916,
        "DSP": 7,
        "BRAM": 64,
        "URAM": 0,
        "SRL": 8,
        "CP": 5.864
    },
    "IMPL": {
        "LUT": 3553,
        "FF": 2910,
        "DSP": 7,
        "BRAM": 64,
        "URAM": 0,
        "SRL": 8,
        "CP": 6.992,
        "PWR": 0.409
    }
}