{
    "LATENCY": {
        "best_latency": 929494,
        "worst_latency": 929494,
        "average_latency": 929494,
        "best_time_latency": "9.295 ms",
        "worst_time_latency": "9.295 ms",
        "average_time_latency": "9.295 ms",
        "min_interval": 929495,
        "max_interval": 929495,
        "Latency": 929494
    },
    "HLS": {
        "LUT": 7319,
        "FF": 3784,
        "DSP": 6,
        "BRAM": 64,
        "URAM": 0,
        "CP": 6.291
    },
    "SYN": {
        "LUT": 3533,
        "FF": 3017,
        "DSP": 12,
        "BRAM": 64,
        "URAM": 0,
        "SRL": 22,
        "CP": 5.864
    },
    "IMPL": {
        "LUT": 3443,
        "FF": 3011,
        "DSP": 12,
        "BRAM": 64,
        "URAM": 0,
        "SRL": 17,
        "CP": 6.866,
        "PWR": 0.386
    }
}