{
    "LATENCY": {
        "best_latency": 8104370,
        "worst_latency": 8104370,
        "average_latency": 8104370,
        "best_time_latency": "81.044 ms",
        "worst_time_latency": "81.044 ms",
        "average_time_latency": "81.044 ms",
        "min_interval": 8104371,
        "max_interval": 8104371,
        "Latency": 8104370
    },
    "HLS": {
        "LUT": 7618,
        "FF": 2854,
        "DSP": 6,
        "BRAM": 64,
        "URAM": 0,
        "CP": 6.291
    },
    "SYN": {
        "LUT": 3433,
        "FF": 2658,
        "DSP": 7,
        "BRAM": 64,
        "URAM": 0,
        "SRL": 8,
        "CP": 5.864
    },
    "IMPL": {
        "LUT": 3307,
        "FF": 2652,
        "DSP": 7,
        "BRAM": 64,
        "URAM": 0,
        "SRL": 7,
        "CP": 6.98,
        "PWR": 0.397
    }
}