{
    "LATENCY": {
        "best_latency": 8113593,
        "worst_latency": 8113601,
        "average_latency": 8113598,
        "best_time_latency": "81.136 ms",
        "worst_time_latency": "81.136 ms",
        "average_time_latency": "81.136 ms",
        "min_interval": 8113594,
        "max_interval": 8113602,
        "Latency": 8113598
    },
    "HLS": {
        "LUT": 10854,
        "FF": 3547,
        "DSP": 6,
        "BRAM": 64,
        "URAM": 0,
        "CP": 7.15
    },
    "SYN": {
        "LUT": 4136,
        "FF": 3312,
        "DSP": 7,
        "BRAM": 64,
        "URAM": 0,
        "SRL": 8,
        "CP": 5.864
    },
    "IMPL": {
        "LUT": 4001,
        "FF": 3306,
        "DSP": 7,
        "BRAM": 64,
        "URAM": 0,
        "SRL": 7,
        "CP": 8.014,
        "PWR": 0.399
    }
}