{
    "LATENCY": {
        "best_latency": 8113651,
        "worst_latency": 8113659,
        "average_latency": 8113656,
        "best_time_latency": "81.137 ms",
        "worst_time_latency": "81.137 ms",
        "average_time_latency": "81.137 ms",
        "min_interval": 8113652,
        "max_interval": 8113660,
        "Latency": 8113656
    },
    "HLS": {
        "LUT": 11567,
        "FF": 3222,
        "DSP": 6,
        "BRAM": 64,
        "URAM": 0,
        "CP": 6.405
    },
    "SYN": {
        "LUT": 3873,
        "FF": 2940,
        "DSP": 7,
        "BRAM": 64,
        "URAM": 0,
        "SRL": 14,
        "CP": 5.864
    },
    "IMPL": {
        "LUT": 3773,
        "FF": 2934,
        "DSP": 7,
        "BRAM": 64,
        "URAM": 0,
        "SRL": 13,
        "CP": 6.755,
        "PWR": 0.404
    }
}