{
    "LATENCY": {
        "best_latency": 813574,
        "worst_latency": 813574,
        "average_latency": 813574,
        "best_time_latency": "8.136 ms",
        "worst_time_latency": "8.136 ms",
        "average_time_latency": "8.136 ms",
        "min_interval": 813575,
        "max_interval": 813575,
        "Latency": 813574
    },
    "HLS": {
        "LUT": 6462,
        "FF": 3462,
        "DSP": 6,
        "BRAM": 64,
        "URAM": 0,
        "CP": 6.291
    },
    "SYN": {
        "LUT": 3450,
        "FF": 2759,
        "DSP": 8,
        "BRAM": 64,
        "URAM": 0,
        "SRL": 20,
        "CP": 5.864
    },
    "IMPL": {
        "LUT": 3350,
        "FF": 2753,
        "DSP": 8,
        "BRAM": 64,
        "URAM": 0,
        "SRL": 15,
        "CP": 6.789,
        "PWR": 0.347
    }
}