{
    "LATENCY": {
        "best_latency": 8104491,
        "worst_latency": 8104491,
        "average_latency": 8104491,
        "best_time_latency": "81.045 ms",
        "worst_time_latency": "81.045 ms",
        "average_time_latency": "81.045 ms",
        "min_interval": 8104492,
        "max_interval": 8104492,
        "Latency": 8104491
    },
    "HLS": {
        "LUT": 8452,
        "FF": 2800,
        "DSP": 6,
        "BRAM": 64,
        "URAM": 0,
        "CP": 6.291
    },
    "SYN": {
        "LUT": 3411,
        "FF": 2593,
        "DSP": 7,
        "BRAM": 64,
        "URAM": 0,
        "SRL": 8,
        "CP": 5.864
    },
    "IMPL": {
        "LUT": 3284,
        "FF": 2587,
        "DSP": 7,
        "BRAM": 64,
        "URAM": 0,
        "SRL": 8,
        "CP": 6.521,
        "PWR": 0.398
    }
}