{
    "LATENCY": {
        "best_latency": 359352,
        "worst_latency": 359352,
        "average_latency": 359352,
        "best_time_latency": "3.594 ms",
        "worst_time_latency": "3.594 ms",
        "average_time_latency": "3.594 ms",
        "min_interval": 359353,
        "max_interval": 359353,
        "Latency": 359352
    },
    "HLS": {
        "LUT": 127114,
        "FF": 38082,
        "DSP": 12,
        "BRAM": 64,
        "URAM": 0,
        "CP": 7.389
    },
    "SYN": {
        "LUT": 40163,
        "FF": 36528,
        "DSP": 16,
        "BRAM": 64,
        "URAM": 0,
        "SRL": 0,
        "CP": 5.89
    },
    "IMPL": {
        "LUT": 39792,
        "FF": 36515,
        "DSP": 16,
        "BRAM": 64,
        "URAM": 0,
        "SRL": 0,
        "CP": 9.685,
        "PWR": 0.579
    }
}