{
    "LATENCY": {
        "best_latency": 809566,
        "worst_latency": 809566,
        "average_latency": 809566,
        "best_time_latency": "8.096 ms",
        "worst_time_latency": "8.096 ms",
        "average_time_latency": "8.096 ms",
        "min_interval": 809567,
        "max_interval": 809567,
        "Latency": 809566
    },
    "HLS": {
        "LUT": 7728,
        "FF": 4033,
        "DSP": 6,
        "BRAM": 64,
        "URAM": 0,
        "CP": 6.823
    },
    "SYN": {
        "LUT": 3885,
        "FF": 3047,
        "DSP": 8,
        "BRAM": 64,
        "URAM": 0,
        "SRL": 13,
        "CP": 5.864
    },
    "IMPL": {
        "LUT": 3809,
        "FF": 3041,
        "DSP": 8,
        "BRAM": 64,
        "URAM": 0,
        "SRL": 11,
        "CP": 7.131,
        "PWR": 0.406
    }
}