{
    "LATENCY": {
        "best_latency": 694996,
        "worst_latency": 694996,
        "average_latency": 694996,
        "best_time_latency": "6.950 ms",
        "worst_time_latency": "6.950 ms",
        "average_time_latency": "6.950 ms",
        "min_interval": 694997,
        "max_interval": 694997,
        "Latency": 694996
    },
    "HLS": {
        "LUT": 31558,
        "FF": 17029,
        "DSP": 6,
        "BRAM": 64,
        "URAM": 0,
        "CP": 7.389
    },
    "SYN": {
        "LUT": 25187,
        "FF": 16600,
        "DSP": 6,
        "BRAM": 64,
        "URAM": 0,
        "SRL": 10,
        "CP": 5.864
    },
    "IMPL": {
        "LUT": 24986,
        "FF": 16592,
        "DSP": 6,
        "BRAM": 64,
        "URAM": 0,
        "SRL": 9,
        "CP": 9.297,
        "PWR": 0.385
    }
}