{
    "LATENCY": {
        "best_latency": 674086,
        "worst_latency": 674086,
        "average_latency": 674086,
        "best_time_latency": "6.741 ms",
        "worst_time_latency": "6.741 ms",
        "average_time_latency": "6.741 ms",
        "min_interval": 674087,
        "max_interval": 674087,
        "Latency": 674086
    },
    "HLS": {
        "LUT": 313898,
        "FF": 93767,
        "DSP": 36,
        "BRAM": 60,
        "URAM": 0,
        "CP": 7.448
    },
    "SYN": {
        "LUT": 79423,
        "FF": 86744,
        "DSP": 51,
        "BRAM": 64,
        "URAM": 0,
        "SRL": 7,
        "CP": 7.223
    },
    "IMPL": {
        "LUT": 79868,
        "FF": 86769,
        "DSP": 51,
        "BRAM": 64,
        "URAM": 0,
        "SRL": 6,
        "CP": 9.79,
        "PWR": 0.821
    }
}