{
    "LATENCY": {
        "best_latency": 355011,
        "worst_latency": 355011,
        "average_latency": 355011,
        "best_time_latency": "3.550 ms",
        "worst_time_latency": "3.550 ms",
        "average_time_latency": "3.550 ms",
        "min_interval": 355012,
        "max_interval": 355012,
        "Latency": 355011
    },
    "HLS": {
        "LUT": 150799,
        "FF": 49474,
        "DSP": 6,
        "BRAM": 64,
        "URAM": 0,
        "CP": 7.389
    },
    "SYN": {
        "LUT": 45110,
        "FF": 47902,
        "DSP": 10,
        "BRAM": 64,
        "URAM": 0,
        "SRL": 0,
        "CP": 5.864
    },
    "IMPL": {
        "LUT": 44753,
        "FF": 47889,
        "DSP": 10,
        "BRAM": 64,
        "URAM": 0,
        "SRL": 0,
        "CP": 9.54,
        "PWR": 0.826
    }
}