{
    "LATENCY": {
        "best_latency": 6637055,
        "worst_latency": 6637064,
        "average_latency": 6637060,
        "best_time_latency": "66.371 ms",
        "worst_time_latency": "66.371 ms",
        "average_time_latency": "66.371 ms",
        "min_interval": 6637056,
        "max_interval": 6637065,
        "Latency": 6637060
    },
    "HLS": {
        "LUT": 10390,
        "FF": 3520,
        "DSP": 6,
        "BRAM": 64,
        "URAM": 0,
        "CP": 6.405
    },
    "SYN": {
        "LUT": 4096,
        "FF": 3295,
        "DSP": 6,
        "BRAM": 64,
        "URAM": 0,
        "SRL": 12,
        "CP": 5.864
    },
    "IMPL": {
        "LUT": 4015,
        "FF": 3289,
        "DSP": 6,
        "BRAM": 64,
        "URAM": 0,
        "SRL": 11,
        "CP": 7.121,
        "PWR": 0.424
    }
}