{
    "LATENCY": {
        "best_latency": 8102212,
        "worst_latency": 8102212,
        "average_latency": 8102212,
        "best_time_latency": "81.022 ms",
        "worst_time_latency": "81.022 ms",
        "average_time_latency": "81.022 ms",
        "min_interval": 8102213,
        "max_interval": 8102213,
        "Latency": 8102212
    },
    "HLS": {
        "LUT": 7038,
        "FF": 2942,
        "DSP": 6,
        "BRAM": 64,
        "URAM": 0,
        "CP": 7.139
    },
    "SYN": {
        "LUT": 2994,
        "FF": 2339,
        "DSP": 9,
        "BRAM": 64,
        "URAM": 0,
        "SRL": 11,
        "CP": 5.864
    },
    "IMPL": {
        "LUT": 2934,
        "FF": 2335,
        "DSP": 9,
        "BRAM": 64,
        "URAM": 0,
        "SRL": 11,
        "CP": 7.34,
        "PWR": 0.393
    }
}