{
    "LATENCY": {
        "best_latency": 6851518,
        "worst_latency": 6851518,
        "average_latency": 6851518,
        "best_time_latency": "68.515 ms",
        "worst_time_latency": "68.515 ms",
        "average_time_latency": "68.515 ms",
        "min_interval": 6851519,
        "max_interval": 6851519,
        "Latency": 6851518
    },
    "HLS": {
        "LUT": 87426,
        "FF": 35460,
        "DSP": 6,
        "BRAM": 64,
        "URAM": 0,
        "CP": 7.38
    },
    "SYN": {
        "LUT": 30163,
        "FF": 35126,
        "DSP": 7,
        "BRAM": 64,
        "URAM": 0,
        "SRL": 12,
        "CP": 6.912
    },
    "IMPL": {
        "LUT": 29987,
        "FF": 35118,
        "DSP": 7,
        "BRAM": 64,
        "URAM": 0,
        "SRL": 11,
        "CP": 9.902,
        "PWR": 0.666
    }
}