{
    "LATENCY": {
        "best_latency": 813067,
        "worst_latency": 813087,
        "average_latency": 813078,
        "best_time_latency": "8.131 ms",
        "worst_time_latency": "8.131 ms",
        "average_time_latency": "8.131 ms",
        "min_interval": 813068,
        "max_interval": 813088,
        "Latency": 813078
    },
    "HLS": {
        "LUT": 8967,
        "FF": 4470,
        "DSP": 6,
        "BRAM": 64,
        "URAM": 0,
        "CP": 7.15
    },
    "SYN": {
        "LUT": 4242,
        "FF": 3465,
        "DSP": 8,
        "BRAM": 64,
        "URAM": 0,
        "SRL": 27,
        "CP": 5.864
    },
    "IMPL": {
        "LUT": 4140,
        "FF": 3459,
        "DSP": 8,
        "BRAM": 64,
        "URAM": 0,
        "SRL": 22,
        "CP": 7.259,
        "PWR": 0.37
    }
}