{
    "LATENCY": {
        "Latency": 1000
    },
    "HLS": {
        "LUT": 6550,
        "FF": 1208,
        "DSP": 0,
        "BRAM": 0,
        "URAM": 0,
        "CP": 6.9
    },
    "SYN": {
        "LUT": 1161,
        "FF": 1139,
        "DSP": 0,
        "BRAM": 0,
        "URAM": 0,
        "SRL": 0,
        "CP": 3.594
    },
    "IMPL": {
        "LUT": 1155,
        "FF": 1139,
        "DSP": 0,
        "BRAM": 0,
        "URAM": 0,
        "SRL": 0,
        "CP": 5.526,
        "PWR": 0.257
    }
}