{
    "LATENCY": {
        "Latency": 1000
    },
    "HLS": {
        "LUT": 8046,
        "FF": 1166,
        "DSP": 0,
        "BRAM": 0,
        "URAM": 0,
        "CP": 6.9
    },
    "SYN": {
        "LUT": 1230,
        "FF": 1091,
        "DSP": 0,
        "BRAM": 0,
        "URAM": 0,
        "SRL": 0,
        "CP": 4.21
    },
    "IMPL": {
        "LUT": 1220,
        "FF": 1091,
        "DSP": 0,
        "BRAM": 0,
        "URAM": 0,
        "SRL": 0,
        "CP": 7.614,
        "PWR": 0.255
    }
}