{
    "LATENCY": {
        "Latency": 1000
    },
    "HLS": {
        "LUT": 7134,
        "FF": 1104,
        "DSP": 0,
        "BRAM": 0,
        "URAM": 0,
        "CP": 6.9
    },
    "SYN": {
        "LUT": 1020,
        "FF": 1045,
        "DSP": 0,
        "BRAM": 0,
        "URAM": 0,
        "SRL": 0,
        "CP": 2.827
    },
    "IMPL": {
        "LUT": 1018,
        "FF": 1045,
        "DSP": 0,
        "BRAM": 0,
        "URAM": 0,
        "SRL": 0,
        "CP": 5.804,
        "PWR": 0.252
    }
}