{
    "LATENCY": {
        "Latency": 1000
    },
    "HLS": {
        "LUT": 6423,
        "FF": 1107,
        "DSP": 0,
        "BRAM": 0,
        "URAM": 0,
        "CP": 6.9
    },
    "SYN": {
        "LUT": 1172,
        "FF": 1092,
        "DSP": 0,
        "BRAM": 0,
        "URAM": 0,
        "SRL": 0,
        "CP": 3.589
    },
    "IMPL": {
        "LUT": 1167,
        "FF": 1092,
        "DSP": 0,
        "BRAM": 0,
        "URAM": 0,
        "SRL": 0,
        "CP": 5.415,
        "PWR": 0.257
    }
}