{
    "LATENCY": {
        "Latency": 1000
    },
    "HLS": {
        "LUT": 5234,
        "FF": 1056,
        "DSP": 0,
        "BRAM": 0,
        "URAM": 0,
        "CP": 5.679
    },
    "SYN": {
        "LUT": 825,
        "FF": 993,
        "DSP": 0,
        "BRAM": 0,
        "URAM": 0,
        "SRL": 0,
        "CP": 2.744
    },
    "IMPL": {
        "LUT": 823,
        "FF": 993,
        "DSP": 0,
        "BRAM": 0,
        "URAM": 0,
        "SRL": 0,
        "CP": 5.055,
        "PWR": 0.26
    }
}