{
    "LATENCY": {
        "Latency": 1000
    },
    "HLS": {
        "LUT": 9133,
        "FF": 1216,
        "DSP": 0,
        "BRAM": 0,
        "URAM": 0,
        "CP": 6.9
    },
    "SYN": {
        "LUT": 1270,
        "FF": 1074,
        "DSP": 0,
        "BRAM": 0,
        "URAM": 0,
        "SRL": 2,
        "CP": 3.588
    },
    "IMPL": {
        "LUT": 1258,
        "FF": 1074,
        "DSP": 0,
        "BRAM": 0,
        "URAM": 0,
        "SRL": 2,
        "CP": 5.447,
        "PWR": 0.256
    }
}