{
    "LATENCY": {
        "Latency": 1000
    },
    "HLS": {
        "LUT": 3876,
        "FF": 1210,
        "DSP": 0,
        "BRAM": 0,
        "URAM": 0,
        "CP": 6.9
    },
    "SYN": {
        "LUT": 1040,
        "FF": 955,
        "DSP": 0,
        "BRAM": 0,
        "URAM": 0,
        "SRL": 0,
        "CP": 3.589
    },
    "IMPL": {
        "LUT": 1034,
        "FF": 955,
        "DSP": 0,
        "BRAM": 0,
        "URAM": 0,
        "SRL": 0,
        "CP": 5.349,
        "PWR": 0.261
    }
}