{
    "LATENCY": {
        "Latency": 1000
    },
    "HLS": {
        "LUT": 6146,
        "FF": 1106,
        "DSP": 0,
        "BRAM": 0,
        "URAM": 0,
        "CP": 6.822
    },
    "SYN": {
        "LUT": 996,
        "FF": 1025,
        "DSP": 0,
        "BRAM": 0,
        "URAM": 0,
        "SRL": 0,
        "CP": 2.744
    },
    "IMPL": {
        "LUT": 985,
        "FF": 1025,
        "DSP": 0,
        "BRAM": 0,
        "URAM": 0,
        "SRL": 0,
        "CP": 4.76,
        "PWR": 0.253
    }
}