{
    "LATENCY": {
        "best_latency": 1953,
        "worst_latency": 2473,
        "average_latency": 2213,
        "best_time_latency": "19.530 us",
        "worst_time_latency": "24.730 us",
        "average_time_latency": "22.130 us",
        "min_interval": 1954,
        "max_interval": 2474,
        "Latency": 2213
    },
    "HLS": {
        "LUT": 229628,
        "FF": 26593,
        "DSP": 0,
        "BRAM": 2,
        "URAM": 0,
        "CP": 7.258
    },
    "SYN": {
        "LUT": 12645,
        "FF": 17865,
        "DSP": 0,
        "BRAM": 2,
        "URAM": 0,
        "SRL": 0,
        "CP": 4.854
    },
    "IMPL": {
        "LUT": 9640,
        "FF": 17856,
        "DSP": 0,
        "BRAM": 2,
        "URAM": 0,
        "SRL": 0,
        "CP": 8.983,
        "PWR": 0.328
    }
}