{
    "LATENCY": {
        "best_latency": 1002,
        "worst_latency": 1002,
        "average_latency": 1002,
        "best_time_latency": "10.020 us",
        "worst_time_latency": "10.020 us",
        "average_time_latency": "10.020 us",
        "min_interval": 1003,
        "max_interval": 1003,
        "Latency": 1002
    },
    "HLS": {
        "LUT": 7676,
        "FF": 2393,
        "DSP": 0,
        "BRAM": 1,
        "URAM": 0,
        "CP": 4.777
    },
    "SYN": {
        "LUT": 2608,
        "FF": 2296,
        "DSP": 0,
        "BRAM": 1,
        "URAM": 0,
        "SRL": 0,
        "CP": 3.764
    },
    "IMPL": {
        "LUT": 2568,
        "FF": 2296,
        "DSP": 0,
        "BRAM": 1,
        "URAM": 0,
        "SRL": 0,
        "CP": 5.375,
        "PWR": 0.249
    }
}