{
    "LATENCY": {
        "best_latency": 795,
        "worst_latency": 795,
        "average_latency": 795,
        "best_time_latency": "7.950 us",
        "worst_time_latency": "7.950 us",
        "average_time_latency": "7.950 us",
        "min_interval": 796,
        "max_interval": 796,
        "Latency": 795
    },
    "HLS": {
        "LUT": 326148,
        "FF": 59823,
        "DSP": 0,
        "BRAM": 9,
        "URAM": 0,
        "CP": 7.268
    },
    "SYN": {
        "LUT": 6831,
        "FF": 8425,
        "DSP": 0,
        "BRAM": 6,
        "URAM": 0,
        "SRL": 1296,
        "CP": 2.594
    },
    "IMPL": {
        "LUT": 6384,
        "FF": 8425,
        "DSP": 0,
        "BRAM": 6,
        "URAM": 0,
        "SRL": 924,
        "CP": 8.353,
        "PWR": 0.333
    }
}