{
    "LATENCY": {
        "best_latency": 2020,
        "worst_latency": 2596,
        "average_latency": 2316,
        "best_time_latency": "20.200 us",
        "worst_time_latency": "25.960 us",
        "average_time_latency": "23.160 us",
        "min_interval": 2021,
        "max_interval": 2597,
        "Latency": 2316
    },
    "HLS": {
        "LUT": 209647,
        "FF": 26827,
        "DSP": 0,
        "BRAM": 2,
        "URAM": 0,
        "CP": 7.777
    },
    "SYN": {
        "LUT": 12905,
        "FF": 18147,
        "DSP": 0,
        "BRAM": 2,
        "URAM": 0,
        "SRL": 0,
        "CP": 4.854
    },
    "IMPL": {
        "LUT": 8980,
        "FF": 18138,
        "DSP": 0,
        "BRAM": 2,
        "URAM": 0,
        "SRL": 0,
        "CP": 9.716,
        "PWR": 0.329
    }
}