{
    "LATENCY": {
        "best_latency": 795,
        "worst_latency": 795,
        "average_latency": 795,
        "best_time_latency": "7.950 us",
        "worst_time_latency": "7.950 us",
        "average_time_latency": "7.950 us",
        "min_interval": 796,
        "max_interval": 796,
        "Latency": 795
    },
    "HLS": {
        "LUT": 245880,
        "FF": 28691,
        "DSP": 0,
        "BRAM": 3,
        "URAM": 0,
        "CP": 7.189
    },
    "SYN": {
        "LUT": 13265,
        "FF": 23225,
        "DSP": 0,
        "BRAM": 2,
        "URAM": 0,
        "SRL": 0,
        "CP": 4.88
    },
    "IMPL": {
        "LUT": 13157,
        "FF": 23225,
        "DSP": 0,
        "BRAM": 2,
        "URAM": 0,
        "SRL": 0,
        "CP": 9.186,
        "PWR": 0.445
    }
}