{
    "LATENCY": {
        "best_latency": 1024,
        "worst_latency": 1024,
        "average_latency": 1024,
        "best_time_latency": "10.240 us",
        "worst_time_latency": "10.240 us",
        "average_time_latency": "10.240 us",
        "min_interval": 1025,
        "max_interval": 1025,
        "Latency": 1024
    },
    "HLS": {
        "LUT": 10097,
        "FF": 2938,
        "DSP": 0,
        "BRAM": 5,
        "URAM": 0,
        "CP": 4.334
    },
    "SYN": {
        "LUT": 2384,
        "FF": 2216,
        "DSP": 0,
        "BRAM": 4,
        "URAM": 0,
        "SRL": 0,
        "CP": 3.507
    },
    "IMPL": {
        "LUT": 2359,
        "FF": 2216,
        "DSP": 0,
        "BRAM": 4,
        "URAM": 0,
        "SRL": 0,
        "CP": 4.191,
        "PWR": 0.258
    }
}