{
    "LATENCY": {
        "best_latency": 1907,
        "worst_latency": 2194,
        "average_latency": 2054,
        "best_time_latency": "19.070 us",
        "worst_time_latency": "21.940 us",
        "average_time_latency": "20.540 us",
        "min_interval": 1908,
        "max_interval": 2195,
        "Latency": 2054
    },
    "HLS": {
        "LUT": 288085,
        "FF": 27428,
        "DSP": 0,
        "BRAM": 3,
        "URAM": 0,
        "CP": 7.189
    },
    "SYN": {
        "LUT": 100000000.0,
        "FF": 100000000.0,
        "DSP": 100000000.0,
        "BRAM": 100000000.0,
        "URAM": 100000000.0,
        "SRL": 100000000.0,
        "CP": 100000000.0
    },
    "IMPL": {
        "LUT": 100000000.0,
        "FF": 100000000.0,
        "DSP": 100000000.0,
        "BRAM": 100000000.0,
        "URAM": 100000000.0,
        "SRL": 100000000.0,
        "CP": 100000000.0,
        "PWR": 100000000.0
    }
}