{
    "LATENCY": {
        "best_latency": 2212,
        "worst_latency": 2810,
        "average_latency": 2511,
        "best_time_latency": "22.120 us",
        "worst_time_latency": "28.100 us",
        "average_time_latency": "25.110 us",
        "min_interval": 2213,
        "max_interval": 2811,
        "Latency": 2511
    },
    "HLS": {
        "LUT": 4037,
        "FF": 733,
        "DSP": 0,
        "BRAM": 1,
        "URAM": 0,
        "CP": 6.978
    },
    "SYN": {
        "LUT": 807,
        "FF": 662,
        "DSP": 0,
        "BRAM": 1,
        "URAM": 0,
        "SRL": 0,
        "CP": 2.786
    },
    "IMPL": {
        "LUT": 788,
        "FF": 662,
        "DSP": 0,
        "BRAM": 1,
        "URAM": 0,
        "SRL": 0,
        "CP": 3.236,
        "PWR": 0.255
    }
}