{
    "LATENCY": {
        "best_latency": 1927,
        "worst_latency": 2213,
        "average_latency": 2070,
        "best_time_latency": "19.270 us",
        "worst_time_latency": "22.130 us",
        "average_time_latency": "20.700 us",
        "min_interval": 1928,
        "max_interval": 2214,
        "Latency": 2070
    },
    "HLS": {
        "LUT": 635993,
        "FF": 111411,
        "DSP": 0,
        "BRAM": 7,
        "URAM": 0,
        "CP": 7.268
    },
    "SYN": {
        "LUT": 9852,
        "FF": 11301,
        "DSP": 0,
        "BRAM": 4,
        "URAM": 0,
        "SRL": 2153,
        "CP": 3.166
    },
    "IMPL": {
        "LUT": 9270,
        "FF": 11301,
        "DSP": 0,
        "BRAM": 4,
        "URAM": 0,
        "SRL": 1705,
        "CP": 8.303,
        "PWR": 0.338
    }
}