{
    "LATENCY": {
        "best_latency": 741,
        "worst_latency": 741,
        "average_latency": 741,
        "best_time_latency": "8.170 us",
        "worst_time_latency": "8.170 us",
        "average_time_latency": "8.170 us",
        "min_interval": 742,
        "max_interval": 742,
        "Latency": 741
    },
    "HLS": {
        "LUT": 429700,
        "FF": 64026,
        "DSP": 0,
        "BRAM": 9,
        "URAM": 0,
        "CP": 11.025
    },
    "SYN": {
        "LUT": 8384,
        "FF": 10266,
        "DSP": 0,
        "BRAM": 6,
        "URAM": 0,
        "SRL": 1296,
        "CP": 2.594
    },
    "IMPL": {
        "LUT": 7938,
        "FF": 10266,
        "DSP": 0,
        "BRAM": 6,
        "URAM": 0,
        "SRL": 924,
        "CP": 9.034,
        "PWR": 0.356
    }
}