{
    "LATENCY": {
        "best_latency": 711,
        "worst_latency": 737,
        "average_latency": 725,
        "best_time_latency": "7.110 us",
        "worst_time_latency": "7.370 us",
        "average_time_latency": "7.250 us",
        "min_interval": 712,
        "max_interval": 738,
        "Latency": 725
    },
    "HLS": {
        "LUT": 341592,
        "FF": 58465,
        "DSP": 0,
        "BRAM": 9,
        "URAM": 0,
        "CP": 7.293
    },
    "SYN": {
        "LUT": 7422,
        "FF": 9494,
        "DSP": 0,
        "BRAM": 6,
        "URAM": 0,
        "SRL": 1296,
        "CP": 2.594
    },
    "IMPL": {
        "LUT": 6957,
        "FF": 9494,
        "DSP": 0,
        "BRAM": 6,
        "URAM": 0,
        "SRL": 924,
        "CP": 7.488,
        "PWR": 0.313
    }
}