{
    "LATENCY": {
        "best_latency": 576,
        "worst_latency": 576,
        "average_latency": 576,
        "best_time_latency": "5.760 us",
        "worst_time_latency": "5.760 us",
        "average_time_latency": "5.760 us",
        "min_interval": 577,
        "max_interval": 577,
        "Latency": 576
    },
    "HLS": {
        "LUT": 155783,
        "FF": 22074,
        "DSP": 0,
        "BRAM": 3,
        "URAM": 0,
        "CP": 7.189
    },
    "SYN": {
        "LUT": 10248,
        "FF": 16243,
        "DSP": 0,
        "BRAM": 2,
        "URAM": 0,
        "SRL": 0,
        "CP": 4.501
    },
    "IMPL": {
        "LUT": 10197,
        "FF": 16243,
        "DSP": 0,
        "BRAM": 2,
        "URAM": 0,
        "SRL": 0,
        "CP": 7.815,
        "PWR": 0.37
    }
}