{
    "LATENCY": {
        "best_latency": 780,
        "worst_latency": 780,
        "average_latency": 780,
        "best_time_latency": "7.800 us",
        "worst_time_latency": "7.800 us",
        "average_time_latency": "7.800 us",
        "min_interval": 781,
        "max_interval": 781,
        "Latency": 780
    },
    "HLS": {
        "LUT": 341039,
        "FF": 59844,
        "DSP": 0,
        "BRAM": 9,
        "URAM": 0,
        "CP": 7.268
    },
    "SYN": {
        "LUT": 6816,
        "FF": 8440,
        "DSP": 0,
        "BRAM": 6,
        "URAM": 0,
        "SRL": 1296,
        "CP": 2.594
    },
    "IMPL": {
        "LUT": 6369,
        "FF": 8440,
        "DSP": 0,
        "BRAM": 6,
        "URAM": 0,
        "SRL": 924,
        "CP": 8.493,
        "PWR": 0.331
    }
}