{
    "LATENCY": {
        "best_latency": 661,
        "worst_latency": 661,
        "average_latency": 661,
        "best_time_latency": "7.288 us",
        "worst_time_latency": "7.288 us",
        "average_time_latency": "7.288 us",
        "min_interval": 662,
        "max_interval": 662,
        "Latency": 661
    },
    "HLS": {
        "LUT": 409125,
        "FF": 61186,
        "DSP": 0,
        "BRAM": 9,
        "URAM": 0,
        "CP": 11.025
    },
    "SYN": {
        "LUT": 7560,
        "FF": 9196,
        "DSP": 0,
        "BRAM": 6,
        "URAM": 0,
        "SRL": 1296,
        "CP": 2.594
    },
    "IMPL": {
        "LUT": 7096,
        "FF": 9196,
        "DSP": 0,
        "BRAM": 6,
        "URAM": 0,
        "SRL": 924,
        "CP": 7.824,
        "PWR": 0.336
    }
}