{
    "LATENCY": {
        "best_latency": 998,
        "worst_latency": 998,
        "average_latency": 998,
        "best_time_latency": "9.980 us",
        "worst_time_latency": "9.980 us",
        "average_time_latency": "9.980 us",
        "min_interval": 999,
        "max_interval": 999,
        "Latency": 998
    },
    "HLS": {
        "LUT": 8156,
        "FF": 2350,
        "DSP": 0,
        "BRAM": 1,
        "URAM": 0,
        "CP": 7.293
    },
    "SYN": {
        "LUT": 2548,
        "FF": 2293,
        "DSP": 0,
        "BRAM": 1,
        "URAM": 0,
        "SRL": 0,
        "CP": 3.591
    },
    "IMPL": {
        "LUT": 2503,
        "FF": 2293,
        "DSP": 0,
        "BRAM": 1,
        "URAM": 0,
        "SRL": 0,
        "CP": 5.104,
        "PWR": 0.251
    }
}