{
    "LATENCY": {
        "best_latency": 2028,
        "worst_latency": 2418,
        "average_latency": 2223,
        "best_time_latency": "20.280 us",
        "worst_time_latency": "24.180 us",
        "average_time_latency": "22.230 us",
        "min_interval": 2029,
        "max_interval": 2419,
        "Latency": 2223
    },
    "HLS": {
        "LUT": 4919,
        "FF": 1719,
        "DSP": 0,
        "BRAM": 1,
        "URAM": 0,
        "CP": 4.334
    },
    "SYN": {
        "LUT": 1204,
        "FF": 1231,
        "DSP": 0,
        "BRAM": 1,
        "URAM": 0,
        "SRL": 0,
        "CP": 3.279
    },
    "IMPL": {
        "LUT": 1188,
        "FF": 1231,
        "DSP": 0,
        "BRAM": 1,
        "URAM": 0,
        "SRL": 0,
        "CP": 4.21,
        "PWR": 0.254
    }
}