{
    "LATENCY": {
        "best_latency": 826,
        "worst_latency": 826,
        "average_latency": 826,
        "best_time_latency": "8.260 us",
        "worst_time_latency": "8.260 us",
        "average_time_latency": "8.260 us",
        "min_interval": 827,
        "max_interval": 827,
        "Latency": 826
    },
    "HLS": {
        "LUT": 326631,
        "FF": 58912,
        "DSP": 0,
        "BRAM": 9,
        "URAM": 0,
        "CP": 7.268
    },
    "SYN": {
        "LUT": 7341,
        "FF": 9187,
        "DSP": 0,
        "BRAM": 6,
        "URAM": 0,
        "SRL": 1296,
        "CP": 2.594
    },
    "IMPL": {
        "LUT": 6881,
        "FF": 9187,
        "DSP": 0,
        "BRAM": 6,
        "URAM": 0,
        "SRL": 924,
        "CP": 7.131,
        "PWR": 0.347
    }
}