{
    "LATENCY": {
        "best_latency": 745,
        "worst_latency": 745,
        "average_latency": 745,
        "best_time_latency": "8.214 us",
        "worst_time_latency": "8.214 us",
        "average_time_latency": "8.214 us",
        "min_interval": 746,
        "max_interval": 746,
        "Latency": 745
    },
    "HLS": {
        "LUT": 393872,
        "FF": 61424,
        "DSP": 0,
        "BRAM": 9,
        "URAM": 0,
        "CP": 11.025
    },
    "SYN": {
        "LUT": 7596,
        "FF": 9490,
        "DSP": 0,
        "BRAM": 6,
        "URAM": 0,
        "SRL": 1296,
        "CP": 2.594
    },
    "IMPL": {
        "LUT": 7128,
        "FF": 9490,
        "DSP": 0,
        "BRAM": 6,
        "URAM": 0,
        "SRL": 924,
        "CP": 7.585,
        "PWR": 0.355
    }
}