{
    "LATENCY": {
        "best_latency": 418465,
        "worst_latency": 418465,
        "average_latency": 418465,
        "best_time_latency": "4.185 ms",
        "worst_time_latency": "4.185 ms",
        "average_time_latency": "4.185 ms",
        "min_interval": 418466,
        "max_interval": 418466,
        "Latency": 418465
    },
    "HLS": {
        "LUT": 14957,
        "FF": 5378,
        "DSP": 0,
        "BRAM": 0,
        "URAM": 0,
        "CP": 6.978
    },
    "SYN": {
        "LUT": 4652,
        "FF": 4568,
        "DSP": 0,
        "BRAM": 0,
        "URAM": 0,
        "SRL": 0,
        "CP": 3.05
    },
    "IMPL": {
        "LUT": 4587,
        "FF": 4568,
        "DSP": 0,
        "BRAM": 0,
        "URAM": 0,
        "SRL": 0,
        "CP": 8.36,
        "PWR": 0.273
    }
}