{
    "LATENCY": {
        "best_latency": 264529,
        "worst_latency": 264529,
        "average_latency": 264529,
        "best_time_latency": "2.645 ms",
        "worst_time_latency": "2.645 ms",
        "average_time_latency": "2.645 ms",
        "min_interval": 264530,
        "max_interval": 264530,
        "Latency": 264529
    },
    "HLS": {
        "LUT": 4200,
        "FF": 1317,
        "DSP": 0,
        "BRAM": 0,
        "URAM": 0,
        "CP": 7.266
    },
    "SYN": {
        "LUT": 1406,
        "FF": 969,
        "DSP": 0,
        "BRAM": 0,
        "URAM": 0,
        "SRL": 0,
        "CP": 3.713
    },
    "IMPL": {
        "LUT": 1396,
        "FF": 969,
        "DSP": 0,
        "BRAM": 0,
        "URAM": 0,
        "SRL": 0,
        "CP": 3.858,
        "PWR": 0.26
    }
}