{
    "LATENCY": {
        "best_latency": 477449,
        "worst_latency": 477449,
        "average_latency": 477449,
        "best_time_latency": "4.774 ms",
        "worst_time_latency": "4.774 ms",
        "average_time_latency": "4.774 ms",
        "min_interval": 477450,
        "max_interval": 477450,
        "Latency": 477449
    },
    "HLS": {
        "LUT": 24697,
        "FF": 2709,
        "DSP": 0,
        "BRAM": 0,
        "URAM": 0,
        "CP": 6.978
    },
    "SYN": {
        "LUT": 3342,
        "FF": 2097,
        "DSP": 0,
        "BRAM": 0,
        "URAM": 0,
        "SRL": 0,
        "CP": 2.658
    },
    "IMPL": {
        "LUT": 3303,
        "FF": 2097,
        "DSP": 0,
        "BRAM": 0,
        "URAM": 0,
        "SRL": 0,
        "CP": 5.92,
        "PWR": 0.267
    }
}