{
    "LATENCY": {
        "best_latency": 293121,
        "worst_latency": 293121,
        "average_latency": 293121,
        "best_time_latency": "2.931 ms",
        "worst_time_latency": "2.931 ms",
        "average_time_latency": "2.931 ms",
        "min_interval": 293122,
        "max_interval": 293122,
        "Latency": 293121
    },
    "HLS": {
        "LUT": 4736,
        "FF": 935,
        "DSP": 0,
        "BRAM": 0,
        "URAM": 0,
        "CP": 7.266
    },
    "SYN": {
        "LUT": 1154,
        "FF": 767,
        "DSP": 0,
        "BRAM": 0,
        "URAM": 0,
        "SRL": 0,
        "CP": 3.042
    },
    "IMPL": {
        "LUT": 1137,
        "FF": 767,
        "DSP": 0,
        "BRAM": 0,
        "URAM": 0,
        "SRL": 0,
        "CP": 4.875,
        "PWR": 0.257
    }
}