{
    "LATENCY": {
        "best_latency": 272737,
        "worst_latency": 272737,
        "average_latency": 272737,
        "best_time_latency": "2.727 ms",
        "worst_time_latency": "2.727 ms",
        "average_time_latency": "2.727 ms",
        "min_interval": 272738,
        "max_interval": 272738,
        "Latency": 272737
    },
    "HLS": {
        "LUT": 30164,
        "FF": 4891,
        "DSP": 0,
        "BRAM": 0,
        "URAM": 0,
        "CP": 6.978
    },
    "SYN": {
        "LUT": 4613,
        "FF": 4268,
        "DSP": 0,
        "BRAM": 0,
        "URAM": 0,
        "SRL": 0,
        "CP": 2.678
    },
    "IMPL": {
        "LUT": 4578,
        "FF": 4268,
        "DSP": 0,
        "BRAM": 0,
        "URAM": 0,
        "SRL": 0,
        "CP": 6.95,
        "PWR": 0.268
    }
}