{
    "LATENCY": {
        "best_latency": 293169,
        "worst_latency": 293169,
        "average_latency": 293169,
        "best_time_latency": "2.932 ms",
        "worst_time_latency": "2.932 ms",
        "average_time_latency": "2.932 ms",
        "min_interval": 293170,
        "max_interval": 293170,
        "Latency": 293169
    },
    "HLS": {
        "LUT": 2827,
        "FF": 502,
        "DSP": 0,
        "BRAM": 0,
        "URAM": 0,
        "CP": 7.266
    },
    "SYN": {
        "LUT": 840,
        "FF": 447,
        "DSP": 0,
        "BRAM": 0,
        "URAM": 0,
        "SRL": 0,
        "CP": 2.825
    },
    "IMPL": {
        "LUT": 830,
        "FF": 447,
        "DSP": 0,
        "BRAM": 0,
        "URAM": 0,
        "SRL": 0,
        "CP": 3.973,
        "PWR": 0.25
    }
}