{
    "LATENCY": {
        "best_latency": 280801,
        "worst_latency": 280801,
        "average_latency": 280801,
        "best_time_latency": "2.808 ms",
        "worst_time_latency": "2.808 ms",
        "average_time_latency": "2.808 ms",
        "min_interval": 280802,
        "max_interval": 280802,
        "Latency": 280801
    },
    "HLS": {
        "LUT": 3642,
        "FF": 775,
        "DSP": 0,
        "BRAM": 0,
        "URAM": 0,
        "CP": 7.266
    },
    "SYN": {
        "LUT": 1113,
        "FF": 720,
        "DSP": 0,
        "BRAM": 0,
        "URAM": 0,
        "SRL": 0,
        "CP": 2.897
    },
    "IMPL": {
        "LUT": 1105,
        "FF": 720,
        "DSP": 0,
        "BRAM": 0,
        "URAM": 0,
        "SRL": 0,
        "CP": 4.351,
        "PWR": 0.257
    }
}