{
    "LATENCY": {
        "best_latency": 280881,
        "worst_latency": 280881,
        "average_latency": 280881,
        "best_time_latency": "2.809 ms",
        "worst_time_latency": "2.809 ms",
        "average_time_latency": "2.809 ms",
        "min_interval": 280882,
        "max_interval": 280882,
        "Latency": 280881
    },
    "HLS": {
        "LUT": 3263,
        "FF": 642,
        "DSP": 0,
        "BRAM": 0,
        "URAM": 0,
        "CP": 7.266
    },
    "SYN": {
        "LUT": 921,
        "FF": 598,
        "DSP": 0,
        "BRAM": 0,
        "URAM": 0,
        "SRL": 0,
        "CP": 2.789
    },
    "IMPL": {
        "LUT": 914,
        "FF": 598,
        "DSP": 0,
        "BRAM": 0,
        "URAM": 0,
        "SRL": 0,
        "CP": 4.062,
        "PWR": 0.253
    }
}