{
    "LATENCY": {
        "best_latency": 330161,
        "worst_latency": 346545,
        "average_latency": 338353,
        "best_time_latency": "3.302 ms",
        "worst_time_latency": "3.465 ms",
        "average_time_latency": "3.384 ms",
        "min_interval": 330162,
        "max_interval": 346546,
        "Latency": 338353
    },
    "HLS": {
        "LUT": 68590,
        "FF": 15630,
        "DSP": 0,
        "BRAM": 0,
        "URAM": 0,
        "CP": 6.978
    },
    "SYN": {
        "LUT": 8208,
        "FF": 12227,
        "DSP": 0,
        "BRAM": 0,
        "URAM": 0,
        "SRL": 0,
        "CP": 3.023
    },
    "IMPL": {
        "LUT": 8166,
        "FF": 12227,
        "DSP": 0,
        "BRAM": 0,
        "URAM": 0,
        "SRL": 0,
        "CP": 7.836,
        "PWR": 0.295
    }
}