{
    "LATENCY": {
        "best_latency": 237841,
        "worst_latency": 237841,
        "average_latency": 237841,
        "best_time_latency": "2.378 ms",
        "worst_time_latency": "2.378 ms",
        "average_time_latency": "2.378 ms",
        "min_interval": 237842,
        "max_interval": 237842,
        "Latency": 237841
    },
    "HLS": {
        "LUT": 4787,
        "FF": 1364,
        "DSP": 0,
        "BRAM": 0,
        "URAM": 0,
        "CP": 7.266
    },
    "SYN": {
        "LUT": 1632,
        "FF": 993,
        "DSP": 0,
        "BRAM": 0,
        "URAM": 0,
        "SRL": 0,
        "CP": 2.422
    },
    "IMPL": {
        "LUT": 1617,
        "FF": 993,
        "DSP": 0,
        "BRAM": 0,
        "URAM": 0,
        "SRL": 0,
        "CP": 3.921,
        "PWR": 0.263
    }
}