{
    "LATENCY": {
        "best_latency": 278737,
        "worst_latency": 278753,
        "average_latency": 278753,
        "best_time_latency": "2.787 ms",
        "worst_time_latency": "2.788 ms",
        "average_time_latency": "2.788 ms",
        "min_interval": 278738,
        "max_interval": 278754,
        "Latency": 278753
    },
    "HLS": {
        "LUT": 13309,
        "FF": 3619,
        "DSP": 0,
        "BRAM": 0,
        "URAM": 0,
        "CP": 7.266
    },
    "SYN": {
        "LUT": 3910,
        "FF": 3313,
        "DSP": 0,
        "BRAM": 0,
        "URAM": 0,
        "SRL": 0,
        "CP": 2.902
    },
    "IMPL": {
        "LUT": 3883,
        "FF": 3313,
        "DSP": 0,
        "BRAM": 0,
        "URAM": 0,
        "SRL": 0,
        "CP": 4.498,
        "PWR": 0.258
    }
}