{
    "LATENCY": {
        "best_latency": 293089,
        "worst_latency": 293089,
        "average_latency": 293089,
        "best_time_latency": "2.931 ms",
        "worst_time_latency": "2.931 ms",
        "average_time_latency": "2.931 ms",
        "min_interval": 293090,
        "max_interval": 293090,
        "Latency": 293089
    },
    "HLS": {
        "LUT": 2981,
        "FF": 595,
        "DSP": 0,
        "BRAM": 0,
        "URAM": 0,
        "CP": 7.266
    },
    "SYN": {
        "LUT": 959,
        "FF": 530,
        "DSP": 0,
        "BRAM": 0,
        "URAM": 0,
        "SRL": 0,
        "CP": 2.703
    },
    "IMPL": {
        "LUT": 948,
        "FF": 530,
        "DSP": 0,
        "BRAM": 0,
        "URAM": 0,
        "SRL": 0,
        "CP": 4.008,
        "PWR": 0.253
    }
}