{
    "LATENCY": {
        "best_latency": 237841,
        "worst_latency": 237841,
        "average_latency": 237841,
        "best_time_latency": "2.378 ms",
        "worst_time_latency": "2.378 ms",
        "average_time_latency": "2.378 ms",
        "min_interval": 237842,
        "max_interval": 237842,
        "Latency": 237841
    },
    "HLS": {
        "LUT": 4630,
        "FF": 1324,
        "DSP": 0,
        "BRAM": 0,
        "URAM": 0,
        "CP": 7.266
    },
    "SYN": {
        "LUT": 1553,
        "FF": 960,
        "DSP": 0,
        "BRAM": 0,
        "URAM": 0,
        "SRL": 0,
        "CP": 2.082
    },
    "IMPL": {
        "LUT": 1537,
        "FF": 960,
        "DSP": 0,
        "BRAM": 0,
        "URAM": 0,
        "SRL": 0,
        "CP": 3.331,
        "PWR": 0.262
    }
}