{
    "LATENCY": {
        "best_latency": 180993,
        "worst_latency": 180993,
        "average_latency": 180993,
        "best_time_latency": "1.810 ms",
        "worst_time_latency": "1.810 ms",
        "average_time_latency": "1.810 ms",
        "min_interval": 180994,
        "max_interval": 180994,
        "Latency": 180993
    },
    "HLS": {
        "LUT": 22572,
        "FF": 8226,
        "DSP": 68,
        "BRAM": 0,
        "URAM": 0,
        "CP": 7.148
    },
    "SYN": {
        "LUT": 23123,
        "FF": 11378,
        "DSP": 68,
        "BRAM": 0,
        "URAM": 0,
        "SRL": 132,
        "CP": 7.223
    },
    "IMPL": {
        "LUT": 22586,
        "FF": 11314,
        "DSP": 68,
        "BRAM": 0,
        "URAM": 0,
        "SRL": 129,
        "CP": 8.852,
        "PWR": 1.036
    }
}