{
    "LATENCY": {
        "best_latency": 2458,
        "worst_latency": 2458,
        "average_latency": 2458,
        "best_time_latency": "24.580 us",
        "worst_time_latency": "24.580 us",
        "average_time_latency": "24.580 us",
        "min_interval": 2459,
        "max_interval": 2459,
        "Latency": 2458
    },
    "HLS": {
        "LUT": 26900,
        "FF": 43826,
        "DSP": 247,
        "BRAM": 0,
        "URAM": 0,
        "CP": 7.697
    },
    "SYN": {
        "LUT": 39993,
        "FF": 47170,
        "DSP": 247,
        "BRAM": 0,
        "URAM": 0,
        "SRL": 5140,
        "CP": 7.223
    },
    "IMPL": {
        "LUT": 36975,
        "FF": 47075,
        "DSP": 247,
        "BRAM": 0,
        "URAM": 0,
        "SRL": 2636,
        "CP": 9.071,
        "PWR": 1.486
    }
}