{
    "LATENCY": {
        "best_latency": 179201,
        "worst_latency": 179201,
        "average_latency": 179201,
        "best_time_latency": "1.792 ms",
        "worst_time_latency": "1.792 ms",
        "average_time_latency": "1.792 ms",
        "min_interval": 179202,
        "max_interval": 179202,
        "Latency": 179201
    },
    "HLS": {
        "LUT": 21193,
        "FF": 6825,
        "DSP": 40,
        "BRAM": 0,
        "URAM": 0,
        "CP": 7.148
    },
    "SYN": {
        "LUT": 17094,
        "FF": 8097,
        "DSP": 40,
        "BRAM": 0,
        "URAM": 0,
        "SRL": 66,
        "CP": 7.223
    },
    "IMPL": {
        "LUT": 16689,
        "FF": 8055,
        "DSP": 40,
        "BRAM": 0,
        "URAM": 0,
        "SRL": 64,
        "CP": 9.324,
        "PWR": 0.817
    }
}