{
    "LATENCY": {
        "best_latency": 38529,
        "worst_latency": 38529,
        "average_latency": 38529,
        "best_time_latency": "0.385 ms",
        "worst_time_latency": "0.385 ms",
        "average_time_latency": "0.385 ms",
        "min_interval": 38530,
        "max_interval": 38530,
        "Latency": 38529
    },
    "HLS": {
        "LUT": 10382,
        "FF": 7474,
        "DSP": 27,
        "BRAM": 0,
        "URAM": 0,
        "CP": 7.148
    },
    "SYN": {
        "LUT": 14245,
        "FF": 9283,
        "DSP": 27,
        "BRAM": 0,
        "URAM": 0,
        "SRL": 580,
        "CP": 7.223
    },
    "IMPL": {
        "LUT": 13677,
        "FF": 9259,
        "DSP": 27,
        "BRAM": 0,
        "URAM": 0,
        "SRL": 323,
        "CP": 8.577,
        "PWR": 0.577
    }
}