{
    "LATENCY": {
        "best_latency": 2457,
        "worst_latency": 2457,
        "average_latency": 2457,
        "best_time_latency": "24.570 us",
        "worst_time_latency": "24.570 us",
        "average_time_latency": "24.570 us",
        "min_interval": 2458,
        "max_interval": 2458,
        "Latency": 2457
    },
    "HLS": {
        "LUT": 63586,
        "FF": 47415,
        "DSP": 197,
        "BRAM": 0,
        "URAM": 0,
        "CP": 7.697
    },
    "SYN": {
        "LUT": 57681,
        "FF": 49433,
        "DSP": 197,
        "BRAM": 0,
        "URAM": 0,
        "SRL": 5282,
        "CP": 7.223
    },
    "IMPL": {
        "LUT": 51666,
        "FF": 49280,
        "DSP": 197,
        "BRAM": 0,
        "URAM": 0,
        "SRL": 2708,
        "CP": 9.921,
        "PWR": 1.744
    }
}