{
    "LATENCY": {
        "best_latency": 2457,
        "worst_latency": 2457,
        "average_latency": 2457,
        "best_time_latency": "24.570 us",
        "worst_time_latency": "24.570 us",
        "average_time_latency": "24.570 us",
        "min_interval": 2458,
        "max_interval": 2458,
        "Latency": 2457
    },
    "HLS": {
        "LUT": 66903,
        "FF": 49614,
        "DSP": 107,
        "BRAM": 0,
        "URAM": 0,
        "CP": 7.148
    },
    "SYN": {
        "LUT": 80294,
        "FF": 52237,
        "DSP": 107,
        "BRAM": 0,
        "URAM": 0,
        "SRL": 5079,
        "CP": 7.223
    },
    "IMPL": {
        "LUT": 75949,
        "FF": 52247,
        "DSP": 107,
        "BRAM": 0,
        "URAM": 0,
        "SRL": 2608,
        "CP": 9.76,
        "PWR": 1.42
    }
}