{
    "LATENCY": {
        "best_latency": 2466,
        "worst_latency": 2466,
        "average_latency": 2466,
        "best_time_latency": "24.660 us",
        "worst_time_latency": "24.660 us",
        "average_time_latency": "24.660 us",
        "min_interval": 2467,
        "max_interval": 2467,
        "Latency": 2466
    },
    "HLS": {
        "LUT": 79806,
        "FF": 47778,
        "DSP": 130,
        "BRAM": 0,
        "URAM": 0,
        "CP": 7.697
    },
    "SYN": {
        "LUT": 75191,
        "FF": 51061,
        "DSP": 130,
        "BRAM": 0,
        "URAM": 0,
        "SRL": 5025,
        "CP": 7.223
    },
    "IMPL": {
        "LUT": 71069,
        "FF": 51084,
        "DSP": 130,
        "BRAM": 0,
        "URAM": 0,
        "SRL": 2584,
        "CP": 9.721,
        "PWR": 2.319
    }
}