{
    "LATENCY": {
        "best_latency": 2454,
        "worst_latency": 2454,
        "average_latency": 2454,
        "best_time_latency": "24.540 us",
        "worst_time_latency": "24.540 us",
        "average_time_latency": "24.540 us",
        "min_interval": 2455,
        "max_interval": 2455,
        "Latency": 2454
    },
    "HLS": {
        "LUT": 82779,
        "FF": 48884,
        "DSP": 87,
        "BRAM": 0,
        "URAM": 0,
        "CP": 7.697
    },
    "SYN": {
        "LUT": 84077,
        "FF": 51356,
        "DSP": 87,
        "BRAM": 0,
        "URAM": 0,
        "SRL": 5335,
        "CP": 7.223
    },
    "IMPL": {
        "LUT": 79495,
        "FF": 51309,
        "DSP": 87,
        "BRAM": 0,
        "URAM": 0,
        "SRL": 2735,
        "CP": 9.777,
        "PWR": 3.191
    }
}