{
    "LATENCY": {
        "best_latency": 2469,
        "worst_latency": 2469,
        "average_latency": 2469,
        "best_time_latency": "24.690 us",
        "worst_time_latency": "24.690 us",
        "average_time_latency": "24.690 us",
        "min_interval": 2470,
        "max_interval": 2470,
        "Latency": 2469
    },
    "HLS": {
        "LUT": 93102,
        "FF": 47488,
        "DSP": 90,
        "BRAM": 0,
        "URAM": 0,
        "CP": 7.697
    },
    "SYN": {
        "LUT": 83811,
        "FF": 50617,
        "DSP": 90,
        "BRAM": 0,
        "URAM": 0,
        "SRL": 5333,
        "CP": 7.223
    },
    "IMPL": {
        "LUT": 79252,
        "FF": 50592,
        "DSP": 90,
        "BRAM": 0,
        "URAM": 0,
        "SRL": 2736,
        "CP": 9.641,
        "PWR": 0.892
    }
}