{
    "LATENCY": {
        "best_latency": 2321,
        "worst_latency": 2321,
        "average_latency": 2321,
        "best_time_latency": "23.210 us",
        "worst_time_latency": "23.210 us",
        "average_time_latency": "23.210 us",
        "min_interval": 2322,
        "max_interval": 2322,
        "Latency": 2321
    },
    "HLS": {
        "LUT": 40046,
        "FF": 61694,
        "DSP": 230,
        "BRAM": 0,
        "URAM": 0,
        "CP": 7.654
    },
    "SYN": {
        "LUT": 67525,
        "FF": 63826,
        "DSP": 230,
        "BRAM": 0,
        "URAM": 0,
        "SRL": 7578,
        "CP": 7.223
    },
    "IMPL": {
        "LUT": 62682,
        "FF": 63774,
        "DSP": 230,
        "BRAM": 0,
        "URAM": 0,
        "SRL": 3855,
        "CP": 9.422,
        "PWR": 1.303
    }
}