{
    "LATENCY": {
        "best_latency": 180865,
        "worst_latency": 180865,
        "average_latency": 180865,
        "best_time_latency": "1.809 ms",
        "worst_time_latency": "1.809 ms",
        "average_time_latency": "1.809 ms",
        "min_interval": 180866,
        "max_interval": 180866,
        "Latency": 180865
    },
    "HLS": {
        "LUT": 20587,
        "FF": 8381,
        "DSP": 48,
        "BRAM": 0,
        "URAM": 0,
        "CP": 7.148
    },
    "SYN": {
        "LUT": 23663,
        "FF": 11706,
        "DSP": 48,
        "BRAM": 0,
        "URAM": 0,
        "SRL": 132,
        "CP": 7.223
    },
    "IMPL": {
        "LUT": 23135,
        "FF": 11662,
        "DSP": 48,
        "BRAM": 0,
        "URAM": 0,
        "SRL": 129,
        "CP": 8.996,
        "PWR": 0.903
    }
}