{
    "LATENCY": {
        "best_latency": 2457,
        "worst_latency": 2457,
        "average_latency": 2457,
        "best_time_latency": "24.570 us",
        "worst_time_latency": "24.570 us",
        "average_time_latency": "24.570 us",
        "min_interval": 2458,
        "max_interval": 2458,
        "Latency": 2457
    },
    "HLS": {
        "LUT": 49255,
        "FF": 46812,
        "DSP": 197,
        "BRAM": 0,
        "URAM": 0,
        "CP": 7.697
    },
    "SYN": {
        "LUT": 57180,
        "FF": 49500,
        "DSP": 197,
        "BRAM": 0,
        "URAM": 0,
        "SRL": 5269,
        "CP": 7.223
    },
    "IMPL": {
        "LUT": 51178,
        "FF": 49327,
        "DSP": 197,
        "BRAM": 0,
        "URAM": 0,
        "SRL": 2700,
        "CP": 9.684,
        "PWR": 0.892
    }
}