{
    "LATENCY": {
        "best_latency": 461057,
        "worst_latency": 461057,
        "average_latency": 461057,
        "best_time_latency": "4.611 ms",
        "worst_time_latency": "4.611 ms",
        "average_time_latency": "4.611 ms",
        "min_interval": 461058,
        "max_interval": 461058,
        "Latency": 461057
    },
    "HLS": {
        "LUT": 9485,
        "FF": 1274,
        "DSP": 0,
        "BRAM": 0,
        "URAM": 0,
        "CP": 6.978
    },
    "SYN": {
        "LUT": 1380,
        "FF": 1222,
        "DSP": 0,
        "BRAM": 0,
        "URAM": 0,
        "SRL": 0,
        "CP": 2.968
    },
    "IMPL": {
        "LUT": 1365,
        "FF": 1222,
        "DSP": 0,
        "BRAM": 0,
        "URAM": 0,
        "SRL": 0,
        "CP": 4.16,
        "PWR": 0.255
    }
}