{
    "LATENCY": {
        "best_latency": 351569,
        "worst_latency": 351569,
        "average_latency": 351569,
        "best_time_latency": "3.516 ms",
        "worst_time_latency": "3.516 ms",
        "average_time_latency": "3.516 ms",
        "min_interval": 351570,
        "max_interval": 351570,
        "Latency": 351569
    },
    "HLS": {
        "LUT": 6213,
        "FF": 1782,
        "DSP": 0,
        "BRAM": 0,
        "URAM": 0,
        "CP": 6.916
    },
    "SYN": {
        "LUT": 1394,
        "FF": 1528,
        "DSP": 0,
        "BRAM": 0,
        "URAM": 0,
        "SRL": 0,
        "CP": 2.907
    },
    "IMPL": {
        "LUT": 1370,
        "FF": 1528,
        "DSP": 0,
        "BRAM": 0,
        "URAM": 0,
        "SRL": 0,
        "CP": 3.809,
        "PWR": 0.256
    }
}