{
    "LATENCY": {
        "best_latency": 458977,
        "worst_latency": 458977,
        "average_latency": 458977,
        "best_time_latency": "4.590 ms",
        "worst_time_latency": "4.590 ms",
        "average_time_latency": "4.590 ms",
        "min_interval": 458978,
        "max_interval": 458978,
        "Latency": 458977
    },
    "HLS": {
        "LUT": 13333,
        "FF": 1493,
        "DSP": 0,
        "BRAM": 0,
        "URAM": 0,
        "CP": 6.978
    },
    "SYN": {
        "LUT": 1679,
        "FF": 1338,
        "DSP": 0,
        "BRAM": 0,
        "URAM": 0,
        "SRL": 0,
        "CP": 3.002
    },
    "IMPL": {
        "LUT": 1655,
        "FF": 1338,
        "DSP": 0,
        "BRAM": 0,
        "URAM": 0,
        "SRL": 0,
        "CP": 4.313,
        "PWR": 0.258
    }
}