{
    "LATENCY": {
        "best_latency": 411921,
        "worst_latency": 411921,
        "average_latency": 411921,
        "best_time_latency": "4.119 ms",
        "worst_time_latency": "4.119 ms",
        "average_time_latency": "4.119 ms",
        "min_interval": 411922,
        "max_interval": 411922,
        "Latency": 411921
    },
    "HLS": {
        "LUT": 11136,
        "FF": 2043,
        "DSP": 0,
        "BRAM": 0,
        "URAM": 0,
        "CP": 6.89
    },
    "SYN": {
        "LUT": 1698,
        "FF": 1654,
        "DSP": 0,
        "BRAM": 0,
        "URAM": 0,
        "SRL": 0,
        "CP": 2.754
    },
    "IMPL": {
        "LUT": 1666,
        "FF": 1654,
        "DSP": 0,
        "BRAM": 0,
        "URAM": 0,
        "SRL": 0,
        "CP": 3.411,
        "PWR": 0.259
    }
}