{
    "LATENCY": {
        "best_latency": 440561,
        "worst_latency": 440561,
        "average_latency": 440561,
        "best_time_latency": "4.406 ms",
        "worst_time_latency": "4.406 ms",
        "average_time_latency": "4.406 ms",
        "min_interval": 440562,
        "max_interval": 440562,
        "Latency": 440561
    },
    "HLS": {
        "LUT": 9274,
        "FF": 1374,
        "DSP": 0,
        "BRAM": 0,
        "URAM": 0,
        "CP": 7.266
    },
    "SYN": {
        "LUT": 1564,
        "FF": 1118,
        "DSP": 0,
        "BRAM": 0,
        "URAM": 0,
        "SRL": 0,
        "CP": 2.684
    },
    "IMPL": {
        "LUT": 1515,
        "FF": 1118,
        "DSP": 0,
        "BRAM": 0,
        "URAM": 0,
        "SRL": 0,
        "CP": 3.313,
        "PWR": 0.257
    }
}