{
    "LATENCY": {
        "best_latency": 436465,
        "worst_latency": 436465,
        "average_latency": 436465,
        "best_time_latency": "4.365 ms",
        "worst_time_latency": "4.365 ms",
        "average_time_latency": "4.365 ms",
        "min_interval": 436466,
        "max_interval": 436466,
        "Latency": 436465
    },
    "HLS": {
        "LUT": 10589,
        "FF": 1561,
        "DSP": 0,
        "BRAM": 0,
        "URAM": 0,
        "CP": 7.266
    },
    "SYN": {
        "LUT": 1757,
        "FF": 1245,
        "DSP": 0,
        "BRAM": 0,
        "URAM": 0,
        "SRL": 0,
        "CP": 2.684
    },
    "IMPL": {
        "LUT": 1704,
        "FF": 1245,
        "DSP": 0,
        "BRAM": 0,
        "URAM": 0,
        "SRL": 0,
        "CP": 3.261,
        "PWR": 0.258
    }
}