{
    "LATENCY": {
        "best_latency": 372065,
        "worst_latency": 372065,
        "average_latency": 372065,
        "best_time_latency": "3.721 ms",
        "worst_time_latency": "3.721 ms",
        "average_time_latency": "3.721 ms",
        "min_interval": 372066,
        "max_interval": 372066,
        "Latency": 372065
    },
    "HLS": {
        "LUT": 7424,
        "FF": 1711,
        "DSP": 0,
        "BRAM": 0,
        "URAM": 0,
        "CP": 6.89
    },
    "SYN": {
        "LUT": 1487,
        "FF": 1593,
        "DSP": 0,
        "BRAM": 0,
        "URAM": 0,
        "SRL": 0,
        "CP": 2.681
    },
    "IMPL": {
        "LUT": 1465,
        "FF": 1593,
        "DSP": 0,
        "BRAM": 0,
        "URAM": 0,
        "SRL": 0,
        "CP": 4.02,
        "PWR": 0.257
    }
}