{
    "LATENCY": {
        "best_latency": 375073,
        "worst_latency": 375073,
        "average_latency": 375073,
        "best_time_latency": "3.751 ms",
        "worst_time_latency": "3.751 ms",
        "average_time_latency": "3.751 ms",
        "min_interval": 375074,
        "max_interval": 375074,
        "Latency": 375073
    },
    "HLS": {
        "LUT": 7251,
        "FF": 1331,
        "DSP": 0,
        "BRAM": 0,
        "URAM": 0,
        "CP": 6.89
    },
    "SYN": {
        "LUT": 1301,
        "FF": 1148,
        "DSP": 0,
        "BRAM": 0,
        "URAM": 0,
        "SRL": 0,
        "CP": 3.007
    },
    "IMPL": {
        "LUT": 1287,
        "FF": 1148,
        "DSP": 0,
        "BRAM": 0,
        "URAM": 0,
        "SRL": 0,
        "CP": 3.622,
        "PWR": 0.254
    }
}