{
    "LATENCY": {
        "best_latency": 318817,
        "worst_latency": 318817,
        "average_latency": 318817,
        "best_time_latency": "3.188 ms",
        "worst_time_latency": "3.188 ms",
        "average_time_latency": "3.188 ms",
        "min_interval": 318818,
        "max_interval": 318818,
        "Latency": 318817
    },
    "HLS": {
        "LUT": 11321,
        "FF": 2870,
        "DSP": 0,
        "BRAM": 0,
        "URAM": 0,
        "CP": 6.916
    },
    "SYN": {
        "LUT": 2022,
        "FF": 2168,
        "DSP": 0,
        "BRAM": 0,
        "URAM": 0,
        "SRL": 0,
        "CP": 2.681
    },
    "IMPL": {
        "LUT": 1981,
        "FF": 2168,
        "DSP": 0,
        "BRAM": 0,
        "URAM": 0,
        "SRL": 0,
        "CP": 3.294,
        "PWR": 0.258
    }
}