{
    "LATENCY": {
        "best_latency": 428337,
        "worst_latency": 428337,
        "average_latency": 428337,
        "best_time_latency": "4.283 ms",
        "worst_time_latency": "4.283 ms",
        "average_time_latency": "4.283 ms",
        "min_interval": 428338,
        "max_interval": 428338,
        "Latency": 428337
    },
    "HLS": {
        "LUT": 14873,
        "FF": 2045,
        "DSP": 0,
        "BRAM": 0,
        "URAM": 0,
        "CP": 6.978
    },
    "SYN": {
        "LUT": 2030,
        "FF": 1806,
        "DSP": 0,
        "BRAM": 0,
        "URAM": 0,
        "SRL": 0,
        "CP": 3.015
    },
    "IMPL": {
        "LUT": 2002,
        "FF": 1806,
        "DSP": 0,
        "BRAM": 0,
        "URAM": 0,
        "SRL": 0,
        "CP": 4.575,
        "PWR": 0.259
    }
}