{
    "LATENCY": {
        "best_latency": 330017,
        "worst_latency": 330017,
        "average_latency": 330017,
        "best_time_latency": "3.300 ms",
        "worst_time_latency": "3.300 ms",
        "average_time_latency": "3.300 ms",
        "min_interval": 330018,
        "max_interval": 330018,
        "Latency": 330017
    },
    "HLS": {
        "LUT": 11086,
        "FF": 2348,
        "DSP": 0,
        "BRAM": 0,
        "URAM": 0,
        "CP": 7.266
    },
    "SYN": {
        "LUT": 2437,
        "FF": 1880,
        "DSP": 0,
        "BRAM": 0,
        "URAM": 0,
        "SRL": 0,
        "CP": 2.907
    },
    "IMPL": {
        "LUT": 2408,
        "FF": 1880,
        "DSP": 0,
        "BRAM": 0,
        "URAM": 0,
        "SRL": 0,
        "CP": 4.849,
        "PWR": 0.262
    }
}