{
    "LATENCY": {
        "best_latency": 391457,
        "worst_latency": 391457,
        "average_latency": 391457,
        "best_time_latency": "3.915 ms",
        "worst_time_latency": "3.915 ms",
        "average_time_latency": "3.915 ms",
        "min_interval": 391458,
        "max_interval": 391458,
        "Latency": 391457
    },
    "HLS": {
        "LUT": 13245,
        "FF": 2161,
        "DSP": 0,
        "BRAM": 0,
        "URAM": 0,
        "CP": 7.266
    },
    "SYN": {
        "LUT": 2393,
        "FF": 1750,
        "DSP": 0,
        "BRAM": 0,
        "URAM": 0,
        "SRL": 0,
        "CP": 2.784
    },
    "IMPL": {
        "LUT": 2311,
        "FF": 1750,
        "DSP": 0,
        "BRAM": 0,
        "URAM": 0,
        "SRL": 0,
        "CP": 4.075,
        "PWR": 0.257
    }
}