{
    "LATENCY": {
        "best_latency": 461025,
        "worst_latency": 461025,
        "average_latency": 461025,
        "best_time_latency": "4.610 ms",
        "worst_time_latency": "4.610 ms",
        "average_time_latency": "4.610 ms",
        "min_interval": 461026,
        "max_interval": 461026,
        "Latency": 461025
    },
    "HLS": {
        "LUT": 11074,
        "FF": 1635,
        "DSP": 0,
        "BRAM": 0,
        "URAM": 0,
        "CP": 6.978
    },
    "SYN": {
        "LUT": 1599,
        "FF": 1436,
        "DSP": 0,
        "BRAM": 0,
        "URAM": 0,
        "SRL": 0,
        "CP": 3.015
    },
    "IMPL": {
        "LUT": 1575,
        "FF": 1436,
        "DSP": 0,
        "BRAM": 0,
        "URAM": 0,
        "SRL": 0,
        "CP": 4.203,
        "PWR": 0.256
    }
}