{
    "LATENCY": {
        "best_latency": 375025,
        "worst_latency": 375025,
        "average_latency": 375025,
        "best_time_latency": "3.750 ms",
        "worst_time_latency": "3.750 ms",
        "average_time_latency": "3.750 ms",
        "min_interval": 375026,
        "max_interval": 375026,
        "Latency": 375025
    },
    "HLS": {
        "LUT": 6762,
        "FF": 972,
        "DSP": 0,
        "BRAM": 0,
        "URAM": 0,
        "CP": 7.266
    },
    "SYN": {
        "LUT": 1186,
        "FF": 817,
        "DSP": 0,
        "BRAM": 0,
        "URAM": 0,
        "SRL": 0,
        "CP": 3.007
    },
    "IMPL": {
        "LUT": 1174,
        "FF": 817,
        "DSP": 0,
        "BRAM": 0,
        "URAM": 0,
        "SRL": 0,
        "CP": 3.941,
        "PWR": 0.257
    }
}