{
    "LATENCY": {
        "best_latency": 388385,
        "worst_latency": 388385,
        "average_latency": 388385,
        "best_time_latency": "3.884 ms",
        "worst_time_latency": "3.884 ms",
        "average_time_latency": "3.884 ms",
        "min_interval": 388386,
        "max_interval": 388386,
        "Latency": 388385
    },
    "HLS": {
        "LUT": 8328,
        "FF": 2023,
        "DSP": 0,
        "BRAM": 0,
        "URAM": 0,
        "CP": 6.89
    },
    "SYN": {
        "LUT": 1620,
        "FF": 1661,
        "DSP": 0,
        "BRAM": 0,
        "URAM": 0,
        "SRL": 0,
        "CP": 3.012
    },
    "IMPL": {
        "LUT": 1592,
        "FF": 1661,
        "DSP": 0,
        "BRAM": 0,
        "URAM": 0,
        "SRL": 0,
        "CP": 3.765,
        "PWR": 0.258
    }
}