{
    "LATENCY": {
        "best_latency": 302433,
        "worst_latency": 302433,
        "average_latency": 302433,
        "best_time_latency": "3.024 ms",
        "worst_time_latency": "3.024 ms",
        "average_time_latency": "3.024 ms",
        "min_interval": 302434,
        "max_interval": 302434,
        "Latency": 302433
    },
    "HLS": {
        "LUT": 7596,
        "FF": 2096,
        "DSP": 0,
        "BRAM": 0,
        "URAM": 0,
        "CP": 6.916
    },
    "SYN": {
        "LUT": 1765,
        "FF": 1809,
        "DSP": 0,
        "BRAM": 0,
        "URAM": 0,
        "SRL": 0,
        "CP": 2.681
    },
    "IMPL": {
        "LUT": 1741,
        "FF": 1809,
        "DSP": 0,
        "BRAM": 0,
        "URAM": 0,
        "SRL": 0,
        "CP": 4.323,
        "PWR": 0.26
    }
}