{
    "LATENCY": {
        "best_latency": 417057,
        "worst_latency": 417057,
        "average_latency": 417057,
        "best_time_latency": "4.171 ms",
        "worst_time_latency": "4.171 ms",
        "average_time_latency": "4.171 ms",
        "min_interval": 417058,
        "max_interval": 417058,
        "Latency": 417057
    },
    "HLS": {
        "LUT": 8147,
        "FF": 1941,
        "DSP": 0,
        "BRAM": 0,
        "URAM": 0,
        "CP": 6.89
    },
    "SYN": {
        "LUT": 1499,
        "FF": 1626,
        "DSP": 0,
        "BRAM": 0,
        "URAM": 0,
        "SRL": 0,
        "CP": 3.012
    },
    "IMPL": {
        "LUT": 1472,
        "FF": 1626,
        "DSP": 0,
        "BRAM": 0,
        "URAM": 0,
        "SRL": 0,
        "CP": 3.534,
        "PWR": 0.257
    }
}