{
    "LATENCY": {
        "best_latency": 313569,
        "worst_latency": 313569,
        "average_latency": 313569,
        "best_time_latency": "3.136 ms",
        "worst_time_latency": "3.136 ms",
        "average_time_latency": "3.136 ms",
        "min_interval": 313570,
        "max_interval": 313570,
        "Latency": 313569
    },
    "HLS": {
        "LUT": 13149,
        "FF": 2876,
        "DSP": 0,
        "BRAM": 0,
        "URAM": 0,
        "CP": 7.266
    },
    "SYN": {
        "LUT": 2698,
        "FF": 2203,
        "DSP": 0,
        "BRAM": 0,
        "URAM": 0,
        "SRL": 0,
        "CP": 2.754
    },
    "IMPL": {
        "LUT": 2658,
        "FF": 2203,
        "DSP": 0,
        "BRAM": 0,
        "URAM": 0,
        "SRL": 0,
        "CP": 4.224,
        "PWR": 0.265
    }
}