{
    "LATENCY": {
        "best_latency": 309553,
        "worst_latency": 309553,
        "average_latency": 309553,
        "best_time_latency": "3.096 ms",
        "worst_time_latency": "3.096 ms",
        "average_time_latency": "3.096 ms",
        "min_interval": 309554,
        "max_interval": 309554,
        "Latency": 309553
    },
    "HLS": {
        "LUT": 7503,
        "FF": 1693,
        "DSP": 0,
        "BRAM": 0,
        "URAM": 0,
        "CP": 6.916
    },
    "SYN": {
        "LUT": 1514,
        "FF": 1365,
        "DSP": 0,
        "BRAM": 0,
        "URAM": 0,
        "SRL": 0,
        "CP": 3.013
    },
    "IMPL": {
        "LUT": 1493,
        "FF": 1365,
        "DSP": 0,
        "BRAM": 0,
        "URAM": 0,
        "SRL": 0,
        "CP": 3.611,
        "PWR": 0.257
    }
}