{
    "LATENCY": {
        "best_latency": 331041,
        "worst_latency": 331041,
        "average_latency": 331041,
        "best_time_latency": "3.310 ms",
        "worst_time_latency": "3.310 ms",
        "average_time_latency": "3.310 ms",
        "min_interval": 331042,
        "max_interval": 331042,
        "Latency": 331041
    },
    "HLS": {
        "LUT": 7663,
        "FF": 1831,
        "DSP": 0,
        "BRAM": 0,
        "URAM": 0,
        "CP": 6.916
    },
    "SYN": {
        "LUT": 1625,
        "FF": 1469,
        "DSP": 0,
        "BRAM": 0,
        "URAM": 0,
        "SRL": 0,
        "CP": 3.013
    },
    "IMPL": {
        "LUT": 1601,
        "FF": 1469,
        "DSP": 0,
        "BRAM": 0,
        "URAM": 0,
        "SRL": 0,
        "CP": 3.923,
        "PWR": 0.258
    }
}