{
    "LATENCY": {
        "best_latency": 384353,
        "worst_latency": 384353,
        "average_latency": 384353,
        "best_time_latency": "3.844 ms",
        "worst_time_latency": "3.844 ms",
        "average_time_latency": "3.844 ms",
        "min_interval": 384354,
        "max_interval": 384354,
        "Latency": 384353
    },
    "HLS": {
        "LUT": 7175,
        "FF": 1694,
        "DSP": 0,
        "BRAM": 0,
        "URAM": 0,
        "CP": 6.89
    },
    "SYN": {
        "LUT": 1419,
        "FF": 1590,
        "DSP": 0,
        "BRAM": 0,
        "URAM": 0,
        "SRL": 0,
        "CP": 2.681
    },
    "IMPL": {
        "LUT": 1394,
        "FF": 1590,
        "DSP": 0,
        "BRAM": 0,
        "URAM": 0,
        "SRL": 0,
        "CP": 3.836,
        "PWR": 0.257
    }
}