{
    "LATENCY": {
        "best_latency": 469217,
        "worst_latency": 469217,
        "average_latency": 469217,
        "best_time_latency": "4.692 ms",
        "worst_time_latency": "4.692 ms",
        "average_time_latency": "4.692 ms",
        "min_interval": 469218,
        "max_interval": 469218,
        "Latency": 469217
    },
    "HLS": {
        "LUT": 12164,
        "FF": 1818,
        "DSP": 0,
        "BRAM": 0,
        "URAM": 0,
        "CP": 6.978
    },
    "SYN": {
        "LUT": 1904,
        "FF": 1385,
        "DSP": 0,
        "BRAM": 0,
        "URAM": 0,
        "SRL": 0,
        "CP": 3.019
    },
    "IMPL": {
        "LUT": 1818,
        "FF": 1385,
        "DSP": 0,
        "BRAM": 0,
        "URAM": 0,
        "SRL": 0,
        "CP": 4.411,
        "PWR": 0.259
    }
}