{
    "LATENCY": {
        "best_latency": 436433,
        "worst_latency": 436433,
        "average_latency": 436433,
        "best_time_latency": "4.364 ms",
        "worst_time_latency": "4.364 ms",
        "average_time_latency": "4.364 ms",
        "min_interval": 436434,
        "max_interval": 436434,
        "Latency": 436433
    },
    "HLS": {
        "LUT": 9918,
        "FF": 1697,
        "DSP": 0,
        "BRAM": 0,
        "URAM": 0,
        "CP": 7.266
    },
    "SYN": {
        "LUT": 1797,
        "FF": 1299,
        "DSP": 0,
        "BRAM": 0,
        "URAM": 0,
        "SRL": 0,
        "CP": 2.714
    },
    "IMPL": {
        "LUT": 1707,
        "FF": 1299,
        "DSP": 0,
        "BRAM": 0,
        "URAM": 0,
        "SRL": 0,
        "CP": 3.727,
        "PWR": 0.26
    }
}