{
    "LATENCY": {
        "best_latency": 347473,
        "worst_latency": 347473,
        "average_latency": 347473,
        "best_time_latency": "3.475 ms",
        "worst_time_latency": "3.475 ms",
        "average_time_latency": "3.475 ms",
        "min_interval": 347474,
        "max_interval": 347474,
        "Latency": 347473
    },
    "HLS": {
        "LUT": 5753,
        "FF": 1540,
        "DSP": 0,
        "BRAM": 0,
        "URAM": 0,
        "CP": 6.916
    },
    "SYN": {
        "LUT": 1314,
        "FF": 1269,
        "DSP": 0,
        "BRAM": 0,
        "URAM": 0,
        "SRL": 0,
        "CP": 2.679
    },
    "IMPL": {
        "LUT": 1305,
        "FF": 1269,
        "DSP": 0,
        "BRAM": 0,
        "URAM": 0,
        "SRL": 0,
        "CP": 3.039,
        "PWR": 0.256
    }
}