{
    "LATENCY": {
        "best_latency": 354625,
        "worst_latency": 354625,
        "average_latency": 354625,
        "best_time_latency": "3.546 ms",
        "worst_time_latency": "3.546 ms",
        "average_time_latency": "3.546 ms",
        "min_interval": 354626,
        "max_interval": 354626,
        "Latency": 354625
    },
    "HLS": {
        "LUT": 11708,
        "FF": 1982,
        "DSP": 0,
        "BRAM": 0,
        "URAM": 0,
        "CP": 7.266
    },
    "SYN": {
        "LUT": 2281,
        "FF": 1563,
        "DSP": 0,
        "BRAM": 0,
        "URAM": 0,
        "SRL": 0,
        "CP": 2.779
    },
    "IMPL": {
        "LUT": 2225,
        "FF": 1563,
        "DSP": 0,
        "BRAM": 0,
        "URAM": 0,
        "SRL": 0,
        "CP": 4.602,
        "PWR": 0.261
    }
}