{
    "LATENCY": {
        "Latency": 1000
    },
    "HLS": {
        "LUT": 21989,
        "FF": 5372,
        "DSP": 34,
        "BRAM": 0,
        "URAM": 0,
        "CP": 7.148
    },
    "SYN": {
        "LUT": 10165,
        "FF": 4319,
        "DSP": 34,
        "BRAM": 0,
        "URAM": 0,
        "SRL": 0,
        "CP": 7.223
    },
    "IMPL": {
        "LUT": 9887,
        "FF": 4303,
        "DSP": 34,
        "BRAM": 0,
        "URAM": 0,
        "SRL": 0,
        "CP": 9.182,
        "PWR": 0.462
    }
}