{
    "LATENCY": {
        "Latency": 1000
    },
    "HLS": {
        "LUT": 15335,
        "FF": 4617,
        "DSP": 48,
        "BRAM": 0,
        "URAM": 0,
        "CP": 7.148
    },
    "SYN": {
        "LUT": 4194,
        "FF": 3858,
        "DSP": 48,
        "BRAM": 0,
        "URAM": 0,
        "SRL": 0,
        "CP": 7.223
    },
    "IMPL": {
        "LUT": 4119,
        "FF": 3842,
        "DSP": 48,
        "BRAM": 0,
        "URAM": 0,
        "SRL": 0,
        "CP": 9.947,
        "PWR": 0.377
    }
}