{
    "LATENCY": {
        "Latency": 1000
    },
    "HLS": {
        "LUT": 42869,
        "FF": 7273,
        "DSP": 17,
        "BRAM": 0,
        "URAM": 0,
        "CP": 7.148
    },
    "SYN": {
        "LUT": 10703,
        "FF": 5689,
        "DSP": 17,
        "BRAM": 0,
        "URAM": 0,
        "SRL": 0,
        "CP": 7.223
    },
    "IMPL": {
        "LUT": 10536,
        "FF": 5681,
        "DSP": 17,
        "BRAM": 0,
        "URAM": 0,
        "SRL": 0,
        "CP": 9.144,
        "PWR": 0.268
    }
}