{
    "LATENCY": {
        "Latency": 1000
    },
    "HLS": {
        "LUT": 4705,
        "FF": 3979,
        "DSP": 48,
        "BRAM": 0,
        "URAM": 0,
        "CP": 7.148
    },
    "SYN": {
        "LUT": 3153,
        "FF": 3196,
        "DSP": 48,
        "BRAM": 0,
        "URAM": 0,
        "SRL": 0,
        "CP": 7.223
    },
    "IMPL": {
        "LUT": 3082,
        "FF": 3182,
        "DSP": 48,
        "BRAM": 0,
        "URAM": 0,
        "SRL": 0,
        "CP": 8.926,
        "PWR": 0.3
    }
}