{
    "LATENCY": {
        "Latency": 1000
    },
    "HLS": {
        "LUT": 3148,
        "FF": 3645,
        "DSP": 48,
        "BRAM": 0,
        "URAM": 0,
        "CP": 7.148
    },
    "SYN": {
        "LUT": 2502,
        "FF": 2927,
        "DSP": 48,
        "BRAM": 0,
        "URAM": 0,
        "SRL": 0,
        "CP": 7.223
    },
    "IMPL": {
        "LUT": 2451,
        "FF": 2915,
        "DSP": 48,
        "BRAM": 0,
        "URAM": 0,
        "SRL": 0,
        "CP": 8.654,
        "PWR": 0.347
    }
}