{
    "LATENCY": {
        "Latency": 1000
    },
    "HLS": {
        "LUT": 13530,
        "FF": 4309,
        "DSP": 48,
        "BRAM": 0,
        "URAM": 0,
        "CP": 7.148
    },
    "SYN": {
        "LUT": 3597,
        "FF": 3533,
        "DSP": 48,
        "BRAM": 0,
        "URAM": 0,
        "SRL": 0,
        "CP": 7.223
    },
    "IMPL": {
        "LUT": 3532,
        "FF": 3519,
        "DSP": 48,
        "BRAM": 0,
        "URAM": 0,
        "SRL": 0,
        "CP": 7.81,
        "PWR": 0.353
    }
}