{
    "LATENCY": {
        "Latency": 1000
    },
    "HLS": {
        "LUT": 4940,
        "FF": 3967,
        "DSP": 48,
        "BRAM": 0,
        "URAM": 0,
        "CP": 7.148
    },
    "SYN": {
        "LUT": 3480,
        "FF": 3079,
        "DSP": 48,
        "BRAM": 0,
        "URAM": 0,
        "SRL": 0,
        "CP": 7.223
    },
    "IMPL": {
        "LUT": 3406,
        "FF": 3063,
        "DSP": 48,
        "BRAM": 0,
        "URAM": 0,
        "SRL": 0,
        "CP": 8.164,
        "PWR": 0.349
    }
}