{
    "LATENCY": {
        "Latency": 1000
    },
    "HLS": {
        "LUT": 7919,
        "FF": 3726,
        "DSP": 48,
        "BRAM": 0,
        "URAM": 0,
        "CP": 7.148
    },
    "SYN": {
        "LUT": 2830,
        "FF": 3085,
        "DSP": 48,
        "BRAM": 0,
        "URAM": 0,
        "SRL": 0,
        "CP": 7.223
    },
    "IMPL": {
        "LUT": 2765,
        "FF": 3073,
        "DSP": 48,
        "BRAM": 0,
        "URAM": 0,
        "SRL": 0,
        "CP": 8.669,
        "PWR": 0.336
    }
}