{
    "LATENCY": {
        "Latency": 1000
    },
    "HLS": {
        "LUT": 27949,
        "FF": 5341,
        "DSP": 25,
        "BRAM": 0,
        "URAM": 0,
        "CP": 7.148
    },
    "SYN": {
        "LUT": 9966,
        "FF": 4479,
        "DSP": 25,
        "BRAM": 0,
        "URAM": 0,
        "SRL": 0,
        "CP": 7.223
    },
    "IMPL": {
        "LUT": 9728,
        "FF": 4467,
        "DSP": 25,
        "BRAM": 0,
        "URAM": 0,
        "SRL": 0,
        "CP": 8.98,
        "PWR": 0.397
    }
}