{
    "LATENCY": {
        "Latency": 1000
    },
    "HLS": {
        "LUT": 17818,
        "FF": 5102,
        "DSP": 48,
        "BRAM": 0,
        "URAM": 0,
        "CP": 7.148
    },
    "SYN": {
        "LUT": 4929,
        "FF": 4358,
        "DSP": 48,
        "BRAM": 0,
        "URAM": 0,
        "SRL": 0,
        "CP": 7.223
    },
    "IMPL": {
        "LUT": 4861,
        "FF": 4344,
        "DSP": 48,
        "BRAM": 0,
        "URAM": 0,
        "SRL": 0,
        "CP": 8.21,
        "PWR": 0.34
    }
}