{
    "LATENCY": {
        "Latency": 1000
    },
    "HLS": {
        "LUT": 7894,
        "FF": 3579,
        "DSP": 48,
        "BRAM": 0,
        "URAM": 0,
        "CP": 7.148
    },
    "SYN": {
        "LUT": 2719,
        "FF": 2950,
        "DSP": 48,
        "BRAM": 0,
        "URAM": 0,
        "SRL": 0,
        "CP": 7.223
    },
    "IMPL": {
        "LUT": 2667,
        "FF": 2938,
        "DSP": 48,
        "BRAM": 0,
        "URAM": 0,
        "SRL": 0,
        "CP": 7.922,
        "PWR": 0.347
    }
}