{
    "LATENCY": {
        "Latency": 1000
    },
    "HLS": {
        "LUT": 26000,
        "FF": 6205,
        "DSP": 17,
        "BRAM": 0,
        "URAM": 0,
        "CP": 7.148
    },
    "SYN": {
        "LUT": 8053,
        "FF": 4875,
        "DSP": 17,
        "BRAM": 0,
        "URAM": 0,
        "SRL": 0,
        "CP": 7.223
    },
    "IMPL": {
        "LUT": 7885,
        "FF": 4867,
        "DSP": 17,
        "BRAM": 0,
        "URAM": 0,
        "SRL": 0,
        "CP": 7.682,
        "PWR": 0.301
    }
}