{
    "LATENCY": {
        "Latency": 1000
    },
    "HLS": {
        "LUT": 10322,
        "FF": 4288,
        "DSP": 48,
        "BRAM": 0,
        "URAM": 0,
        "CP": 7.148
    },
    "SYN": {
        "LUT": 3910,
        "FF": 3467,
        "DSP": 48,
        "BRAM": 0,
        "URAM": 0,
        "SRL": 0,
        "CP": 7.223
    },
    "IMPL": {
        "LUT": 3835,
        "FF": 3451,
        "DSP": 48,
        "BRAM": 0,
        "URAM": 0,
        "SRL": 0,
        "CP": 8.711,
        "PWR": 0.355
    }
}