{
    "LATENCY": {
        "Latency": 1000
    },
    "HLS": {
        "LUT": 22321,
        "FF": 5857,
        "DSP": 25,
        "BRAM": 0,
        "URAM": 0,
        "CP": 7.148
    },
    "SYN": {
        "LUT": 9240,
        "FF": 4955,
        "DSP": 25,
        "BRAM": 0,
        "URAM": 0,
        "SRL": 0,
        "CP": 7.223
    },
    "IMPL": {
        "LUT": 8996,
        "FF": 4943,
        "DSP": 25,
        "BRAM": 0,
        "URAM": 0,
        "SRL": 0,
        "CP": 8.411,
        "PWR": 0.354
    }
}