{
    "LATENCY": {
        "Latency": 1000
    },
    "HLS": {
        "LUT": 35876,
        "FF": 6789,
        "DSP": 28,
        "BRAM": 0,
        "URAM": 0,
        "CP": 7.148
    },
    "SYN": {
        "LUT": 8850,
        "FF": 5663,
        "DSP": 28,
        "BRAM": 0,
        "URAM": 0,
        "SRL": 0,
        "CP": 7.223
    },
    "IMPL": {
        "LUT": 8690,
        "FF": 5653,
        "DSP": 28,
        "BRAM": 0,
        "URAM": 0,
        "SRL": 0,
        "CP": 7.983,
        "PWR": 0.337
    }
}