{
    "LATENCY": {
        "Latency": 1000
    },
    "HLS": {
        "LUT": 3847,
        "FF": 3416,
        "DSP": 48,
        "BRAM": 0,
        "URAM": 0,
        "CP": 7.148
    },
    "SYN": {
        "LUT": 2483,
        "FF": 2754,
        "DSP": 48,
        "BRAM": 0,
        "URAM": 0,
        "SRL": 0,
        "CP": 7.223
    },
    "IMPL": {
        "LUT": 2434,
        "FF": 2742,
        "DSP": 48,
        "BRAM": 0,
        "URAM": 0,
        "SRL": 0,
        "CP": 8.309,
        "PWR": 0.358
    }
}