{
    "LATENCY": {
        "Latency": 1000
    },
    "HLS": {
        "LUT": 4378,
        "FF": 4452,
        "DSP": 48,
        "BRAM": 0,
        "URAM": 0,
        "CP": 7.148
    },
    "SYN": {
        "LUT": 3484,
        "FF": 3597,
        "DSP": 48,
        "BRAM": 0,
        "URAM": 0,
        "SRL": 0,
        "CP": 7.223
    },
    "IMPL": {
        "LUT": 3420,
        "FF": 3583,
        "DSP": 48,
        "BRAM": 0,
        "URAM": 0,
        "SRL": 0,
        "CP": 8.967,
        "PWR": 0.363
    }
}