{
    "LATENCY": {
        "Latency": 1000
    },
    "HLS": {
        "LUT": 7892,
        "FF": 3567,
        "DSP": 48,
        "BRAM": 0,
        "URAM": 0,
        "CP": 7.148
    },
    "SYN": {
        "LUT": 2810,
        "FF": 2963,
        "DSP": 48,
        "BRAM": 0,
        "URAM": 0,
        "SRL": 0,
        "CP": 7.223
    },
    "IMPL": {
        "LUT": 2744,
        "FF": 2951,
        "DSP": 48,
        "BRAM": 0,
        "URAM": 0,
        "SRL": 0,
        "CP": 7.951,
        "PWR": 0.333
    }
}