{
    "LATENCY": {
        "Latency": 1000
    },
    "HLS": {
        "LUT": 27465,
        "FF": 6969,
        "DSP": 17,
        "BRAM": 0,
        "URAM": 0,
        "CP": 7.241
    },
    "SYN": {
        "LUT": 10078,
        "FF": 6095,
        "DSP": 17,
        "BRAM": 0,
        "URAM": 0,
        "SRL": 0,
        "CP": 7.223
    },
    "IMPL": {
        "LUT": 9901,
        "FF": 6087,
        "DSP": 17,
        "BRAM": 0,
        "URAM": 0,
        "SRL": 0,
        "CP": 8.412,
        "PWR": 0.313
    }
}