{
    "LATENCY": {
        "Latency": 1000
    },
    "HLS": {
        "LUT": 14527,
        "FF": 4878,
        "DSP": 48,
        "BRAM": 0,
        "URAM": 0,
        "CP": 7.148
    },
    "SYN": {
        "LUT": 4164,
        "FF": 4099,
        "DSP": 48,
        "BRAM": 0,
        "URAM": 0,
        "SRL": 0,
        "CP": 7.223
    },
    "IMPL": {
        "LUT": 4108,
        "FF": 4087,
        "DSP": 48,
        "BRAM": 0,
        "URAM": 0,
        "SRL": 0,
        "CP": 8.737,
        "PWR": 0.335
    }
}