{
    "LATENCY": {
        "Latency": 1000
    },
    "HLS": {
        "LUT": 15292,
        "FF": 4851,
        "DSP": 54,
        "BRAM": 0,
        "URAM": 0,
        "CP": 7.148
    },
    "SYN": {
        "LUT": 4252,
        "FF": 3988,
        "DSP": 54,
        "BRAM": 0,
        "URAM": 0,
        "SRL": 0,
        "CP": 7.223
    },
    "IMPL": {
        "LUT": 4161,
        "FF": 3972,
        "DSP": 54,
        "BRAM": 0,
        "URAM": 0,
        "SRL": 0,
        "CP": 8.407,
        "PWR": 0.375
    }
}