{
    "LATENCY": {
        "Latency": 1000
    },
    "HLS": {
        "LUT": 7903,
        "FF": 3580,
        "DSP": 48,
        "BRAM": 0,
        "URAM": 0,
        "CP": 7.148
    },
    "SYN": {
        "LUT": 2751,
        "FF": 2950,
        "DSP": 48,
        "BRAM": 0,
        "URAM": 0,
        "SRL": 0,
        "CP": 7.223
    },
    "IMPL": {
        "LUT": 2701,
        "FF": 2938,
        "DSP": 48,
        "BRAM": 0,
        "URAM": 0,
        "SRL": 0,
        "CP": 7.872,
        "PWR": 0.347
    }
}