{
    "LATENCY": {
        "Latency": 1000
    },
    "HLS": {
        "LUT": 4590,
        "FF": 3810,
        "DSP": 48,
        "BRAM": 0,
        "URAM": 0,
        "CP": 7.148
    },
    "SYN": {
        "LUT": 3037,
        "FF": 3124,
        "DSP": 48,
        "BRAM": 0,
        "URAM": 0,
        "SRL": 0,
        "CP": 7.223
    },
    "IMPL": {
        "LUT": 2975,
        "FF": 3110,
        "DSP": 48,
        "BRAM": 0,
        "URAM": 0,
        "SRL": 0,
        "CP": 8.456,
        "PWR": 0.301
    }
}