{
    "LATENCY": {
        "Latency": 1000
    },
    "HLS": {
        "LUT": 13876,
        "FF": 4443,
        "DSP": 27,
        "BRAM": 0,
        "URAM": 0,
        "CP": 7.241
    },
    "SYN": {
        "LUT": 4587,
        "FF": 3988,
        "DSP": 27,
        "BRAM": 0,
        "URAM": 0,
        "SRL": 0,
        "CP": 7.223
    },
    "IMPL": {
        "LUT": 4512,
        "FF": 3978,
        "DSP": 27,
        "BRAM": 0,
        "URAM": 0,
        "SRL": 0,
        "CP": 8.388,
        "PWR": 0.28
    }
}