{
    "LATENCY": {
        "Latency": 1000
    },
    "HLS": {
        "LUT": 3001,
        "FF": 3415,
        "DSP": 48,
        "BRAM": 0,
        "URAM": 0,
        "CP": 7.148
    },
    "SYN": {
        "LUT": 2430,
        "FF": 2753,
        "DSP": 48,
        "BRAM": 0,
        "URAM": 0,
        "SRL": 0,
        "CP": 7.223
    },
    "IMPL": {
        "LUT": 2378,
        "FF": 2741,
        "DSP": 48,
        "BRAM": 0,
        "URAM": 0,
        "SRL": 0,
        "CP": 7.93,
        "PWR": 0.349
    }
}