{
    "LATENCY": {
        "Latency": 1000
    },
    "HLS": {
        "LUT": 29848,
        "FF": 5915,
        "DSP": 34,
        "BRAM": 0,
        "URAM": 0,
        "CP": 7.148
    },
    "SYN": {
        "LUT": 10617,
        "FF": 4876,
        "DSP": 34,
        "BRAM": 0,
        "URAM": 0,
        "SRL": 0,
        "CP": 7.223
    },
    "IMPL": {
        "LUT": 10346,
        "FF": 4860,
        "DSP": 34,
        "BRAM": 0,
        "URAM": 0,
        "SRL": 0,
        "CP": 9.149,
        "PWR": 0.496
    }
}