{
    "LATENCY": {
        "Latency": 1000
    },
    "HLS": {
        "LUT": 36013,
        "FF": 5819,
        "DSP": 28,
        "BRAM": 0,
        "URAM": 0,
        "CP": 7.148
    },
    "SYN": {
        "LUT": 10236,
        "FF": 5015,
        "DSP": 28,
        "BRAM": 0,
        "URAM": 0,
        "SRL": 0,
        "CP": 7.223
    },
    "IMPL": {
        "LUT": 10000,
        "FF": 5003,
        "DSP": 28,
        "BRAM": 0,
        "URAM": 0,
        "SRL": 0,
        "CP": 9.382,
        "PWR": 0.479
    }
}