{
    "LATENCY": {
        "Latency": 1000
    },
    "HLS": {
        "LUT": 80839,
        "FF": 9215,
        "DSP": 28,
        "BRAM": 0,
        "URAM": 0,
        "CP": 7.241
    },
    "SYN": {
        "LUT": 14750,
        "FF": 7059,
        "DSP": 28,
        "BRAM": 0,
        "URAM": 0,
        "SRL": 0,
        "CP": 7.223
    },
    "IMPL": {
        "LUT": 14430,
        "FF": 7049,
        "DSP": 28,
        "BRAM": 0,
        "URAM": 0,
        "SRL": 0,
        "CP": 9.034,
        "PWR": 0.327
    }
}