{
    "LATENCY": {
        "Latency": 1000
    },
    "HLS": {
        "LUT": 18213,
        "FF": 4178,
        "DSP": 28,
        "BRAM": 0,
        "URAM": 0,
        "CP": 7.148
    },
    "SYN": {
        "LUT": 8292,
        "FF": 3467,
        "DSP": 28,
        "BRAM": 0,
        "URAM": 0,
        "SRL": 0,
        "CP": 7.223
    },
    "IMPL": {
        "LUT": 8058,
        "FF": 3455,
        "DSP": 28,
        "BRAM": 0,
        "URAM": 0,
        "SRL": 0,
        "CP": 8.837,
        "PWR": 0.414
    }
}