{
    "LATENCY": {
        "best_latency": 1097857,
        "worst_latency": 1097857,
        "average_latency": 1097857,
        "best_time_latency": "10.979 ms",
        "worst_time_latency": "10.979 ms",
        "average_time_latency": "10.979 ms",
        "min_interval": 1097858,
        "max_interval": 1097858,
        "Latency": 1097857
    },
    "HLS": {
        "LUT": 4344,
        "FF": 1737,
        "DSP": 10,
        "BRAM": 0,
        "URAM": 0,
        "CP": 7.135
    },
    "SYN": {
        "LUT": 1273,
        "FF": 1612,
        "DSP": 10,
        "BRAM": 0,
        "URAM": 0,
        "SRL": 0,
        "CP": 6.496
    },
    "IMPL": {
        "LUT": 1257,
        "FF": 1608,
        "DSP": 10,
        "BRAM": 0,
        "URAM": 0,
        "SRL": 0,
        "CP": 6.972,
        "PWR": 0.266
    }
}