{
    "LATENCY": {
        "best_latency": 131368,
        "worst_latency": 131368,
        "average_latency": 131368,
        "best_time_latency": "1.314 ms",
        "worst_time_latency": "1.314 ms",
        "average_time_latency": "1.314 ms",
        "min_interval": 131369,
        "max_interval": 131369,
        "Latency": 131368
    },
    "HLS": {
        "LUT": 65460,
        "FF": 18983,
        "DSP": 6,
        "BRAM": 0,
        "URAM": 0,
        "CP": 7.112
    },
    "SYN": {
        "LUT": 16822,
        "FF": 18943,
        "DSP": 6,
        "BRAM": 0,
        "URAM": 0,
        "SRL": 2701,
        "CP": 5.171
    },
    "IMPL": {
        "LUT": 15043,
        "FF": 18935,
        "DSP": 6,
        "BRAM": 0,
        "URAM": 0,
        "SRL": 1354,
        "CP": 8.57,
        "PWR": 0.312
    }
}