{
    "LATENCY": {
        "best_latency": 3153921,
        "worst_latency": 3153921,
        "average_latency": 3153921,
        "best_time_latency": "31.539 ms",
        "worst_time_latency": "31.539 ms",
        "average_time_latency": "31.539 ms",
        "min_interval": 3153922,
        "max_interval": 3153922,
        "Latency": 3153921
    },
    "HLS": {
        "LUT": 2526,
        "FF": 1082,
        "DSP": 13,
        "BRAM": 0,
        "URAM": 0,
        "CP": 6.504
    },
    "SYN": {
        "LUT": 917,
        "FF": 965,
        "DSP": 13,
        "BRAM": 0,
        "URAM": 0,
        "SRL": 0,
        "CP": 6.496
    },
    "IMPL": {
        "LUT": 895,
        "FF": 961,
        "DSP": 13,
        "BRAM": 0,
        "URAM": 0,
        "SRL": 0,
        "CP": 6.641,
        "PWR": 0.293
    }
}