{
    "LATENCY": {
        "best_latency": 1089537,
        "worst_latency": 1089537,
        "average_latency": 1089537,
        "best_time_latency": "10.895 ms",
        "worst_time_latency": "10.895 ms",
        "average_time_latency": "10.895 ms",
        "min_interval": 1089538,
        "max_interval": 1089538,
        "Latency": 1089537
    },
    "HLS": {
        "LUT": 3770,
        "FF": 1380,
        "DSP": 0,
        "BRAM": 0,
        "URAM": 0,
        "CP": 7.135
    },
    "SYN": {
        "LUT": 3590,
        "FF": 1255,
        "DSP": 0,
        "BRAM": 0,
        "URAM": 0,
        "SRL": 0,
        "CP": 5.864
    },
    "IMPL": {
        "LUT": 3487,
        "FF": 1251,
        "DSP": 0,
        "BRAM": 0,
        "URAM": 0,
        "SRL": 0,
        "CP": 7.524,
        "PWR": 0.32
    }
}