{
    "LATENCY": {
        "best_latency": 2895969,
        "worst_latency": 2895969,
        "average_latency": 2895969,
        "best_time_latency": "28.960 ms",
        "worst_time_latency": "28.960 ms",
        "average_time_latency": "28.960 ms",
        "min_interval": 2895970,
        "max_interval": 2895970,
        "Latency": 2895969
    },
    "HLS": {
        "LUT": 6597,
        "FF": 1224,
        "DSP": 10,
        "BRAM": 0,
        "URAM": 0,
        "CP": 6.886
    },
    "SYN": {
        "LUT": 1266,
        "FF": 1089,
        "DSP": 10,
        "BRAM": 0,
        "URAM": 0,
        "SRL": 0,
        "CP": 6.496
    },
    "IMPL": {
        "LUT": 1247,
        "FF": 1085,
        "DSP": 10,
        "BRAM": 0,
        "URAM": 0,
        "SRL": 0,
        "CP": 6.985,
        "PWR": 0.29
    }
}