{
    "LATENCY": {
        "best_latency": 1101921,
        "worst_latency": 1101921,
        "average_latency": 1101921,
        "best_time_latency": "11.019 ms",
        "worst_time_latency": "11.019 ms",
        "average_time_latency": "11.019 ms",
        "min_interval": 1101922,
        "max_interval": 1101922,
        "Latency": 1101921
    },
    "HLS": {
        "LUT": 10353,
        "FF": 2981,
        "DSP": 10,
        "BRAM": 0,
        "URAM": 0,
        "CP": 7.135
    },
    "SYN": {
        "LUT": 2052,
        "FF": 2856,
        "DSP": 10,
        "BRAM": 0,
        "URAM": 0,
        "SRL": 0,
        "CP": 6.496
    },
    "IMPL": {
        "LUT": 2023,
        "FF": 2852,
        "DSP": 10,
        "BRAM": 0,
        "URAM": 0,
        "SRL": 0,
        "CP": 7.2,
        "PWR": 0.268
    }
}