{
    "LATENCY": {
        "best_latency": 148225,
        "worst_latency": 148225,
        "average_latency": 148225,
        "best_time_latency": "1.482 ms",
        "worst_time_latency": "1.482 ms",
        "average_time_latency": "1.482 ms",
        "min_interval": 148226,
        "max_interval": 148226,
        "Latency": 148225
    },
    "HLS": {
        "LUT": 22691,
        "FF": 52287,
        "DSP": 0,
        "BRAM": 0,
        "URAM": 0,
        "CP": 7.112
    },
    "SYN": {
        "LUT": 26652,
        "FF": 52770,
        "DSP": 0,
        "BRAM": 0,
        "URAM": 0,
        "SRL": 4752,
        "CP": 5.864
    },
    "IMPL": {
        "LUT": 23920,
        "FF": 52762,
        "DSP": 0,
        "BRAM": 0,
        "URAM": 0,
        "SRL": 2380,
        "CP": 9.59,
        "PWR": 0.364
    }
}