{
    "LATENCY": {
        "best_latency": 1355777,
        "worst_latency": 1355777,
        "average_latency": 1355777,
        "best_time_latency": "13.558 ms",
        "worst_time_latency": "13.558 ms",
        "average_time_latency": "13.558 ms",
        "min_interval": 1355778,
        "max_interval": 1355778,
        "Latency": 1355777
    },
    "HLS": {
        "LUT": 1427,
        "FF": 1352,
        "DSP": 13,
        "BRAM": 0,
        "URAM": 0,
        "CP": 6.709
    },
    "SYN": {
        "LUT": 1175,
        "FF": 1220,
        "DSP": 13,
        "BRAM": 0,
        "URAM": 0,
        "SRL": 0,
        "CP": 6.496
    },
    "IMPL": {
        "LUT": 1150,
        "FF": 1216,
        "DSP": 13,
        "BRAM": 0,
        "URAM": 0,
        "SRL": 0,
        "CP": 6.664,
        "PWR": 0.265
    }
}