{
    "LATENCY": {
        "best_latency": 85633,
        "worst_latency": 85633,
        "average_latency": 85633,
        "best_time_latency": "0.856 ms",
        "worst_time_latency": "0.856 ms",
        "average_time_latency": "0.856 ms",
        "min_interval": 85634,
        "max_interval": 85634,
        "Latency": 85633
    },
    "HLS": {
        "LUT": 23627,
        "FF": 26389,
        "DSP": 12,
        "BRAM": 0,
        "URAM": 0,
        "CP": 7.112
    },
    "SYN": {
        "LUT": 26504,
        "FF": 26397,
        "DSP": 12,
        "BRAM": 0,
        "URAM": 0,
        "SRL": 5383,
        "CP": 5.171
    },
    "IMPL": {
        "LUT": 23302,
        "FF": 26383,
        "DSP": 12,
        "BRAM": 0,
        "URAM": 0,
        "SRL": 2695,
        "CP": 9.866,
        "PWR": 0.346
    }
}