{
    "LATENCY": {
        "best_latency": 2107489,
        "worst_latency": 2107489,
        "average_latency": 2107489,
        "best_time_latency": "21.075 ms",
        "worst_time_latency": "21.075 ms",
        "average_time_latency": "21.075 ms",
        "min_interval": 2107490,
        "max_interval": 2107490,
        "Latency": 2107489
    },
    "HLS": {
        "LUT": 7024,
        "FF": 2828,
        "DSP": 3,
        "BRAM": 0,
        "URAM": 0,
        "CP": 6.589
    },
    "SYN": {
        "LUT": 6787,
        "FF": 2613,
        "DSP": 3,
        "BRAM": 0,
        "URAM": 0,
        "SRL": 0,
        "CP": 5.171
    },
    "IMPL": {
        "LUT": 6567,
        "FF": 2607,
        "DSP": 3,
        "BRAM": 0,
        "URAM": 0,
        "SRL": 0,
        "CP": 7.76,
        "PWR": 0.396
    }
}