{
    "LATENCY": {
        "best_latency": 148353,
        "worst_latency": 148353,
        "average_latency": 148353,
        "best_time_latency": "1.484 ms",
        "worst_time_latency": "1.484 ms",
        "average_time_latency": "1.484 ms",
        "min_interval": 148354,
        "max_interval": 148354,
        "Latency": 148353
    },
    "HLS": {
        "LUT": 37015,
        "FF": 34531,
        "DSP": 20,
        "BRAM": 0,
        "URAM": 0,
        "CP": 7.027
    },
    "SYN": {
        "LUT": 13576,
        "FF": 34667,
        "DSP": 20,
        "BRAM": 0,
        "URAM": 0,
        "SRL": 2378,
        "CP": 6.496
    },
    "IMPL": {
        "LUT": 12203,
        "FF": 34660,
        "DSP": 20,
        "BRAM": 0,
        "URAM": 0,
        "SRL": 1191,
        "CP": 9.886,
        "PWR": 0.31
    }
}