{
    "LATENCY": {
        "best_latency": 1089665,
        "worst_latency": 1089665,
        "average_latency": 1089665,
        "best_time_latency": "10.897 ms",
        "worst_time_latency": "10.897 ms",
        "average_time_latency": "10.897 ms",
        "min_interval": 1089666,
        "max_interval": 1089666,
        "Latency": 1089665
    },
    "HLS": {
        "LUT": 3802,
        "FF": 1407,
        "DSP": 0,
        "BRAM": 0,
        "URAM": 0,
        "CP": 7.135
    },
    "SYN": {
        "LUT": 3721,
        "FF": 1261,
        "DSP": 0,
        "BRAM": 0,
        "URAM": 0,
        "SRL": 0,
        "CP": 5.864
    },
    "IMPL": {
        "LUT": 3613,
        "FF": 1257,
        "DSP": 0,
        "BRAM": 0,
        "URAM": 0,
        "SRL": 0,
        "CP": 7.304,
        "PWR": 0.258
    }
}