{
    "LATENCY": {
        "best_latency": 2889825,
        "worst_latency": 2889825,
        "average_latency": 2889825,
        "best_time_latency": "28.898 ms",
        "worst_time_latency": "28.898 ms",
        "average_time_latency": "28.898 ms",
        "min_interval": 2889826,
        "max_interval": 2889826,
        "Latency": 2889825
    },
    "HLS": {
        "LUT": 5197,
        "FF": 1457,
        "DSP": 10,
        "BRAM": 0,
        "URAM": 0,
        "CP": 6.504
    },
    "SYN": {
        "LUT": 1424,
        "FF": 1309,
        "DSP": 10,
        "BRAM": 0,
        "URAM": 0,
        "SRL": 0,
        "CP": 6.496
    },
    "IMPL": {
        "LUT": 1407,
        "FF": 1305,
        "DSP": 10,
        "BRAM": 0,
        "URAM": 0,
        "SRL": 0,
        "CP": 6.981,
        "PWR": 0.29
    }
}