{
    "LATENCY": {
        "best_latency": 86849,
        "worst_latency": 86849,
        "average_latency": 86849,
        "best_time_latency": "0.868 ms",
        "worst_time_latency": "0.868 ms",
        "average_time_latency": "0.868 ms",
        "min_interval": 86850,
        "max_interval": 86850,
        "Latency": 86849
    },
    "HLS": {
        "LUT": 11310,
        "FF": 33291,
        "DSP": 52,
        "BRAM": 0,
        "URAM": 0,
        "CP": 7.027
    },
    "SYN": {
        "LUT": 18037,
        "FF": 33282,
        "DSP": 52,
        "BRAM": 0,
        "URAM": 0,
        "SRL": 5389,
        "CP": 6.496
    },
    "IMPL": {
        "LUT": 15146,
        "FF": 33266,
        "DSP": 52,
        "BRAM": 0,
        "URAM": 0,
        "SRL": 2698,
        "CP": 9.442,
        "PWR": 0.382
    }
}