{
    "LATENCY": {
        "best_latency": 149185,
        "worst_latency": 149185,
        "average_latency": 149185,
        "best_time_latency": "1.492 ms",
        "worst_time_latency": "1.492 ms",
        "average_time_latency": "1.492 ms",
        "min_interval": 149186,
        "max_interval": 149186,
        "Latency": 149185
    },
    "HLS": {
        "LUT": 7531,
        "FF": 21047,
        "DSP": 26,
        "BRAM": 0,
        "URAM": 0,
        "CP": 7.061
    },
    "SYN": {
        "LUT": 10690,
        "FF": 22549,
        "DSP": 26,
        "BRAM": 0,
        "URAM": 0,
        "SRL": 2054,
        "CP": 6.496
    },
    "IMPL": {
        "LUT": 9535,
        "FF": 22541,
        "DSP": 26,
        "BRAM": 0,
        "URAM": 0,
        "SRL": 1029,
        "CP": 9.258,
        "PWR": 0.539
    }
}