{
    "LATENCY": {
        "best_latency": 1093761,
        "worst_latency": 1093761,
        "average_latency": 1093761,
        "best_time_latency": "10.938 ms",
        "worst_time_latency": "10.938 ms",
        "average_time_latency": "10.938 ms",
        "min_interval": 1093762,
        "max_interval": 1093762,
        "Latency": 1093761
    },
    "HLS": {
        "LUT": 4125,
        "FF": 1262,
        "DSP": 3,
        "BRAM": 0,
        "URAM": 0,
        "CP": 6.709
    },
    "SYN": {
        "LUT": 3561,
        "FF": 1135,
        "DSP": 3,
        "BRAM": 0,
        "URAM": 0,
        "SRL": 0,
        "CP": 5.171
    },
    "IMPL": {
        "LUT": 3449,
        "FF": 1131,
        "DSP": 3,
        "BRAM": 0,
        "URAM": 0,
        "SRL": 0,
        "CP": 7.904,
        "PWR": 0.307
    }
}