{
    "LATENCY": {
        "best_latency": 83841,
        "worst_latency": 83841,
        "average_latency": 83841,
        "best_time_latency": "0.838 ms",
        "worst_time_latency": "0.838 ms",
        "average_time_latency": "0.838 ms",
        "min_interval": 83842,
        "max_interval": 83842,
        "Latency": 83841
    },
    "HLS": {
        "LUT": 9846,
        "FF": 23306,
        "DSP": 40,
        "BRAM": 0,
        "URAM": 0,
        "CP": 7.01
    },
    "SYN": {
        "LUT": 13857,
        "FF": 22909,
        "DSP": 40,
        "BRAM": 0,
        "URAM": 0,
        "SRL": 3209,
        "CP": 6.496
    },
    "IMPL": {
        "LUT": 12115,
        "FF": 22893,
        "DSP": 40,
        "BRAM": 0,
        "URAM": 0,
        "SRL": 1606,
        "CP": 8.644,
        "PWR": 0.344
    }
}