{
    "LATENCY": {
        "best_latency": 1976417,
        "worst_latency": 1976417,
        "average_latency": 1976417,
        "best_time_latency": "19.764 ms",
        "worst_time_latency": "19.764 ms",
        "average_time_latency": "19.764 ms",
        "min_interval": 1976418,
        "max_interval": 1976418,
        "Latency": 1976417
    },
    "HLS": {
        "LUT": 11962,
        "FF": 2402,
        "DSP": 10,
        "BRAM": 0,
        "URAM": 0,
        "CP": 6.886
    },
    "SYN": {
        "LUT": 2055,
        "FF": 2221,
        "DSP": 10,
        "BRAM": 0,
        "URAM": 0,
        "SRL": 0,
        "CP": 6.496
    },
    "IMPL": {
        "LUT": 2030,
        "FF": 2217,
        "DSP": 10,
        "BRAM": 0,
        "URAM": 0,
        "SRL": 0,
        "CP": 7.312,
        "PWR": 0.296
    }
}