{
    "LATENCY": {
        "best_latency": 2627713,
        "worst_latency": 2627713,
        "average_latency": 2627713,
        "best_time_latency": "26.277 ms",
        "worst_time_latency": "26.277 ms",
        "average_time_latency": "26.277 ms",
        "min_interval": 2627714,
        "max_interval": 2627714,
        "Latency": 2627713
    },
    "HLS": {
        "LUT": 4792,
        "FF": 1292,
        "DSP": 0,
        "BRAM": 0,
        "URAM": 0,
        "CP": 6.589
    },
    "SYN": {
        "LUT": 3563,
        "FF": 1150,
        "DSP": 0,
        "BRAM": 0,
        "URAM": 0,
        "SRL": 0,
        "CP": 5.864
    },
    "IMPL": {
        "LUT": 3458,
        "FF": 1146,
        "DSP": 0,
        "BRAM": 0,
        "URAM": 0,
        "SRL": 0,
        "CP": 7.62,
        "PWR": 0.332
    }
}