{
    "LATENCY": {
        "best_latency": 3151969,
        "worst_latency": 3151969,
        "average_latency": 3151969,
        "best_time_latency": "31.520 ms",
        "worst_time_latency": "31.520 ms",
        "average_time_latency": "31.520 ms",
        "min_interval": 3151970,
        "max_interval": 3151970,
        "Latency": 3151969
    },
    "HLS": {
        "LUT": 1776,
        "FF": 1576,
        "DSP": 13,
        "BRAM": 0,
        "URAM": 0,
        "CP": 6.504
    },
    "SYN": {
        "LUT": 1289,
        "FF": 1438,
        "DSP": 13,
        "BRAM": 0,
        "URAM": 0,
        "SRL": 0,
        "CP": 6.496
    },
    "IMPL": {
        "LUT": 1262,
        "FF": 1434,
        "DSP": 13,
        "BRAM": 0,
        "URAM": 0,
        "SRL": 0,
        "CP": 6.61,
        "PWR": 0.289
    }
}