{
    "LATENCY": {
        "best_latency": 131369,
        "worst_latency": 131369,
        "average_latency": 131369,
        "best_time_latency": "1.314 ms",
        "worst_time_latency": "1.314 ms",
        "average_time_latency": "1.314 ms",
        "min_interval": 131370,
        "max_interval": 131370,
        "Latency": 131369
    },
    "HLS": {
        "LUT": 34479,
        "FF": 17940,
        "DSP": 26,
        "BRAM": 0,
        "URAM": 0,
        "CP": 7.027
    },
    "SYN": {
        "LUT": 11538,
        "FF": 17840,
        "DSP": 26,
        "BRAM": 0,
        "URAM": 0,
        "SRL": 2702,
        "CP": 6.496
    },
    "IMPL": {
        "LUT": 9975,
        "FF": 17832,
        "DSP": 26,
        "BRAM": 0,
        "URAM": 0,
        "SRL": 1354,
        "CP": 8.602,
        "PWR": 0.304
    }
}