{
    "LATENCY": {
        "best_latency": 2238561,
        "worst_latency": 2238561,
        "average_latency": 2238561,
        "best_time_latency": "22.386 ms",
        "worst_time_latency": "22.386 ms",
        "average_time_latency": "22.386 ms",
        "min_interval": 2238562,
        "max_interval": 2238562,
        "Latency": 2238561
    },
    "HLS": {
        "LUT": 10285,
        "FF": 2056,
        "DSP": 13,
        "BRAM": 0,
        "URAM": 0,
        "CP": 6.886
    },
    "SYN": {
        "LUT": 1721,
        "FF": 1870,
        "DSP": 13,
        "BRAM": 0,
        "URAM": 0,
        "SRL": 0,
        "CP": 6.496
    },
    "IMPL": {
        "LUT": 1692,
        "FF": 1866,
        "DSP": 13,
        "BRAM": 0,
        "URAM": 0,
        "SRL": 0,
        "CP": 6.496,
        "PWR": 0.297
    }
}