{
    "LATENCY": {
        "best_latency": 1843329,
        "worst_latency": 1843329,
        "average_latency": 1843329,
        "best_time_latency": "18.433 ms",
        "worst_time_latency": "18.433 ms",
        "average_time_latency": "18.433 ms",
        "min_interval": 1843330,
        "max_interval": 1843330,
        "Latency": 1843329
    },
    "HLS": {
        "LUT": 6316,
        "FF": 1865,
        "DSP": 0,
        "BRAM": 0,
        "URAM": 0,
        "CP": 6.589
    },
    "SYN": {
        "LUT": 6147,
        "FF": 1677,
        "DSP": 0,
        "BRAM": 0,
        "URAM": 0,
        "SRL": 0,
        "CP": 5.864
    },
    "IMPL": {
        "LUT": 5952,
        "FF": 1671,
        "DSP": 0,
        "BRAM": 0,
        "URAM": 0,
        "SRL": 0,
        "CP": 8.614,
        "PWR": 0.386
    }
}