{
    "LATENCY": {
        "best_latency": 1091585,
        "worst_latency": 1091585,
        "average_latency": 1091585,
        "best_time_latency": "10.916 ms",
        "worst_time_latency": "10.916 ms",
        "average_time_latency": "10.916 ms",
        "min_interval": 1091586,
        "max_interval": 1091586,
        "Latency": 1091585
    },
    "HLS": {
        "LUT": 7809,
        "FF": 2995,
        "DSP": 0,
        "BRAM": 0,
        "URAM": 0,
        "CP": 7.135
    },
    "SYN": {
        "LUT": 4377,
        "FF": 2840,
        "DSP": 0,
        "BRAM": 0,
        "URAM": 0,
        "SRL": 0,
        "CP": 5.864
    },
    "IMPL": {
        "LUT": 4261,
        "FF": 2836,
        "DSP": 0,
        "BRAM": 0,
        "URAM": 0,
        "SRL": 0,
        "CP": 7.852,
        "PWR": 0.347
    }
}