{
    "LATENCY": {
        "best_latency": 2103297,
        "worst_latency": 2103297,
        "average_latency": 2103297,
        "best_time_latency": "21.033 ms",
        "worst_time_latency": "21.033 ms",
        "average_time_latency": "21.033 ms",
        "min_interval": 2103298,
        "max_interval": 2103298,
        "Latency": 2103297
    },
    "HLS": {
        "LUT": 5665,
        "FF": 1793,
        "DSP": 3,
        "BRAM": 0,
        "URAM": 0,
        "CP": 6.589
    },
    "SYN": {
        "LUT": 3795,
        "FF": 1642,
        "DSP": 3,
        "BRAM": 0,
        "URAM": 0,
        "SRL": 0,
        "CP": 5.171
    },
    "IMPL": {
        "LUT": 3679,
        "FF": 1638,
        "DSP": 3,
        "BRAM": 0,
        "URAM": 0,
        "SRL": 0,
        "CP": 7.437,
        "PWR": 0.347
    }
}