{
    "LATENCY": {
        "best_latency": 85825,
        "worst_latency": 85825,
        "average_latency": 85825,
        "best_time_latency": "0.858 ms",
        "worst_time_latency": "0.858 ms",
        "average_time_latency": "0.858 ms",
        "min_interval": 85826,
        "max_interval": 85826,
        "Latency": 85825
    },
    "HLS": {
        "LUT": 14440,
        "FF": 33073,
        "DSP": 52,
        "BRAM": 0,
        "URAM": 0,
        "CP": 7.027
    },
    "SYN": {
        "LUT": 18535,
        "FF": 33303,
        "DSP": 52,
        "BRAM": 0,
        "URAM": 0,
        "SRL": 5138,
        "CP": 6.496
    },
    "IMPL": {
        "LUT": 15789,
        "FF": 33288,
        "DSP": 52,
        "BRAM": 0,
        "URAM": 0,
        "SRL": 2573,
        "CP": 9.064,
        "PWR": 0.718
    }
}