{
    "LATENCY": {
        "best_latency": 1847,
        "worst_latency": 2263,
        "average_latency": 2055,
        "best_time_latency": "18.470 us",
        "worst_time_latency": "22.630 us",
        "average_time_latency": "20.550 us",
        "min_interval": 1848,
        "max_interval": 2264,
        "Latency": 2055
    },
    "HLS": {
        "LUT": 4782,
        "FF": 1614,
        "DSP": 0,
        "BRAM": 3,
        "URAM": 0,
        "CP": 4.364
    },
    "SYN": {
        "LUT": 1175,
        "FF": 1117,
        "DSP": 0,
        "BRAM": 2,
        "URAM": 0,
        "SRL": 0,
        "CP": 3.073
    },
    "IMPL": {
        "LUT": 1156,
        "FF": 1117,
        "DSP": 0,
        "BRAM": 2,
        "URAM": 0,
        "SRL": 0,
        "CP": 4.019,
        "PWR": 0.251
    }
}