{
    "LATENCY": {
        "best_latency": 921,
        "worst_latency": 921,
        "average_latency": 921,
        "best_time_latency": "9.210 us",
        "worst_time_latency": "9.210 us",
        "average_time_latency": "9.210 us",
        "min_interval": 922,
        "max_interval": 922,
        "Latency": 921
    },
    "HLS": {
        "LUT": 9003,
        "FF": 2804,
        "DSP": 0,
        "BRAM": 5,
        "URAM": 0,
        "CP": 4.334
    },
    "SYN": {
        "LUT": 2147,
        "FF": 2076,
        "DSP": 0,
        "BRAM": 4,
        "URAM": 0,
        "SRL": 0,
        "CP": 2.505
    },
    "IMPL": {
        "LUT": 2124,
        "FF": 2076,
        "DSP": 0,
        "BRAM": 4,
        "URAM": 0,
        "SRL": 0,
        "CP": 4.221,
        "PWR": 0.25
    }
}