{
    "LATENCY": {
        "best_latency": 921,
        "worst_latency": 921,
        "average_latency": 921,
        "best_time_latency": "9.210 us",
        "worst_time_latency": "9.210 us",
        "average_time_latency": "9.210 us",
        "min_interval": 922,
        "max_interval": 922,
        "Latency": 921
    },
    "HLS": {
        "LUT": 9979,
        "FF": 3020,
        "DSP": 0,
        "BRAM": 5,
        "URAM": 0,
        "CP": 4.334
    },
    "SYN": {
        "LUT": 2323,
        "FF": 2286,
        "DSP": 0,
        "BRAM": 4,
        "URAM": 0,
        "SRL": 0,
        "CP": 2.506
    },
    "IMPL": {
        "LUT": 2300,
        "FF": 2286,
        "DSP": 0,
        "BRAM": 4,
        "URAM": 0,
        "SRL": 0,
        "CP": 3.771,
        "PWR": 0.25
    }
}