{
    "LATENCY": {
        "best_latency": 1909,
        "worst_latency": 2208,
        "average_latency": 2065,
        "best_time_latency": "19.090 us",
        "worst_time_latency": "22.080 us",
        "average_time_latency": "20.650 us",
        "min_interval": 1910,
        "max_interval": 2209,
        "Latency": 2065
    },
    "HLS": {
        "LUT": 338930,
        "FF": 57379,
        "DSP": 0,
        "BRAM": 8,
        "URAM": 0,
        "CP": 7.268
    },
    "SYN": {
        "LUT": 7051,
        "FF": 7400,
        "DSP": 0,
        "BRAM": 5,
        "URAM": 0,
        "SRL": 1296,
        "CP": 2.884
    },
    "IMPL": {
        "LUT": 6572,
        "FF": 7407,
        "DSP": 0,
        "BRAM": 5,
        "URAM": 0,
        "SRL": 924,
        "CP": 7.21,
        "PWR": 0.319
    }
}