{
    "LATENCY": {
        "best_latency": 908,
        "worst_latency": 908,
        "average_latency": 908,
        "best_time_latency": "9.080 us",
        "worst_time_latency": "9.080 us",
        "average_time_latency": "9.080 us",
        "min_interval": 909,
        "max_interval": 909,
        "Latency": 908
    },
    "HLS": {
        "LUT": 9169,
        "FF": 2821,
        "DSP": 0,
        "BRAM": 5,
        "URAM": 0,
        "CP": 4.334
    },
    "SYN": {
        "LUT": 2193,
        "FF": 2099,
        "DSP": 0,
        "BRAM": 4,
        "URAM": 0,
        "SRL": 0,
        "CP": 2.506
    },
    "IMPL": {
        "LUT": 2176,
        "FF": 2099,
        "DSP": 0,
        "BRAM": 4,
        "URAM": 0,
        "SRL": 0,
        "CP": 4.107,
        "PWR": 0.25
    }
}