{
    "LATENCY": {
        "best_latency": 1002,
        "worst_latency": 1002,
        "average_latency": 1002,
        "best_time_latency": "10.020 us",
        "worst_time_latency": "10.020 us",
        "average_time_latency": "10.020 us",
        "min_interval": 1003,
        "max_interval": 1003,
        "Latency": 1002
    },
    "HLS": {
        "LUT": 172137,
        "FF": 25515,
        "DSP": 0,
        "BRAM": 3,
        "URAM": 0,
        "CP": 7.189
    },
    "SYN": {
        "LUT": 10826,
        "FF": 18916,
        "DSP": 0,
        "BRAM": 2,
        "URAM": 0,
        "SRL": 0,
        "CP": 4.626
    },
    "IMPL": {
        "LUT": 10727,
        "FF": 18916,
        "DSP": 0,
        "BRAM": 2,
        "URAM": 0,
        "SRL": 0,
        "CP": 8.791,
        "PWR": 0.375
    }
}