{
    "LATENCY": {
        "best_latency": 960,
        "worst_latency": 960,
        "average_latency": 960,
        "best_time_latency": "10.584 us",
        "worst_time_latency": "10.584 us",
        "average_time_latency": "10.584 us",
        "min_interval": 961,
        "max_interval": 961,
        "Latency": 960
    },
    "HLS": {
        "LUT": 409252,
        "FF": 60394,
        "DSP": 0,
        "BRAM": 9,
        "URAM": 0,
        "CP": 11.025
    },
    "SYN": {
        "LUT": 7878,
        "FF": 8557,
        "DSP": 0,
        "BRAM": 6,
        "URAM": 0,
        "SRL": 1296,
        "CP": 2.778
    },
    "IMPL": {
        "LUT": 7397,
        "FF": 8557,
        "DSP": 0,
        "BRAM": 6,
        "URAM": 0,
        "SRL": 924,
        "CP": 7.891,
        "PWR": 0.326
    }
}