{
    "LATENCY": {
        "best_latency": 1959,
        "worst_latency": 2379,
        "average_latency": 2169,
        "best_time_latency": "19.590 us",
        "worst_time_latency": "23.790 us",
        "average_time_latency": "21.690 us",
        "min_interval": 1960,
        "max_interval": 2380,
        "Latency": 2169
    },
    "HLS": {
        "LUT": 5700,
        "FF": 1969,
        "DSP": 0,
        "BRAM": 3,
        "URAM": 0,
        "CP": 7.293
    },
    "SYN": {
        "LUT": 1322,
        "FF": 1426,
        "DSP": 0,
        "BRAM": 2,
        "URAM": 0,
        "SRL": 0,
        "CP": 3.282
    },
    "IMPL": {
        "LUT": 1313,
        "FF": 1426,
        "DSP": 0,
        "BRAM": 2,
        "URAM": 0,
        "SRL": 0,
        "CP": 4.429,
        "PWR": 0.253
    }
}