{
    "LATENCY": {
        "best_latency": 485,
        "worst_latency": 485,
        "average_latency": 485,
        "best_time_latency": "4.850 us",
        "worst_time_latency": "4.850 us",
        "average_time_latency": "4.850 us",
        "min_interval": 486,
        "max_interval": 486,
        "Latency": 485
    },
    "HLS": {
        "LUT": 170551,
        "FF": 22112,
        "DSP": 0,
        "BRAM": 3,
        "URAM": 0,
        "CP": 7.189
    },
    "SYN": {
        "LUT": 9830,
        "FF": 16113,
        "DSP": 0,
        "BRAM": 2,
        "URAM": 0,
        "SRL": 0,
        "CP": 4.391
    },
    "IMPL": {
        "LUT": 9750,
        "FF": 16113,
        "DSP": 0,
        "BRAM": 2,
        "URAM": 0,
        "SRL": 0,
        "CP": 8.676,
        "PWR": 0.358
    }
}