{
    "LATENCY": {
        "best_latency": 1827,
        "worst_latency": 2243,
        "average_latency": 2035,
        "best_time_latency": "18.270 us",
        "worst_time_latency": "22.430 us",
        "average_time_latency": "20.350 us",
        "min_interval": 1828,
        "max_interval": 2244,
        "Latency": 2035
    },
    "HLS": {
        "LUT": 4649,
        "FF": 1611,
        "DSP": 0,
        "BRAM": 3,
        "URAM": 0,
        "CP": 4.364
    },
    "SYN": {
        "LUT": 1133,
        "FF": 1114,
        "DSP": 0,
        "BRAM": 2,
        "URAM": 0,
        "SRL": 0,
        "CP": 3.049
    },
    "IMPL": {
        "LUT": 1113,
        "FF": 1114,
        "DSP": 0,
        "BRAM": 2,
        "URAM": 0,
        "SRL": 0,
        "CP": 4.0,
        "PWR": 0.251
    }
}