{
    "LATENCY": {
        "best_latency": 760,
        "worst_latency": 786,
        "average_latency": 774,
        "best_time_latency": "8.379 us",
        "worst_time_latency": "8.666 us",
        "average_time_latency": "8.534 us",
        "min_interval": 761,
        "max_interval": 787,
        "Latency": 774
    },
    "HLS": {
        "LUT": 394085,
        "FF": 62233,
        "DSP": 0,
        "BRAM": 9,
        "URAM": 0,
        "CP": 11.025
    },
    "SYN": {
        "LUT": 7998,
        "FF": 10306,
        "DSP": 0,
        "BRAM": 6,
        "URAM": 0,
        "SRL": 1296,
        "CP": 2.594
    },
    "IMPL": {
        "LUT": 7521,
        "FF": 10306,
        "DSP": 0,
        "BRAM": 6,
        "URAM": 0,
        "SRL": 924,
        "CP": 7.825,
        "PWR": 0.334
    }
}