{
    "LATENCY": {
        "best_latency": 2194,
        "worst_latency": 2754,
        "average_latency": 2474,
        "best_time_latency": "21.940 us",
        "worst_time_latency": "27.540 us",
        "average_time_latency": "24.740 us",
        "min_interval": 2195,
        "max_interval": 2755,
        "Latency": 2474
    },
    "HLS": {
        "LUT": 224850,
        "FF": 26798,
        "DSP": 0,
        "BRAM": 2,
        "URAM": 0,
        "CP": 7.293
    },
    "SYN": {
        "LUT": 11848,
        "FF": 17663,
        "DSP": 0,
        "BRAM": 2,
        "URAM": 0,
        "SRL": 0,
        "CP": 4.854
    },
    "IMPL": {
        "LUT": 8859,
        "FF": 17654,
        "DSP": 0,
        "BRAM": 2,
        "URAM": 0,
        "SRL": 0,
        "CP": 8.71,
        "PWR": 0.309
    }
}