{
    "LATENCY": {
        "best_latency": 1182,
        "worst_latency": 1182,
        "average_latency": 1182,
        "best_time_latency": "11.820 us",
        "worst_time_latency": "11.820 us",
        "average_time_latency": "11.820 us",
        "min_interval": 1183,
        "max_interval": 1183,
        "Latency": 1182
    },
    "HLS": {
        "LUT": 9115,
        "FF": 3043,
        "DSP": 0,
        "BRAM": 5,
        "URAM": 0,
        "CP": 4.334
    },
    "SYN": {
        "LUT": 2220,
        "FF": 2323,
        "DSP": 0,
        "BRAM": 3,
        "URAM": 0,
        "SRL": 0,
        "CP": 2.778
    },
    "IMPL": {
        "LUT": 2197,
        "FF": 2323,
        "DSP": 0,
        "BRAM": 3,
        "URAM": 0,
        "SRL": 0,
        "CP": 4.26,
        "PWR": 0.25
    }
}