{
    "LATENCY": {
        "best_latency": 1903,
        "worst_latency": 2190,
        "average_latency": 2050,
        "best_time_latency": "19.030 us",
        "worst_time_latency": "21.900 us",
        "average_time_latency": "20.500 us",
        "min_interval": 1904,
        "max_interval": 2191,
        "Latency": 2050
    },
    "HLS": {
        "LUT": 199063,
        "FF": 26859,
        "DSP": 0,
        "BRAM": 3,
        "URAM": 0,
        "CP": 7.189
    },
    "SYN": {
        "LUT": 13259,
        "FF": 21878,
        "DSP": 0,
        "BRAM": 2,
        "URAM": 0,
        "SRL": 0,
        "CP": 4.791
    },
    "IMPL": {
        "LUT": 13119,
        "FF": 21878,
        "DSP": 0,
        "BRAM": 2,
        "URAM": 0,
        "SRL": 0,
        "CP": 8.421,
        "PWR": 0.424
    }
}