{
    "LATENCY": {
        "best_latency": 2226,
        "worst_latency": 2802,
        "average_latency": 2522,
        "best_time_latency": "22.260 us",
        "worst_time_latency": "28.020 us",
        "average_time_latency": "25.220 us",
        "min_interval": 2227,
        "max_interval": 2803,
        "Latency": 2522
    },
    "HLS": {
        "LUT": 224914,
        "FF": 26616,
        "DSP": 0,
        "BRAM": 2,
        "URAM": 0,
        "CP": 7.777
    },
    "SYN": {
        "LUT": 12004,
        "FF": 18001,
        "DSP": 0,
        "BRAM": 2,
        "URAM": 0,
        "SRL": 0,
        "CP": 4.854
    },
    "IMPL": {
        "LUT": 9030,
        "FF": 17992,
        "DSP": 0,
        "BRAM": 2,
        "URAM": 0,
        "SRL": 0,
        "CP": 9.038,
        "PWR": 0.313
    }
}