{
    "LATENCY": {
        "best_latency": 739,
        "worst_latency": 739,
        "average_latency": 739,
        "best_time_latency": "8.148 us",
        "worst_time_latency": "8.148 us",
        "average_time_latency": "8.148 us",
        "min_interval": 740,
        "max_interval": 740,
        "Latency": 739
    },
    "HLS": {
        "LUT": 395622,
        "FF": 63530,
        "DSP": 0,
        "BRAM": 9,
        "URAM": 0,
        "CP": 11.025
    },
    "SYN": {
        "LUT": 8993,
        "FF": 11665,
        "DSP": 0,
        "BRAM": 6,
        "URAM": 0,
        "SRL": 1299,
        "CP": 2.594
    },
    "IMPL": {
        "LUT": 8516,
        "FF": 11665,
        "DSP": 0,
        "BRAM": 6,
        "URAM": 0,
        "SRL": 927,
        "CP": 8.008,
        "PWR": 0.345
    }
}