{
    "LATENCY": {
        "best_latency": 1174,
        "worst_latency": 1174,
        "average_latency": 1174,
        "best_time_latency": "11.740 us",
        "worst_time_latency": "11.740 us",
        "average_time_latency": "11.740 us",
        "min_interval": 1175,
        "max_interval": 1175,
        "Latency": 1174
    },
    "HLS": {
        "LUT": 10143,
        "FF": 3123,
        "DSP": 0,
        "BRAM": 1,
        "URAM": 0,
        "CP": 5.482
    },
    "SYN": {
        "LUT": 2420,
        "FF": 2392,
        "DSP": 0,
        "BRAM": 1,
        "URAM": 0,
        "SRL": 0,
        "CP": 4.351
    },
    "IMPL": {
        "LUT": 2405,
        "FF": 2392,
        "DSP": 0,
        "BRAM": 1,
        "URAM": 0,
        "SRL": 0,
        "CP": 5.761,
        "PWR": 0.253
    }
}