{
    "LATENCY": {
        "best_latency": 1808,
        "worst_latency": 2107,
        "average_latency": 1964,
        "best_time_latency": "18.080 us",
        "worst_time_latency": "21.070 us",
        "average_time_latency": "19.640 us",
        "min_interval": 1809,
        "max_interval": 2108,
        "Latency": 1964
    },
    "HLS": {
        "LUT": 351800,
        "FF": 57416,
        "DSP": 0,
        "BRAM": 8,
        "URAM": 0,
        "CP": 7.268
    },
    "SYN": {
        "LUT": 7136,
        "FF": 7274,
        "DSP": 0,
        "BRAM": 5,
        "URAM": 0,
        "SRL": 1298,
        "CP": 2.815
    },
    "IMPL": {
        "LUT": 6654,
        "FF": 7281,
        "DSP": 0,
        "BRAM": 5,
        "URAM": 0,
        "SRL": 926,
        "CP": 6.794,
        "PWR": 0.297
    }
}