{
    "LATENCY": {
        "best_latency": 2207,
        "worst_latency": 3049,
        "average_latency": 2629,
        "best_time_latency": "22.070 us",
        "worst_time_latency": "30.490 us",
        "average_time_latency": "26.290 us",
        "min_interval": 2208,
        "max_interval": 3050,
        "Latency": 2629
    },
    "HLS": {
        "LUT": 3843,
        "FF": 1009,
        "DSP": 0,
        "BRAM": 2,
        "URAM": 0,
        "CP": 5.895
    },
    "SYN": {
        "LUT": 862,
        "FF": 758,
        "DSP": 0,
        "BRAM": 2,
        "URAM": 0,
        "SRL": 0,
        "CP": 2.625
    },
    "IMPL": {
        "LUT": 848,
        "FF": 760,
        "DSP": 0,
        "BRAM": 2,
        "URAM": 0,
        "SRL": 0,
        "CP": 3.501,
        "PWR": 0.256
    }
}