{
    "LATENCY": {
        "best_latency": 672,
        "worst_latency": 672,
        "average_latency": 672,
        "best_time_latency": "7.409 us",
        "worst_time_latency": "7.409 us",
        "average_time_latency": "7.409 us",
        "min_interval": 673,
        "max_interval": 673,
        "Latency": 672
    },
    "HLS": {
        "LUT": 429488,
        "FF": 62101,
        "DSP": 0,
        "BRAM": 9,
        "URAM": 0,
        "CP": 11.025
    },
    "SYN": {
        "LUT": 7166,
        "FF": 8361,
        "DSP": 0,
        "BRAM": 7,
        "URAM": 0,
        "SRL": 1300,
        "CP": 2.594
    },
    "IMPL": {
        "LUT": 6696,
        "FF": 8361,
        "DSP": 0,
        "BRAM": 7,
        "URAM": 0,
        "SRL": 928,
        "CP": 7.498,
        "PWR": 0.309
    }
}