{
    "LATENCY": {
        "best_latency": 1929,
        "worst_latency": 2194,
        "average_latency": 2062,
        "best_time_latency": "19.290 us",
        "worst_time_latency": "21.940 us",
        "average_time_latency": "20.620 us",
        "min_interval": 1930,
        "max_interval": 2195,
        "Latency": 2062
    },
    "HLS": {
        "LUT": 321931,
        "FF": 28864,
        "DSP": 0,
        "BRAM": 3,
        "URAM": 0,
        "CP": 7.189
    },
    "SYN": {
        "LUT": 14030,
        "FF": 25421,
        "DSP": 0,
        "BRAM": 2,
        "URAM": 0,
        "SRL": 0,
        "CP": 2.865
    },
    "IMPL": {
        "LUT": 13970,
        "FF": 25421,
        "DSP": 0,
        "BRAM": 2,
        "URAM": 0,
        "SRL": 0,
        "CP": 8.143,
        "PWR": 0.487
    }
}