{
    "LATENCY": {
        "best_latency": 1255,
        "worst_latency": 1255,
        "average_latency": 1255,
        "best_time_latency": "12.550 us",
        "worst_time_latency": "12.550 us",
        "average_time_latency": "12.550 us",
        "min_interval": 1256,
        "max_interval": 1256,
        "Latency": 1255
    },
    "HLS": {
        "LUT": 7881,
        "FF": 2337,
        "DSP": 0,
        "BRAM": 1,
        "URAM": 0,
        "CP": 4.448
    },
    "SYN": {
        "LUT": 2574,
        "FF": 2303,
        "DSP": 0,
        "BRAM": 1,
        "URAM": 0,
        "SRL": 0,
        "CP": 3.769
    },
    "IMPL": {
        "LUT": 2520,
        "FF": 2303,
        "DSP": 0,
        "BRAM": 1,
        "URAM": 0,
        "SRL": 0,
        "CP": 5.246,
        "PWR": 0.251
    }
}