{
    "LATENCY": {
        "best_latency": 2065,
        "worst_latency": 2455,
        "average_latency": 2260,
        "best_time_latency": "20.650 us",
        "worst_time_latency": "24.550 us",
        "average_time_latency": "22.600 us",
        "min_interval": 2066,
        "max_interval": 2456,
        "Latency": 2260
    },
    "HLS": {
        "LUT": 5878,
        "FF": 1818,
        "DSP": 0,
        "BRAM": 3,
        "URAM": 0,
        "CP": 6.978
    },
    "SYN": {
        "LUT": 1222,
        "FF": 1335,
        "DSP": 0,
        "BRAM": 2,
        "URAM": 0,
        "SRL": 0,
        "CP": 3.213
    },
    "IMPL": {
        "LUT": 1208,
        "FF": 1335,
        "DSP": 0,
        "BRAM": 2,
        "URAM": 0,
        "SRL": 0,
        "CP": 3.638,
        "PWR": 0.253
    }
}