{
    "LATENCY": {
        "best_latency": 1825,
        "worst_latency": 2126,
        "average_latency": 1979,
        "best_time_latency": "18.250 us",
        "worst_time_latency": "21.260 us",
        "average_time_latency": "19.790 us",
        "min_interval": 1826,
        "max_interval": 2127,
        "Latency": 1979
    },
    "HLS": {
        "LUT": 207867,
        "FF": 26129,
        "DSP": 0,
        "BRAM": 3,
        "URAM": 0,
        "CP": 7.189
    },
    "SYN": {
        "LUT": 12905,
        "FF": 21130,
        "DSP": 0,
        "BRAM": 2,
        "URAM": 0,
        "SRL": 0,
        "CP": 4.654
    },
    "IMPL": {
        "LUT": 12841,
        "FF": 21130,
        "DSP": 0,
        "BRAM": 2,
        "URAM": 0,
        "SRL": 0,
        "CP": 7.941,
        "PWR": 0.428
    }
}