{
    "LATENCY": {
        "best_latency": 2318,
        "worst_latency": 2318,
        "average_latency": 2318,
        "best_time_latency": "23.180 us",
        "worst_time_latency": "23.180 us",
        "average_time_latency": "23.180 us",
        "min_interval": 2319,
        "max_interval": 2319,
        "Latency": 2318
    },
    "HLS": {
        "LUT": 114943,
        "FF": 66093,
        "DSP": 144,
        "BRAM": 0,
        "URAM": 0,
        "CP": 7.654
    },
    "SYN": {
        "LUT": 94435,
        "FF": 69162,
        "DSP": 144,
        "BRAM": 0,
        "URAM": 0,
        "SRL": 7444,
        "CP": 7.223
    },
    "IMPL": {
        "LUT": 88973,
        "FF": 69080,
        "DSP": 144,
        "BRAM": 0,
        "URAM": 0,
        "SRL": 3786,
        "CP": 9.953,
        "PWR": 2.129
    }
}