{
    "LATENCY": {
        "best_latency": 2457,
        "worst_latency": 2457,
        "average_latency": 2457,
        "best_time_latency": "24.570 us",
        "worst_time_latency": "24.570 us",
        "average_time_latency": "24.570 us",
        "min_interval": 2458,
        "max_interval": 2458,
        "Latency": 2457
    },
    "HLS": {
        "LUT": 94109,
        "FF": 48182,
        "DSP": 121,
        "BRAM": 0,
        "URAM": 0,
        "CP": 7.148
    },
    "SYN": {
        "LUT": 77412,
        "FF": 51170,
        "DSP": 121,
        "BRAM": 0,
        "URAM": 0,
        "SRL": 5014,
        "CP": 7.223
    },
    "IMPL": {
        "LUT": 73301,
        "FF": 51117,
        "DSP": 121,
        "BRAM": 0,
        "URAM": 0,
        "SRL": 2572,
        "CP": 9.768,
        "PWR": 0.873
    }
}