{
    "LATENCY": {
        "best_latency": 2457,
        "worst_latency": 2457,
        "average_latency": 2457,
        "best_time_latency": "24.570 us",
        "worst_time_latency": "24.570 us",
        "average_time_latency": "24.570 us",
        "min_interval": 2458,
        "max_interval": 2458,
        "Latency": 2457
    },
    "HLS": {
        "LUT": 74919,
        "FF": 47817,
        "DSP": 141,
        "BRAM": 0,
        "URAM": 0,
        "CP": 7.697
    },
    "SYN": {
        "LUT": 71062,
        "FF": 50623,
        "DSP": 141,
        "BRAM": 0,
        "URAM": 0,
        "SRL": 5078,
        "CP": 7.223
    },
    "IMPL": {
        "LUT": 67075,
        "FF": 50563,
        "DSP": 141,
        "BRAM": 0,
        "URAM": 0,
        "SRL": 2603,
        "CP": 9.863,
        "PWR": 1.405
    }
}