{
    "LATENCY": {
        "best_latency": 2320,
        "worst_latency": 2320,
        "average_latency": 2320,
        "best_time_latency": "23.200 us",
        "worst_time_latency": "23.200 us",
        "average_time_latency": "23.200 us",
        "min_interval": 2321,
        "max_interval": 2321,
        "Latency": 2320
    },
    "HLS": {
        "LUT": 93498,
        "FF": 64504,
        "DSP": 184,
        "BRAM": 0,
        "URAM": 0,
        "CP": 7.654
    },
    "SYN": {
        "LUT": 82377,
        "FF": 67542,
        "DSP": 184,
        "BRAM": 0,
        "URAM": 0,
        "SRL": 7445,
        "CP": 7.223
    },
    "IMPL": {
        "LUT": 77357,
        "FF": 67491,
        "DSP": 184,
        "BRAM": 0,
        "URAM": 0,
        "SRL": 3787,
        "CP": 9.924,
        "PWR": 1.008
    }
}