{
    "LATENCY": {
        "best_latency": 2457,
        "worst_latency": 2457,
        "average_latency": 2457,
        "best_time_latency": "24.570 us",
        "worst_time_latency": "24.570 us",
        "average_time_latency": "24.570 us",
        "min_interval": 2458,
        "max_interval": 2458,
        "Latency": 2457
    },
    "HLS": {
        "LUT": 76051,
        "FF": 48232,
        "DSP": 141,
        "BRAM": 0,
        "URAM": 0,
        "CP": 7.697
    },
    "SYN": {
        "LUT": 71313,
        "FF": 50728,
        "DSP": 141,
        "BRAM": 0,
        "URAM": 0,
        "SRL": 5079,
        "CP": 7.223
    },
    "IMPL": {
        "LUT": 67339,
        "FF": 50657,
        "DSP": 141,
        "BRAM": 0,
        "URAM": 0,
        "SRL": 2606,
        "CP": 9.869,
        "PWR": 0.834
    }
}