{
    "LATENCY": {
        "best_latency": 2318,
        "worst_latency": 2318,
        "average_latency": 2318,
        "best_time_latency": "23.180 us",
        "worst_time_latency": "23.180 us",
        "average_time_latency": "23.180 us",
        "min_interval": 2319,
        "max_interval": 2319,
        "Latency": 2318
    },
    "HLS": {
        "LUT": 117455,
        "FF": 66821,
        "DSP": 144,
        "BRAM": 0,
        "URAM": 0,
        "CP": 7.654
    },
    "SYN": {
        "LUT": 93710,
        "FF": 69834,
        "DSP": 144,
        "BRAM": 0,
        "URAM": 0,
        "SRL": 7443,
        "CP": 7.223
    },
    "IMPL": {
        "LUT": 88285,
        "FF": 69779,
        "DSP": 144,
        "BRAM": 0,
        "URAM": 0,
        "SRL": 3787,
        "CP": 9.955,
        "PWR": 2.595
    }
}