{
    "LATENCY": {
        "best_latency": 2321,
        "worst_latency": 2321,
        "average_latency": 2321,
        "best_time_latency": "23.210 us",
        "worst_time_latency": "23.210 us",
        "average_time_latency": "23.210 us",
        "min_interval": 2322,
        "max_interval": 2322,
        "Latency": 2321
    },
    "HLS": {
        "LUT": 107372,
        "FF": 65503,
        "DSP": 234,
        "BRAM": 0,
        "URAM": 0,
        "CP": 7.697
    },
    "SYN": {
        "LUT": 70647,
        "FF": 69126,
        "DSP": 234,
        "BRAM": 0,
        "URAM": 0,
        "SRL": 6935,
        "CP": 7.223
    },
    "IMPL": {
        "LUT": 66374,
        "FF": 69085,
        "DSP": 234,
        "BRAM": 0,
        "URAM": 0,
        "SRL": 3532,
        "CP": 9.648,
        "PWR": 0.976
    }
}