{
    "LATENCY": {
        "best_latency": 2317,
        "worst_latency": 2317,
        "average_latency": 2317,
        "best_time_latency": "23.170 us",
        "worst_time_latency": "23.170 us",
        "average_time_latency": "23.170 us",
        "min_interval": 2318,
        "max_interval": 2318,
        "Latency": 2317
    },
    "HLS": {
        "LUT": 118581,
        "FF": 66476,
        "DSP": 138,
        "BRAM": 0,
        "URAM": 0,
        "CP": 7.654
    },
    "SYN": {
        "LUT": 93620,
        "FF": 69262,
        "DSP": 138,
        "BRAM": 0,
        "URAM": 0,
        "SRL": 7447,
        "CP": 7.223
    },
    "IMPL": {
        "LUT": 88175,
        "FF": 69219,
        "DSP": 138,
        "BRAM": 0,
        "URAM": 0,
        "SRL": 3790,
        "CP": 9.818,
        "PWR": 0.831
    }
}