{
    "LATENCY": {
        "best_latency": 2318,
        "worst_latency": 2318,
        "average_latency": 2318,
        "best_time_latency": "23.180 us",
        "worst_time_latency": "23.180 us",
        "average_time_latency": "23.180 us",
        "min_interval": 2319,
        "max_interval": 2319,
        "Latency": 2318
    },
    "HLS": {
        "LUT": 105536,
        "FF": 66468,
        "DSP": 124,
        "BRAM": 0,
        "URAM": 0,
        "CP": 7.654
    },
    "SYN": {
        "LUT": 97414,
        "FF": 69630,
        "DSP": 124,
        "BRAM": 0,
        "URAM": 0,
        "SRL": 7444,
        "CP": 7.223
    },
    "IMPL": {
        "LUT": 91866,
        "FF": 69634,
        "DSP": 124,
        "BRAM": 0,
        "URAM": 0,
        "SRL": 3786,
        "CP": 9.771,
        "PWR": 0.808
    }
}