{
    "LATENCY": {
        "best_latency": 2457,
        "worst_latency": 2457,
        "average_latency": 2457,
        "best_time_latency": "24.570 us",
        "worst_time_latency": "24.570 us",
        "average_time_latency": "24.570 us",
        "min_interval": 2458,
        "max_interval": 2458,
        "Latency": 2457
    },
    "HLS": {
        "LUT": 76197,
        "FF": 47669,
        "DSP": 171,
        "BRAM": 0,
        "URAM": 0,
        "CP": 7.697
    },
    "SYN": {
        "LUT": 64017,
        "FF": 50699,
        "DSP": 171,
        "BRAM": 0,
        "URAM": 0,
        "SRL": 5134,
        "CP": 7.223
    },
    "IMPL": {
        "LUT": 60317,
        "FF": 50601,
        "DSP": 171,
        "BRAM": 0,
        "URAM": 0,
        "SRL": 2636,
        "CP": 9.328,
        "PWR": 1.808
    }
}