{
    "LATENCY": {
        "best_latency": 2332,
        "worst_latency": 2332,
        "average_latency": 2332,
        "best_time_latency": "23.320 us",
        "worst_time_latency": "23.320 us",
        "average_time_latency": "23.320 us",
        "min_interval": 2333,
        "max_interval": 2333,
        "Latency": 2332
    },
    "HLS": {
        "LUT": 130376,
        "FF": 66670,
        "DSP": 144,
        "BRAM": 0,
        "URAM": 0,
        "CP": 7.654
    },
    "SYN": {
        "LUT": 93874,
        "FF": 69671,
        "DSP": 144,
        "BRAM": 0,
        "URAM": 0,
        "SRL": 7701,
        "CP": 7.223
    },
    "IMPL": {
        "LUT": 88327,
        "FF": 69607,
        "DSP": 144,
        "BRAM": 0,
        "URAM": 0,
        "SRL": 3916,
        "CP": 9.884,
        "PWR": 0.899
    }
}