{
    "LATENCY": {
        "best_latency": 2457,
        "worst_latency": 2457,
        "average_latency": 2457,
        "best_time_latency": "24.570 us",
        "worst_time_latency": "24.570 us",
        "average_time_latency": "24.570 us",
        "min_interval": 2458,
        "max_interval": 2458,
        "Latency": 2457
    },
    "HLS": {
        "LUT": 69820,
        "FF": 47760,
        "DSP": 151,
        "BRAM": 0,
        "URAM": 0,
        "CP": 7.697
    },
    "SYN": {
        "LUT": 65578,
        "FF": 50771,
        "DSP": 151,
        "BRAM": 0,
        "URAM": 0,
        "SRL": 5014,
        "CP": 7.223
    },
    "IMPL": {
        "LUT": 61814,
        "FF": 50687,
        "DSP": 151,
        "BRAM": 0,
        "URAM": 0,
        "SRL": 2573,
        "CP": 9.677,
        "PWR": 0.755
    }
}