{
    "LATENCY": {
        "best_latency": 2318,
        "worst_latency": 2318,
        "average_latency": 2318,
        "best_time_latency": "23.180 us",
        "worst_time_latency": "23.180 us",
        "average_time_latency": "23.180 us",
        "min_interval": 2319,
        "max_interval": 2319,
        "Latency": 2318
    },
    "HLS": {
        "LUT": 118769,
        "FF": 67350,
        "DSP": 144,
        "BRAM": 0,
        "URAM": 0,
        "CP": 7.654
    },
    "SYN": {
        "LUT": 95189,
        "FF": 70033,
        "DSP": 144,
        "BRAM": 0,
        "URAM": 0,
        "SRL": 7447,
        "CP": 7.223
    },
    "IMPL": {
        "LUT": 89738,
        "FF": 69947,
        "DSP": 144,
        "BRAM": 0,
        "URAM": 0,
        "SRL": 3790,
        "CP": 9.897,
        "PWR": 1.359
    }
}