{
    "LATENCY": {
        "best_latency": 2321,
        "worst_latency": 2321,
        "average_latency": 2321,
        "best_time_latency": "23.210 us",
        "worst_time_latency": "23.210 us",
        "average_time_latency": "23.210 us",
        "min_interval": 2322,
        "max_interval": 2322,
        "Latency": 2321
    },
    "HLS": {
        "LUT": 80737,
        "FF": 63663,
        "DSP": 224,
        "BRAM": 0,
        "URAM": 0,
        "CP": 7.654
    },
    "SYN": {
        "LUT": 71338,
        "FF": 65812,
        "DSP": 224,
        "BRAM": 0,
        "URAM": 0,
        "SRL": 7437,
        "CP": 7.223
    },
    "IMPL": {
        "LUT": 66686,
        "FF": 65772,
        "DSP": 224,
        "BRAM": 0,
        "URAM": 0,
        "SRL": 3783,
        "CP": 9.914,
        "PWR": 0.963
    }
}