{
    "LATENCY": {
        "best_latency": 2318,
        "worst_latency": 2318,
        "average_latency": 2318,
        "best_time_latency": "23.180 us",
        "worst_time_latency": "23.180 us",
        "average_time_latency": "23.180 us",
        "min_interval": 2319,
        "max_interval": 2319,
        "Latency": 2318
    },
    "HLS": {
        "LUT": 100368,
        "FF": 64038,
        "DSP": 144,
        "BRAM": 0,
        "URAM": 0,
        "CP": 7.654
    },
    "SYN": {
        "LUT": 90677,
        "FF": 67082,
        "DSP": 144,
        "BRAM": 0,
        "URAM": 0,
        "SRL": 7436,
        "CP": 7.223
    },
    "IMPL": {
        "LUT": 85308,
        "FF": 67073,
        "DSP": 144,
        "BRAM": 0,
        "URAM": 0,
        "SRL": 3783,
        "CP": 9.712,
        "PWR": 0.931
    }
}