{
    "LATENCY": {
        "best_latency": 2319,
        "worst_latency": 2319,
        "average_latency": 2319,
        "best_time_latency": "23.190 us",
        "worst_time_latency": "23.190 us",
        "average_time_latency": "23.190 us",
        "min_interval": 2320,
        "max_interval": 2320,
        "Latency": 2319
    },
    "HLS": {
        "LUT": 86072,
        "FF": 64412,
        "DSP": 204,
        "BRAM": 0,
        "URAM": 0,
        "CP": 7.654
    },
    "SYN": {
        "LUT": 75784,
        "FF": 67419,
        "DSP": 204,
        "BRAM": 0,
        "URAM": 0,
        "SRL": 7444,
        "CP": 7.223
    },
    "IMPL": {
        "LUT": 70879,
        "FF": 67294,
        "DSP": 204,
        "BRAM": 0,
        "URAM": 0,
        "SRL": 3785,
        "CP": 9.625,
        "PWR": 0.911
    }
}