{
    "LATENCY": {
        "best_latency": 2318,
        "worst_latency": 2318,
        "average_latency": 2318,
        "best_time_latency": "23.180 us",
        "worst_time_latency": "23.180 us",
        "average_time_latency": "23.180 us",
        "min_interval": 2319,
        "max_interval": 2319,
        "Latency": 2318
    },
    "HLS": {
        "LUT": 102848,
        "FF": 66276,
        "DSP": 144,
        "BRAM": 0,
        "URAM": 0,
        "CP": 7.654
    },
    "SYN": {
        "LUT": 91646,
        "FF": 68147,
        "DSP": 144,
        "BRAM": 0,
        "URAM": 0,
        "SRL": 7445,
        "CP": 7.223
    },
    "IMPL": {
        "LUT": 86274,
        "FF": 68125,
        "DSP": 144,
        "BRAM": 0,
        "URAM": 0,
        "SRL": 3787,
        "CP": 9.953,
        "PWR": 0.928
    }
}