{
    "Option": {
        "INLINE": {
            "-off": [],
            "-recursive": []
        },
        "PIPELINE": {
            "-style": []
        },
        "UNROLL": {
            "-factor": []
        },
        "PARTITION": {
            "-factor": [],
            "-type": []
        },
        "RESHAPE": {
            "-factor": [],
            "-type": []
        },
        "STORAGE": {
            "-type": [],
            "-impl": [],
            "-latency": []
        }
    },
    "Function": {},
    "Loop": {
        "group1": {
            "level": [
                "needwun/init_row"
            ],
            "unroll": [
                "needwun/init_row"
            ],
            "pipeline": [
                "needwun/init_row"
            ],
            "flatten": [
                null
            ],
            "needwun/init_row": {
                "UNROLL": {
                    "-factor": 2
                },
                "PIPELINE": {
                    "-style": "stp",
                    "-state": "-off"
                }
            }
        },
        "group2": {
            "level": [
                "needwun/init_col"
            ],
            "unroll": [
                "needwun/init_col"
            ],
            "pipeline": [
                "needwun/init_col"
            ],
            "flatten": [
                null
            ],
            "needwun/init_col": {
                "UNROLL": {
                    "-factor": 0
                },
                "PIPELINE": {
                    "-style": "stp",
                    "-state": "-off"
                }
            }
        },
        "group3": {
            "level": [
                "needwun/trace"
            ],
            "unroll": [
                "needwun/trace"
            ],
            "pipeline": [
                "needwun/trace"
            ],
            "flatten": [
                null
            ],
            "needwun/trace": {
                "UNROLL": {
                    "-factor": 0
                },
                "PIPELINE": {
                    "-style": "stp",
                    "-state": "-off"
                }
            }
        },
        "group4": {
            "level": [
                "needwun/pad_a"
            ],
            "unroll": [
                "needwun/pad_a"
            ],
            "pipeline": [
                "needwun/pad_a"
            ],
            "flatten": [
                null
            ],
            "needwun/pad_a": {
                "UNROLL": {
                    "-factor": 2
                },
                "PIPELINE": {
                    "-style": "stp",
                    "-state": "-off"
                }
            }
        },
        "group5": {
            "level": [
                "needwun/pad_b"
            ],
            "unroll": [
                "needwun/pad_b"
            ],
            "pipeline": [
                "needwun/pad_b"
            ],
            "flatten": [
                null
            ],
            "needwun/pad_b": {
                "UNROLL": {
                    "-factor": 0
                },
                "PIPELINE": {
                    "-style": "stp",
                    "-state": "-on"
                }
            }
        },
        "group6": {
            "level": [
                "needwun/fill_out",
                "needwun/fill_in"
            ],
            "unroll": [
                "needwun/fill_out",
                "needwun/fill_in"
            ],
            "pipeline": [
                "needwun/fill_in"
            ],
            "flatten": [
                null
            ],
            "needwun/fill_out": {
                "UNROLL": {
                    "-factor": 2
                }
            },
            "needwun/fill_in": {
                "UNROLL": {
                    "-factor": 2
                },
                "PIPELINE": {
                    "-style": "stp",
                    "-state": "-on"
                }
            }
        }
    },
    "Array": {},
    "Interface": {
        "needwun SEQA": {
            "PARTITION": {
                "-factor": 2,
                "-type": "cyclic"
            },
            "RESHAPE": {
                "-factor": 2,
                "-type": "cyclic"
            }
        },
        "needwun SEQB": {
            "PARTITION": {
                "-factor": 2,
                "-type": "block"
            },
            "RESHAPE": {
                "-factor": 2,
                "-type": "cyclic"
            }
        },
        "needwun allignedA": {
            "PARTITION": {
                "-factor": 2,
                "-type": "block"
            },
            "RESHAPE": {
                "-factor": 2,
                "-type": "block"
            }
        },
        "needwun allignedB": {
            "PARTITION": {
                "-factor": 0,
                "-type": "cyclic"
            },
            "RESHAPE": {
                "-factor": 2,
                "-type": "cyclic"
            }
        },
        "needwun M": {
            "PARTITION": {
                "-factor": 2,
                "-type": "cyclic"
            },
            "RESHAPE": {
                "-factor": 2,
                "-type": "cyclic"
            }
        },
        "needwun ptr": {
            "PARTITION": {
                "-factor": 2,
                "-type": "block"
            },
            "RESHAPE": {
                "-factor": 2,
                "-type": "block"
            }
        }
    },
    "Operation": {
        "needwun/fill_in row_up": {
            "mul": {
                "-impl": "fabric",
                "-latency": -1
            }
        },
        "needwun/fill_in row": {
            "mul": {
                "-impl": "dsp",
                "-latency": -1
            }
        },
        "needwun/fill_in up_left": {
            "add": {
                "-impl": "fabric",
                "-latency": -1
            }
        },
        "needwun/fill_in up": {
            "add": {
                "-impl": "fabric",
                "-latency": -1
            }
        },
        "needwun/fill_in left": {
            "add": {
                "-impl": "fabric",
                "-latency": -1
            }
        },
        "needwun/trace r": {
            "mul": {
                "-impl": "fabric",
                "-latency": -1
            }
        },
        "needwun/init_row a_idx": {
            "add": {
                "-impl": "dsp",
                "-latency": -1
            }
        },
        "needwun/fill_in a_idx": {
            "add": {
                "-impl": "dsp",
                "-latency": -1
            }
        },
        "needwun/trace a_idx": {
            "sub": {
                "-impl": "fabric",
                "-latency": -1
            }
        },
        "needwun/init_col b_idx": {
            "add": {
                "-impl": "fabric",
                "-latency": -1
            }
        },
        "needwun/fill_out b_idx": {
            "add": {
                "-impl": "dsp",
                "-latency": -1
            }
        },
        "needwun/trace b_idx": {
            "sub": {
                "-impl": "dsp",
                "-latency": -1
            }
        },
        "needwun/trace a_str_idx": {
            "add": {
                "-impl": "fabric",
                "-latency": -1
            }
        },
        "needwun/pad_a a_str_idx": {
            "add": {
                "-impl": "fabric",
                "-latency": -1
            }
        },
        "needwun/trace b_str_idx": {
            "add": {
                "-impl": "dsp",
                "-latency": -1
            }
        },
        "needwun/pad_b b_str_idx": {
            "add": {
                "-impl": "dsp",
                "-latency": -1
            }
        }
    }
}