{
    "LATENCY": {
        "Latency": 1000
    },
    "HLS": {
        "LUT": 12813,
        "FF": 6065,
        "DSP": 13,
        "BRAM": 0,
        "URAM": 0,
        "CP": 7.199
    },
    "SYN": {
        "LUT": 2076,
        "FF": 1821,
        "DSP": 13,
        "BRAM": 0,
        "URAM": 0,
        "SRL": 86,
        "CP": 4.707
    },
    "IMPL": {
        "LUT": 2027,
        "FF": 1821,
        "DSP": 13,
        "BRAM": 0,
        "URAM": 0,
        "SRL": 62,
        "CP": 6.204,
        "PWR": 0.267
    }
}