{
    "LATENCY": {
        "Latency": 1000
    },
    "HLS": {
        "LUT": 4101,
        "FF": 2646,
        "DSP": 8,
        "BRAM": 0,
        "URAM": 0,
        "CP": 7.043
    },
    "SYN": {
        "LUT": 1188,
        "FF": 1078,
        "DSP": 8,
        "BRAM": 0,
        "URAM": 0,
        "SRL": 55,
        "CP": 3.767
    },
    "IMPL": {
        "LUT": 1144,
        "FF": 1078,
        "DSP": 8,
        "BRAM": 0,
        "URAM": 0,
        "SRL": 36,
        "CP": 4.169,
        "PWR": 0.25
    }
}