{
    "LATENCY": {
        "Latency": 1000
    },
    "HLS": {
        "LUT": 9405,
        "FF": 6547,
        "DSP": 9,
        "BRAM": 0,
        "URAM": 0,
        "CP": 7.039
    },
    "SYN": {
        "LUT": 2440,
        "FF": 1862,
        "DSP": 11,
        "BRAM": 0,
        "URAM": 0,
        "SRL": 87,
        "CP": 5.818
    },
    "IMPL": {
        "LUT": 2398,
        "FF": 1862,
        "DSP": 11,
        "BRAM": 0,
        "URAM": 0,
        "SRL": 75,
        "CP": 6.277,
        "PWR": 0.304
    }
}