{
    "LATENCY": {
        "Latency": 1000
    },
    "HLS": {
        "LUT": 2126,
        "FF": 624,
        "DSP": 3,
        "BRAM": 0,
        "URAM": 0,
        "CP": 6.825
    },
    "SYN": {
        "LUT": 814,
        "FF": 497,
        "DSP": 3,
        "BRAM": 0,
        "URAM": 0,
        "SRL": 0,
        "CP": 4.328
    },
    "IMPL": {
        "LUT": 775,
        "FF": 497,
        "DSP": 3,
        "BRAM": 0,
        "URAM": 0,
        "SRL": 0,
        "CP": 5.826,
        "PWR": 0.254
    }
}