{
    "LATENCY": {
        "Latency": 1000
    },
    "HLS": {
        "LUT": 30707,
        "FF": 26791,
        "DSP": 26,
        "BRAM": 0,
        "URAM": 0,
        "CP": 7.199
    },
    "SYN": {
        "LUT": 9791,
        "FF": 7090,
        "DSP": 42,
        "BRAM": 0,
        "URAM": 0,
        "SRL": 463,
        "CP": 7.21
    },
    "IMPL": {
        "LUT": 9640,
        "FF": 7090,
        "DSP": 42,
        "BRAM": 0,
        "URAM": 0,
        "SRL": 360,
        "CP": 7.483,
        "PWR": 0.504
    }
}