{
    "LATENCY": {
        "Latency": 1000
    },
    "HLS": {
        "LUT": 9760,
        "FF": 3954,
        "DSP": 17,
        "BRAM": 0,
        "URAM": 0,
        "CP": 7.199
    },
    "SYN": {
        "LUT": 2387,
        "FF": 1943,
        "DSP": 17,
        "BRAM": 0,
        "URAM": 0,
        "SRL": 36,
        "CP": 3.297
    },
    "IMPL": {
        "LUT": 2305,
        "FF": 1943,
        "DSP": 17,
        "BRAM": 0,
        "URAM": 0,
        "SRL": 32,
        "CP": 4.152,
        "PWR": 0.291
    }
}