{
    "LATENCY": {
        "Latency": 1000
    },
    "HLS": {
        "LUT": 14853,
        "FF": 9641,
        "DSP": 21,
        "BRAM": 0,
        "URAM": 0,
        "CP": 7.199
    },
    "SYN": {
        "LUT": 2900,
        "FF": 2352,
        "DSP": 21,
        "BRAM": 0,
        "URAM": 0,
        "SRL": 161,
        "CP": 4.116
    },
    "IMPL": {
        "LUT": 2719,
        "FF": 2352,
        "DSP": 21,
        "BRAM": 0,
        "URAM": 0,
        "SRL": 121,
        "CP": 5.789,
        "PWR": 0.281
    }
}