{
    "LATENCY": {
        "Latency": 1000
    },
    "HLS": {
        "LUT": 3877,
        "FF": 1428,
        "DSP": 8,
        "BRAM": 0,
        "URAM": 0,
        "CP": 7.288
    },
    "SYN": {
        "LUT": 1594,
        "FF": 929,
        "DSP": 8,
        "BRAM": 0,
        "URAM": 0,
        "SRL": 0,
        "CP": 5.672
    },
    "IMPL": {
        "LUT": 1579,
        "FF": 929,
        "DSP": 8,
        "BRAM": 0,
        "URAM": 0,
        "SRL": 0,
        "CP": 6.912,
        "PWR": 0.275
    }
}