{
    "LATENCY": {
        "Latency": 1000
    },
    "HLS": {
        "LUT": 18337,
        "FF": 13455,
        "DSP": 22,
        "BRAM": 0,
        "URAM": 0,
        "CP": 6.978
    },
    "SYN": {
        "LUT": 2766,
        "FF": 2784,
        "DSP": 22,
        "BRAM": 0,
        "URAM": 0,
        "SRL": 453,
        "CP": 5.347
    },
    "IMPL": {
        "LUT": 2585,
        "FF": 2784,
        "DSP": 22,
        "BRAM": 0,
        "URAM": 0,
        "SRL": 302,
        "CP": 7.524,
        "PWR": 0.325
    }
}