{
    "LATENCY": {
        "Latency": 1000
    },
    "HLS": {
        "LUT": 2996,
        "FF": 1068,
        "DSP": 9,
        "BRAM": 0,
        "URAM": 0,
        "CP": 7.043
    },
    "SYN": {
        "LUT": 1312,
        "FF": 853,
        "DSP": 9,
        "BRAM": 0,
        "URAM": 0,
        "SRL": 0,
        "CP": 5.248
    },
    "IMPL": {
        "LUT": 1293,
        "FF": 853,
        "DSP": 9,
        "BRAM": 0,
        "URAM": 0,
        "SRL": 0,
        "CP": 6.182,
        "PWR": 0.265
    }
}