{
    "LATENCY": {
        "Latency": 1000
    },
    "HLS": {
        "LUT": 7486,
        "FF": 5133,
        "DSP": 11,
        "BRAM": 0,
        "URAM": 0,
        "CP": 7.288
    },
    "SYN": {
        "LUT": 2076,
        "FF": 1586,
        "DSP": 12,
        "BRAM": 0,
        "URAM": 0,
        "SRL": 130,
        "CP": 6.048
    },
    "IMPL": {
        "LUT": 2019,
        "FF": 1586,
        "DSP": 12,
        "BRAM": 0,
        "URAM": 0,
        "SRL": 88,
        "CP": 8.086,
        "PWR": 0.282
    }
}