{
    "LATENCY": {
        "Latency": 1000
    },
    "HLS": {
        "LUT": 3917,
        "FF": 755,
        "DSP": 3,
        "BRAM": 0,
        "URAM": 0,
        "CP": 7.199
    },
    "SYN": {
        "LUT": 960,
        "FF": 653,
        "DSP": 3,
        "BRAM": 0,
        "URAM": 0,
        "SRL": 0,
        "CP": 3.704
    },
    "IMPL": {
        "LUT": 955,
        "FF": 653,
        "DSP": 3,
        "BRAM": 0,
        "URAM": 0,
        "SRL": 0,
        "CP": 5.19,
        "PWR": 0.258
    }
}