{
    "LATENCY": {
        "Latency": 1000
    },
    "HLS": {
        "LUT": 14540,
        "FF": 4163,
        "DSP": 19,
        "BRAM": 0,
        "URAM": 0,
        "CP": 6.978
    },
    "SYN": {
        "LUT": 2932,
        "FF": 2331,
        "DSP": 19,
        "BRAM": 0,
        "URAM": 0,
        "SRL": 33,
        "CP": 5.388
    },
    "IMPL": {
        "LUT": 2904,
        "FF": 2331,
        "DSP": 19,
        "BRAM": 0,
        "URAM": 0,
        "SRL": 24,
        "CP": 6.513,
        "PWR": 0.285
    }
}