{
    "LATENCY": {
        "Latency": 1000
    },
    "HLS": {
        "LUT": 10673,
        "FF": 5599,
        "DSP": 15,
        "BRAM": 0,
        "URAM": 0,
        "CP": 7.199
    },
    "SYN": {
        "LUT": 1969,
        "FF": 1621,
        "DSP": 15,
        "BRAM": 0,
        "URAM": 0,
        "SRL": 86,
        "CP": 4.158
    },
    "IMPL": {
        "LUT": 1931,
        "FF": 1621,
        "DSP": 15,
        "BRAM": 0,
        "URAM": 0,
        "SRL": 62,
        "CP": 5.389,
        "PWR": 0.274
    }
}