{
    "LATENCY": {
        "Latency": 1000
    },
    "HLS": {
        "LUT": 12442,
        "FF": 2969,
        "DSP": 9,
        "BRAM": 0,
        "URAM": 0,
        "CP": 7.039
    },
    "SYN": {
        "LUT": 2245,
        "FF": 1935,
        "DSP": 11,
        "BRAM": 0,
        "URAM": 0,
        "SRL": 6,
        "CP": 5.818
    },
    "IMPL": {
        "LUT": 2228,
        "FF": 1935,
        "DSP": 11,
        "BRAM": 0,
        "URAM": 0,
        "SRL": 6,
        "CP": 6.006,
        "PWR": 0.28
    }
}