{
    "LATENCY": {
        "Latency": 1000
    },
    "HLS": {
        "LUT": 9407,
        "FF": 8110,
        "DSP": 12,
        "BRAM": 0,
        "URAM": 0,
        "CP": 7.27
    },
    "SYN": {
        "LUT": 2399,
        "FF": 2197,
        "DSP": 13,
        "BRAM": 0,
        "URAM": 0,
        "SRL": 206,
        "CP": 5.818
    },
    "IMPL": {
        "LUT": 2328,
        "FF": 2197,
        "DSP": 13,
        "BRAM": 0,
        "URAM": 0,
        "SRL": 141,
        "CP": 5.86,
        "PWR": 0.285
    }
}