{
    "LATENCY": {
        "Latency": 1000
    },
    "HLS": {
        "LUT": 18287,
        "FF": 8684,
        "DSP": 18,
        "BRAM": 0,
        "URAM": 0,
        "CP": 7.199
    },
    "SYN": {
        "LUT": 3191,
        "FF": 2731,
        "DSP": 18,
        "BRAM": 0,
        "URAM": 0,
        "SRL": 135,
        "CP": 4.343
    },
    "IMPL": {
        "LUT": 3135,
        "FF": 2731,
        "DSP": 18,
        "BRAM": 0,
        "URAM": 0,
        "SRL": 99,
        "CP": 6.293,
        "PWR": 0.277
    }
}