{
    "LATENCY": {
        "Latency": 1000
    },
    "HLS": {
        "LUT": 9796,
        "FF": 8934,
        "DSP": 30,
        "BRAM": 0,
        "URAM": 0,
        "CP": 7.259
    },
    "SYN": {
        "LUT": 3545,
        "FF": 3031,
        "DSP": 48,
        "BRAM": 0,
        "URAM": 0,
        "SRL": 75,
        "CP": 7.223
    },
    "IMPL": {
        "LUT": 3447,
        "FF": 3031,
        "DSP": 48,
        "BRAM": 0,
        "URAM": 0,
        "SRL": 67,
        "CP": 7.618,
        "PWR": 0.339
    }
}