{
    "LATENCY": {
        "Latency": 1000
    },
    "HLS": {
        "LUT": 6920,
        "FF": 3756,
        "DSP": 14,
        "BRAM": 0,
        "URAM": 0,
        "CP": 7.14
    },
    "SYN": {
        "LUT": 1584,
        "FF": 1300,
        "DSP": 16,
        "BRAM": 0,
        "URAM": 0,
        "SRL": 40,
        "CP": 5.818
    },
    "IMPL": {
        "LUT": 1536,
        "FF": 1300,
        "DSP": 16,
        "BRAM": 0,
        "URAM": 0,
        "SRL": 32,
        "CP": 6.831,
        "PWR": 0.272
    }
}