{
    "LATENCY": {
        "Latency": 1000
    },
    "HLS": {
        "LUT": 10793,
        "FF": 7349,
        "DSP": 12,
        "BRAM": 0,
        "URAM": 0,
        "CP": 7.039
    },
    "SYN": {
        "LUT": 2964,
        "FF": 2079,
        "DSP": 14,
        "BRAM": 0,
        "URAM": 0,
        "SRL": 96,
        "CP": 5.818
    },
    "IMPL": {
        "LUT": 2918,
        "FF": 2079,
        "DSP": 14,
        "BRAM": 0,
        "URAM": 0,
        "SRL": 80,
        "CP": 6.126,
        "PWR": 0.31
    }
}