{
    "LATENCY": {
        "Latency": 1000
    },
    "HLS": {
        "LUT": 9773,
        "FF": 3250,
        "DSP": 11,
        "BRAM": 0,
        "URAM": 0,
        "CP": 6.978
    },
    "SYN": {
        "LUT": 1953,
        "FF": 1576,
        "DSP": 11,
        "BRAM": 0,
        "URAM": 0,
        "SRL": 30,
        "CP": 5.388
    },
    "IMPL": {
        "LUT": 1930,
        "FF": 1577,
        "DSP": 11,
        "BRAM": 0,
        "URAM": 0,
        "SRL": 21,
        "CP": 6.44,
        "PWR": 0.272
    }
}