{
    "LATENCY": {
        "Latency": 1000
    },
    "HLS": {
        "LUT": 9002,
        "FF": 5317,
        "DSP": 8,
        "BRAM": 0,
        "URAM": 0,
        "CP": 7.199
    },
    "SYN": {
        "LUT": 1669,
        "FF": 1315,
        "DSP": 8,
        "BRAM": 0,
        "URAM": 0,
        "SRL": 118,
        "CP": 3.824
    },
    "IMPL": {
        "LUT": 1614,
        "FF": 1315,
        "DSP": 8,
        "BRAM": 0,
        "URAM": 0,
        "SRL": 80,
        "CP": 4.631,
        "PWR": 0.268
    }
}