{
    "LATENCY": {
        "Latency": 1000
    },
    "HLS": {
        "LUT": 12786,
        "FF": 7099,
        "DSP": 12,
        "BRAM": 0,
        "URAM": 0,
        "CP": 7.199
    },
    "SYN": {
        "LUT": 2388,
        "FF": 1887,
        "DSP": 12,
        "BRAM": 0,
        "URAM": 0,
        "SRL": 112,
        "CP": 4.707
    },
    "IMPL": {
        "LUT": 2332,
        "FF": 1887,
        "DSP": 12,
        "BRAM": 0,
        "URAM": 0,
        "SRL": 78,
        "CP": 6.247,
        "PWR": 0.273
    }
}