{
    "LATENCY": {
        "Latency": 1000
    },
    "HLS": {
        "LUT": 31540,
        "FF": 25423,
        "DSP": 51,
        "BRAM": 0,
        "URAM": 0,
        "CP": 7.139
    },
    "SYN": {
        "LUT": 9418,
        "FF": 7432,
        "DSP": 65,
        "BRAM": 0,
        "URAM": 0,
        "SRL": 418,
        "CP": 7.233
    },
    "IMPL": {
        "LUT": 9357,
        "FF": 7432,
        "DSP": 65,
        "BRAM": 0,
        "URAM": 0,
        "SRL": 392,
        "CP": 7.65,
        "PWR": 0.524
    }
}