{
    "LATENCY": {
        "Latency": 1000
    },
    "HLS": {
        "LUT": 8164,
        "FF": 3243,
        "DSP": 10,
        "BRAM": 0,
        "URAM": 0,
        "CP": 7.14
    },
    "SYN": {
        "LUT": 1939,
        "FF": 1426,
        "DSP": 12,
        "BRAM": 0,
        "URAM": 0,
        "SRL": 30,
        "CP": 5.948
    },
    "IMPL": {
        "LUT": 1895,
        "FF": 1426,
        "DSP": 12,
        "BRAM": 0,
        "URAM": 0,
        "SRL": 22,
        "CP": 6.473,
        "PWR": 0.265
    }
}