{
    "LATENCY": {
        "Latency": 1000
    },
    "HLS": {
        "LUT": 2581,
        "FF": 727,
        "DSP": 7,
        "BRAM": 0,
        "URAM": 0,
        "CP": 7.043
    },
    "SYN": {
        "LUT": 965,
        "FF": 571,
        "DSP": 7,
        "BRAM": 0,
        "URAM": 0,
        "SRL": 0,
        "CP": 5.207
    },
    "IMPL": {
        "LUT": 943,
        "FF": 571,
        "DSP": 7,
        "BRAM": 0,
        "URAM": 0,
        "SRL": 0,
        "CP": 6.123,
        "PWR": 0.255
    }
}