{
    "LATENCY": {
        "Latency": 1000
    },
    "HLS": {
        "LUT": 13605,
        "FF": 5378,
        "DSP": 22,
        "BRAM": 0,
        "URAM": 0,
        "CP": 7.139
    },
    "SYN": {
        "LUT": 2694,
        "FF": 2621,
        "DSP": 36,
        "BRAM": 0,
        "URAM": 0,
        "SRL": 10,
        "CP": 7.223
    },
    "IMPL": {
        "LUT": 2667,
        "FF": 2621,
        "DSP": 36,
        "BRAM": 0,
        "URAM": 0,
        "SRL": 10,
        "CP": 7.45,
        "PWR": 0.303
    }
}