{
    "LATENCY": {
        "Latency": 1000
    },
    "HLS": {
        "LUT": 8446,
        "FF": 5605,
        "DSP": 9,
        "BRAM": 0,
        "URAM": 0,
        "CP": 7.039
    },
    "SYN": {
        "LUT": 2232,
        "FF": 1785,
        "DSP": 11,
        "BRAM": 0,
        "URAM": 0,
        "SRL": 69,
        "CP": 5.818
    },
    "IMPL": {
        "LUT": 2214,
        "FF": 1785,
        "DSP": 11,
        "BRAM": 0,
        "URAM": 0,
        "SRL": 61,
        "CP": 6.113,
        "PWR": 0.303
    }
}