{
    "LATENCY": {
        "Latency": 1000
    },
    "HLS": {
        "LUT": 7435,
        "FF": 5202,
        "DSP": 10,
        "BRAM": 0,
        "URAM": 0,
        "CP": 7.039
    },
    "SYN": {
        "LUT": 1921,
        "FF": 1560,
        "DSP": 12,
        "BRAM": 0,
        "URAM": 0,
        "SRL": 70,
        "CP": 5.818
    },
    "IMPL": {
        "LUT": 1857,
        "FF": 1560,
        "DSP": 12,
        "BRAM": 0,
        "URAM": 0,
        "SRL": 58,
        "CP": 7.2,
        "PWR": 0.286
    }
}