{
    "LATENCY": {
        "Latency": 1000
    },
    "HLS": {
        "LUT": 5871,
        "FF": 2654,
        "DSP": 8,
        "BRAM": 0,
        "URAM": 0,
        "CP": 7.199
    },
    "SYN": {
        "LUT": 1199,
        "FF": 979,
        "DSP": 8,
        "BRAM": 0,
        "URAM": 0,
        "SRL": 56,
        "CP": 3.858
    },
    "IMPL": {
        "LUT": 1141,
        "FF": 979,
        "DSP": 8,
        "BRAM": 0,
        "URAM": 0,
        "SRL": 37,
        "CP": 4.732,
        "PWR": 0.261
    }
}