{
    "LATENCY": {
        "Latency": 1000
    },
    "HLS": {
        "LUT": 18847,
        "FF": 21889,
        "DSP": 23,
        "BRAM": 0,
        "URAM": 0,
        "CP": 7.139
    },
    "SYN": {
        "LUT": 7767,
        "FF": 5593,
        "DSP": 37,
        "BRAM": 0,
        "URAM": 0,
        "SRL": 397,
        "CP": 7.233
    },
    "IMPL": {
        "LUT": 7668,
        "FF": 5593,
        "DSP": 37,
        "BRAM": 0,
        "URAM": 0,
        "SRL": 372,
        "CP": 7.625,
        "PWR": 0.472
    }
}