{
    "LATENCY": {
        "Latency": 1000
    },
    "HLS": {
        "LUT": 4185,
        "FF": 2339,
        "DSP": 16,
        "BRAM": 0,
        "URAM": 0,
        "CP": 7.108
    },
    "SYN": {
        "LUT": 1602,
        "FF": 1305,
        "DSP": 18,
        "BRAM": 0,
        "URAM": 0,
        "SRL": 5,
        "CP": 5.818
    },
    "IMPL": {
        "LUT": 1596,
        "FF": 1305,
        "DSP": 18,
        "BRAM": 0,
        "URAM": 0,
        "SRL": 5,
        "CP": 6.591,
        "PWR": 0.276
    }
}