{
    "LATENCY": {
        "Latency": 1000
    },
    "HLS": {
        "LUT": 6520,
        "FF": 905,
        "DSP": 3,
        "BRAM": 0,
        "URAM": 0,
        "CP": 6.812
    },
    "SYN": {
        "LUT": 1127,
        "FF": 703,
        "DSP": 3,
        "BRAM": 0,
        "URAM": 0,
        "SRL": 0,
        "CP": 4.707
    },
    "IMPL": {
        "LUT": 1105,
        "FF": 703,
        "DSP": 3,
        "BRAM": 0,
        "URAM": 0,
        "SRL": 0,
        "CP": 6.332,
        "PWR": 0.261
    }
}