{
    "LATENCY": {
        "Latency": 1000
    },
    "HLS": {
        "LUT": 3032,
        "FF": 633,
        "DSP": 2,
        "BRAM": 0,
        "URAM": 0,
        "CP": 6.902
    },
    "SYN": {
        "LUT": 912,
        "FF": 474,
        "DSP": 2,
        "BRAM": 0,
        "URAM": 0,
        "SRL": 0,
        "CP": 4.33
    },
    "IMPL": {
        "LUT": 910,
        "FF": 474,
        "DSP": 2,
        "BRAM": 0,
        "URAM": 0,
        "SRL": 0,
        "CP": 5.531,
        "PWR": 0.253
    }
}