{
    "LATENCY": {
        "Latency": 1000
    },
    "HLS": {
        "LUT": 12597,
        "FF": 5158,
        "DSP": 22,
        "BRAM": 0,
        "URAM": 0,
        "CP": 7.139
    },
    "SYN": {
        "LUT": 2631,
        "FF": 2599,
        "DSP": 36,
        "BRAM": 0,
        "URAM": 0,
        "SRL": 9,
        "CP": 7.223
    },
    "IMPL": {
        "LUT": 2603,
        "FF": 2599,
        "DSP": 36,
        "BRAM": 0,
        "URAM": 0,
        "SRL": 9,
        "CP": 7.012,
        "PWR": 0.307
    }
}