{
    "LATENCY": {
        "Latency": 1000
    },
    "HLS": {
        "LUT": 12671,
        "FF": 3537,
        "DSP": 17,
        "BRAM": 0,
        "URAM": 0,
        "CP": 7.14
    },
    "SYN": {
        "LUT": 2347,
        "FF": 2073,
        "DSP": 19,
        "BRAM": 0,
        "URAM": 0,
        "SRL": 8,
        "CP": 5.818
    },
    "IMPL": {
        "LUT": 2331,
        "FF": 2073,
        "DSP": 19,
        "BRAM": 0,
        "URAM": 0,
        "SRL": 8,
        "CP": 6.502,
        "PWR": 0.28
    }
}