{
    "LATENCY": {
        "Latency": 1000
    },
    "HLS": {
        "LUT": 3318,
        "FF": 727,
        "DSP": 4,
        "BRAM": 0,
        "URAM": 0,
        "CP": 7.199
    },
    "SYN": {
        "LUT": 804,
        "FF": 586,
        "DSP": 4,
        "BRAM": 0,
        "URAM": 0,
        "SRL": 0,
        "CP": 3.7
    },
    "IMPL": {
        "LUT": 800,
        "FF": 586,
        "DSP": 4,
        "BRAM": 0,
        "URAM": 0,
        "SRL": 0,
        "CP": 4.682,
        "PWR": 0.256
    }
}