{
    "LATENCY": {
        "Latency": 1000
    },
    "HLS": {
        "LUT": 2326,
        "FF": 700,
        "DSP": 3,
        "BRAM": 0,
        "URAM": 0,
        "CP": 7.043
    },
    "SYN": {
        "LUT": 905,
        "FF": 523,
        "DSP": 3,
        "BRAM": 0,
        "URAM": 0,
        "SRL": 0,
        "CP": 4.139
    },
    "IMPL": {
        "LUT": 893,
        "FF": 523,
        "DSP": 3,
        "BRAM": 0,
        "URAM": 0,
        "SRL": 0,
        "CP": 5.18,
        "PWR": 0.254
    }
}