{
    "LATENCY": {
        "Latency": 1000
    },
    "HLS": {
        "LUT": 4546,
        "FF": 1936,
        "DSP": 4,
        "BRAM": 0,
        "URAM": 0,
        "CP": 7.17
    },
    "SYN": {
        "LUT": 1883,
        "FF": 1462,
        "DSP": 4,
        "BRAM": 0,
        "URAM": 0,
        "SRL": 0,
        "CP": 5.08
    },
    "IMPL": {
        "LUT": 1817,
        "FF": 1462,
        "DSP": 4,
        "BRAM": 0,
        "URAM": 0,
        "SRL": 0,
        "CP": 6.457,
        "PWR": 0.264
    }
}