{
    "LATENCY": {
        "Latency": 1000
    },
    "HLS": {
        "LUT": 5675,
        "FF": 3766,
        "DSP": 17,
        "BRAM": 0,
        "URAM": 0,
        "CP": 7.043
    },
    "SYN": {
        "LUT": 2275,
        "FF": 2089,
        "DSP": 17,
        "BRAM": 0,
        "URAM": 0,
        "SRL": 16,
        "CP": 3.636
    },
    "IMPL": {
        "LUT": 2231,
        "FF": 2089,
        "DSP": 17,
        "BRAM": 0,
        "URAM": 0,
        "SRL": 16,
        "CP": 4.704,
        "PWR": 0.28
    }
}