{
    "LATENCY": {
        "Latency": 1000
    },
    "HLS": {
        "LUT": 19457,
        "FF": 21635,
        "DSP": 29,
        "BRAM": 0,
        "URAM": 0,
        "CP": 7.139
    },
    "SYN": {
        "LUT": 8450,
        "FF": 6201,
        "DSP": 43,
        "BRAM": 0,
        "URAM": 0,
        "SRL": 360,
        "CP": 7.233
    },
    "IMPL": {
        "LUT": 8358,
        "FF": 6201,
        "DSP": 43,
        "BRAM": 0,
        "URAM": 0,
        "SRL": 347,
        "CP": 8.083,
        "PWR": 0.487
    }
}