{
    "LATENCY": {
        "Latency": 1000
    },
    "HLS": {
        "LUT": 7077,
        "FF": 4814,
        "DSP": 7,
        "BRAM": 0,
        "URAM": 0,
        "CP": 7.039
    },
    "SYN": {
        "LUT": 1971,
        "FF": 1394,
        "DSP": 8,
        "BRAM": 0,
        "URAM": 0,
        "SRL": 62,
        "CP": 5.818
    },
    "IMPL": {
        "LUT": 1923,
        "FF": 1394,
        "DSP": 8,
        "BRAM": 0,
        "URAM": 0,
        "SRL": 50,
        "CP": 6.316,
        "PWR": 0.275
    }
}