{
    "LATENCY": {
        "Latency": 1000
    },
    "HLS": {
        "LUT": 12333,
        "FF": 6755,
        "DSP": 13,
        "BRAM": 0,
        "URAM": 0,
        "CP": 7.039
    },
    "SYN": {
        "LUT": 2709,
        "FF": 2283,
        "DSP": 15,
        "BRAM": 0,
        "URAM": 0,
        "SRL": 76,
        "CP": 5.818
    },
    "IMPL": {
        "LUT": 2688,
        "FF": 2283,
        "DSP": 15,
        "BRAM": 0,
        "URAM": 0,
        "SRL": 68,
        "CP": 6.369,
        "PWR": 0.315
    }
}