{
    "LATENCY": {
        "Latency": 1000
    },
    "HLS": {
        "LUT": 15736,
        "FF": 4778,
        "DSP": 20,
        "BRAM": 0,
        "URAM": 0,
        "CP": 7.199
    },
    "SYN": {
        "LUT": 2928,
        "FF": 2915,
        "DSP": 22,
        "BRAM": 0,
        "URAM": 0,
        "SRL": 12,
        "CP": 5.818
    },
    "IMPL": {
        "LUT": 2900,
        "FF": 2915,
        "DSP": 22,
        "BRAM": 0,
        "URAM": 0,
        "SRL": 12,
        "CP": 6.76,
        "PWR": 0.286
    }
}