{
    "LATENCY": {
        "Latency": 1000
    },
    "HLS": {
        "LUT": 6089,
        "FF": 2687,
        "DSP": 11,
        "BRAM": 0,
        "URAM": 0,
        "CP": 7.039
    },
    "SYN": {
        "LUT": 1621,
        "FF": 1259,
        "DSP": 15,
        "BRAM": 0,
        "URAM": 0,
        "SRL": 21,
        "CP": 6.09
    },
    "IMPL": {
        "LUT": 1587,
        "FF": 1259,
        "DSP": 15,
        "BRAM": 0,
        "URAM": 0,
        "SRL": 17,
        "CP": 6.918,
        "PWR": 0.272
    }
}