{
    "LATENCY": {
        "Latency": 1000
    },
    "HLS": {
        "LUT": 2096,
        "FF": 620,
        "DSP": 3,
        "BRAM": 0,
        "URAM": 0,
        "CP": 6.825
    },
    "SYN": {
        "LUT": 803,
        "FF": 493,
        "DSP": 3,
        "BRAM": 0,
        "URAM": 0,
        "SRL": 0,
        "CP": 4.328
    },
    "IMPL": {
        "LUT": 763,
        "FF": 493,
        "DSP": 3,
        "BRAM": 0,
        "URAM": 0,
        "SRL": 0,
        "CP": 5.899,
        "PWR": 0.254
    }
}