{
    "LATENCY": {
        "best_latency": 65833,
        "worst_latency": 65833,
        "average_latency": 65833,
        "best_time_latency": "0.658 ms",
        "worst_time_latency": "0.658 ms",
        "average_time_latency": "0.658 ms",
        "min_interval": 65834,
        "max_interval": 65834,
        "Latency": 65833
    },
    "HLS": {
        "LUT": 48911,
        "FF": 33256,
        "DSP": 12,
        "BRAM": 0,
        "URAM": 0,
        "CP": 7.112
    },
    "SYN": {
        "LUT": 30371,
        "FF": 33266,
        "DSP": 12,
        "BRAM": 0,
        "URAM": 0,
        "SRL": 5388,
        "CP": 5.171
    },
    "IMPL": {
        "LUT": 27057,
        "FF": 33250,
        "DSP": 12,
        "BRAM": 0,
        "URAM": 0,
        "SRL": 2697,
        "CP": 9.286,
        "PWR": 0.341
    }
}