{
    "LATENCY": {
        "best_latency": 150209,
        "worst_latency": 150209,
        "average_latency": 150209,
        "best_time_latency": "1.502 ms",
        "worst_time_latency": "1.502 ms",
        "average_time_latency": "1.502 ms",
        "min_interval": 150210,
        "max_interval": 150210,
        "Latency": 150209
    },
    "HLS": {
        "LUT": 40055,
        "FF": 29646,
        "DSP": 6,
        "BRAM": 0,
        "URAM": 0,
        "CP": 7.146
    },
    "SYN": {
        "LUT": 20034,
        "FF": 31191,
        "DSP": 6,
        "BRAM": 0,
        "URAM": 0,
        "SRL": 2054,
        "CP": 5.171
    },
    "IMPL": {
        "LUT": 18656,
        "FF": 31183,
        "DSP": 6,
        "BRAM": 0,
        "URAM": 0,
        "SRL": 1029,
        "CP": 9.739,
        "PWR": 0.701
    }
}