{
    "LATENCY": {
        "best_latency": 131338,
        "worst_latency": 131338,
        "average_latency": 131338,
        "best_time_latency": "1.313 ms",
        "worst_time_latency": "1.313 ms",
        "average_time_latency": "1.313 ms",
        "min_interval": 131339,
        "max_interval": 131339,
        "Latency": 131338
    },
    "HLS": {
        "LUT": 45133,
        "FF": 22109,
        "DSP": 6,
        "BRAM": 0,
        "URAM": 0,
        "CP": 7.146
    },
    "SYN": {
        "LUT": 16623,
        "FF": 23285,
        "DSP": 6,
        "BRAM": 0,
        "URAM": 0,
        "SRL": 2061,
        "CP": 5.171
    },
    "IMPL": {
        "LUT": 15211,
        "FF": 23279,
        "DSP": 6,
        "BRAM": 0,
        "URAM": 0,
        "SRL": 1036,
        "CP": 9.786,
        "PWR": 0.337
    }
}