{
    "LATENCY": {
        "best_latency": 65833,
        "worst_latency": 65833,
        "average_latency": 65833,
        "best_time_latency": "0.658 ms",
        "worst_time_latency": "0.658 ms",
        "average_time_latency": "0.658 ms",
        "min_interval": 65834,
        "max_interval": 65834,
        "Latency": 65833
    },
    "HLS": {
        "LUT": 21723,
        "FF": 27023,
        "DSP": 12,
        "BRAM": 0,
        "URAM": 0,
        "CP": 7.112
    },
    "SYN": {
        "LUT": 30093,
        "FF": 27074,
        "DSP": 12,
        "BRAM": 0,
        "URAM": 0,
        "SRL": 5137,
        "CP": 5.171
    },
    "IMPL": {
        "LUT": 26984,
        "FF": 27058,
        "DSP": 12,
        "BRAM": 0,
        "URAM": 0,
        "SRL": 2574,
        "CP": 9.19,
        "PWR": 0.323
    }
}