{
    "LATENCY": {
        "best_latency": 1353729,
        "worst_latency": 1353729,
        "average_latency": 1353729,
        "best_time_latency": "13.537 ms",
        "worst_time_latency": "13.537 ms",
        "average_time_latency": "13.537 ms",
        "min_interval": 1353730,
        "max_interval": 1353730,
        "Latency": 1353729
    },
    "HLS": {
        "LUT": 9178,
        "FF": 2243,
        "DSP": 3,
        "BRAM": 0,
        "URAM": 0,
        "CP": 6.886
    },
    "SYN": {
        "LUT": 4187,
        "FF": 2106,
        "DSP": 3,
        "BRAM": 0,
        "URAM": 0,
        "SRL": 0,
        "CP": 5.171
    },
    "IMPL": {
        "LUT": 4068,
        "FF": 2102,
        "DSP": 3,
        "BRAM": 0,
        "URAM": 0,
        "SRL": 0,
        "CP": 7.516,
        "PWR": 0.299
    }
}