{
    "LATENCY": {
        "best_latency": 1349761,
        "worst_latency": 1349761,
        "average_latency": 1349761,
        "best_time_latency": "13.498 ms",
        "worst_time_latency": "13.498 ms",
        "average_time_latency": "13.498 ms",
        "min_interval": 1349762,
        "max_interval": 1349762,
        "Latency": 1349761
    },
    "HLS": {
        "LUT": 4178,
        "FF": 2053,
        "DSP": 3,
        "BRAM": 0,
        "URAM": 0,
        "CP": 6.709
    },
    "SYN": {
        "LUT": 3940,
        "FF": 1924,
        "DSP": 3,
        "BRAM": 0,
        "URAM": 0,
        "SRL": 0,
        "CP": 5.171
    },
    "IMPL": {
        "LUT": 3824,
        "FF": 1920,
        "DSP": 3,
        "BRAM": 0,
        "URAM": 0,
        "SRL": 0,
        "CP": 7.346,
        "PWR": 0.359
    }
}