{
    "LATENCY": {
        "best_latency": 65834,
        "worst_latency": 65834,
        "average_latency": 65834,
        "best_time_latency": "0.658 ms",
        "worst_time_latency": "0.658 ms",
        "average_time_latency": "0.658 ms",
        "min_interval": 65835,
        "max_interval": 65835,
        "Latency": 65834
    },
    "HLS": {
        "LUT": 25995,
        "FF": 26117,
        "DSP": 12,
        "BRAM": 0,
        "URAM": 0,
        "CP": 7.112
    },
    "SYN": {
        "LUT": 26462,
        "FF": 25911,
        "DSP": 12,
        "BRAM": 0,
        "URAM": 0,
        "SRL": 5388,
        "CP": 5.171
    },
    "IMPL": {
        "LUT": 23256,
        "FF": 25896,
        "DSP": 12,
        "BRAM": 0,
        "URAM": 0,
        "SRL": 2699,
        "CP": 9.807,
        "PWR": 0.436
    }
}