{
    "LATENCY": {
        "best_latency": 150273,
        "worst_latency": 150273,
        "average_latency": 150273,
        "best_time_latency": "1.503 ms",
        "worst_time_latency": "1.503 ms",
        "average_time_latency": "1.503 ms",
        "min_interval": 150274,
        "max_interval": 150274,
        "Latency": 150273
    },
    "HLS": {
        "LUT": 18126,
        "FF": 25989,
        "DSP": 6,
        "BRAM": 0,
        "URAM": 0,
        "CP": 7.146
    },
    "SYN": {
        "LUT": 16330,
        "FF": 27344,
        "DSP": 6,
        "BRAM": 0,
        "URAM": 0,
        "SRL": 2061,
        "CP": 5.171
    },
    "IMPL": {
        "LUT": 14969,
        "FF": 27335,
        "DSP": 6,
        "BRAM": 0,
        "URAM": 0,
        "SRL": 1035,
        "CP": 9.735,
        "PWR": 0.313
    }
}