{
    "LATENCY": {
        "best_latency": 131337,
        "worst_latency": 131337,
        "average_latency": 131337,
        "best_time_latency": "1.313 ms",
        "worst_time_latency": "1.313 ms",
        "average_time_latency": "1.313 ms",
        "min_interval": 131338,
        "max_interval": 131338,
        "Latency": 131337
    },
    "HLS": {
        "LUT": 13238,
        "FF": 19638,
        "DSP": 6,
        "BRAM": 0,
        "URAM": 0,
        "CP": 7.146
    },
    "SYN": {
        "LUT": 16630,
        "FF": 20930,
        "DSP": 6,
        "BRAM": 0,
        "URAM": 0,
        "SRL": 2060,
        "CP": 5.171
    },
    "IMPL": {
        "LUT": 15265,
        "FF": 20922,
        "DSP": 6,
        "BRAM": 0,
        "URAM": 0,
        "SRL": 1034,
        "CP": 9.514,
        "PWR": 0.321
    }
}