{
    "LATENCY": {
        "best_latency": 131276,
        "worst_latency": 131276,
        "average_latency": 131276,
        "best_time_latency": "1.313 ms",
        "worst_time_latency": "1.313 ms",
        "average_time_latency": "1.313 ms",
        "min_interval": 131277,
        "max_interval": 131277,
        "Latency": 131276
    },
    "HLS": {
        "LUT": 40648,
        "FF": 24600,
        "DSP": 0,
        "BRAM": 0,
        "URAM": 0,
        "CP": 7.146
    },
    "SYN": {
        "LUT": 16484,
        "FF": 26623,
        "DSP": 0,
        "BRAM": 0,
        "URAM": 0,
        "SRL": 140,
        "CP": 5.864
    },
    "IMPL": {
        "LUT": 16008,
        "FF": 26615,
        "DSP": 0,
        "BRAM": 0,
        "URAM": 0,
        "SRL": 73,
        "CP": 9.778,
        "PWR": 0.302
    }
}