{
    "LATENCY": {
        "Latency": 1000
    },
    "HLS": {
        "LUT": 8740,
        "FF": 3572,
        "DSP": 48,
        "BRAM": 0,
        "URAM": 0,
        "CP": 7.148
    },
    "SYN": {
        "LUT": 2752,
        "FF": 2950,
        "DSP": 48,
        "BRAM": 0,
        "URAM": 0,
        "SRL": 0,
        "CP": 7.223
    },
    "IMPL": {
        "LUT": 2700,
        "FF": 2938,
        "DSP": 48,
        "BRAM": 0,
        "URAM": 0,
        "SRL": 0,
        "CP": 8.821,
        "PWR": 0.347
    }
}