{
    "LATENCY": {
        "Latency": 1000
    },
    "HLS": {
        "LUT": 9126,
        "FF": 3899,
        "DSP": 48,
        "BRAM": 0,
        "URAM": 0,
        "CP": 7.148
    },
    "SYN": {
        "LUT": 3243,
        "FF": 3210,
        "DSP": 48,
        "BRAM": 0,
        "URAM": 0,
        "SRL": 0,
        "CP": 7.223
    },
    "IMPL": {
        "LUT": 3180,
        "FF": 3196,
        "DSP": 48,
        "BRAM": 0,
        "URAM": 0,
        "SRL": 0,
        "CP": 8.625,
        "PWR": 0.365
    }
}