{
    "LATENCY": {
        "Latency": 1000
    },
    "HLS": {
        "LUT": 17680,
        "FF": 4541,
        "DSP": 48,
        "BRAM": 0,
        "URAM": 0,
        "CP": 7.148
    },
    "SYN": {
        "LUT": 4317,
        "FF": 3582,
        "DSP": 48,
        "BRAM": 0,
        "URAM": 0,
        "SRL": 0,
        "CP": 7.223
    },
    "IMPL": {
        "LUT": 4245,
        "FF": 3568,
        "DSP": 48,
        "BRAM": 0,
        "URAM": 0,
        "SRL": 0,
        "CP": 8.422,
        "PWR": 0.308
    }
}