{
    "LATENCY": {
        "Latency": 1000
    },
    "HLS": {
        "LUT": 32641,
        "FF": 6554,
        "DSP": 48,
        "BRAM": 0,
        "URAM": 0,
        "CP": 7.148
    },
    "SYN": {
        "LUT": 6805,
        "FF": 5231,
        "DSP": 48,
        "BRAM": 0,
        "URAM": 0,
        "SRL": 0,
        "CP": 7.223
    },
    "IMPL": {
        "LUT": 6729,
        "FF": 5217,
        "DSP": 48,
        "BRAM": 0,
        "URAM": 0,
        "SRL": 0,
        "CP": 8.305,
        "PWR": 0.325
    }
}