{
    "LATENCY": {
        "Latency": 1000
    },
    "HLS": {
        "LUT": 27109,
        "FF": 5327,
        "DSP": 25,
        "BRAM": 0,
        "URAM": 0,
        "CP": 7.148
    },
    "SYN": {
        "LUT": 9906,
        "FF": 4472,
        "DSP": 25,
        "BRAM": 0,
        "URAM": 0,
        "SRL": 0,
        "CP": 7.223
    },
    "IMPL": {
        "LUT": 9676,
        "FF": 4460,
        "DSP": 25,
        "BRAM": 0,
        "URAM": 0,
        "SRL": 0,
        "CP": 9.1,
        "PWR": 0.402
    }
}