{
    "LATENCY": {
        "Latency": 1000
    },
    "HLS": {
        "LUT": 11539,
        "FF": 3321,
        "DSP": 27,
        "BRAM": 0,
        "URAM": 0,
        "CP": 7.148
    },
    "SYN": {
        "LUT": 3122,
        "FF": 2716,
        "DSP": 27,
        "BRAM": 0,
        "URAM": 0,
        "SRL": 0,
        "CP": 7.223
    },
    "IMPL": {
        "LUT": 3069,
        "FF": 2708,
        "DSP": 27,
        "BRAM": 0,
        "URAM": 0,
        "SRL": 0,
        "CP": 7.805,
        "PWR": 0.284
    }
}