{
    "LATENCY": {
        "Latency": 1000
    },
    "HLS": {
        "LUT": 13737,
        "FF": 4017,
        "DSP": 48,
        "BRAM": 0,
        "URAM": 0,
        "CP": 7.148
    },
    "SYN": {
        "LUT": 3659,
        "FF": 3328,
        "DSP": 48,
        "BRAM": 0,
        "URAM": 0,
        "SRL": 0,
        "CP": 7.223
    },
    "IMPL": {
        "LUT": 3596,
        "FF": 3314,
        "DSP": 48,
        "BRAM": 0,
        "URAM": 0,
        "SRL": 0,
        "CP": 8.461,
        "PWR": 0.304
    }
}