{
    "LATENCY": {
        "Latency": 1000
    },
    "HLS": {
        "LUT": 22184,
        "FF": 4824,
        "DSP": 48,
        "BRAM": 0,
        "URAM": 0,
        "CP": 7.148
    },
    "SYN": {
        "LUT": 5046,
        "FF": 3717,
        "DSP": 48,
        "BRAM": 0,
        "URAM": 0,
        "SRL": 0,
        "CP": 7.223
    },
    "IMPL": {
        "LUT": 4975,
        "FF": 3703,
        "DSP": 48,
        "BRAM": 0,
        "URAM": 0,
        "SRL": 0,
        "CP": 8.255,
        "PWR": 0.305
    }
}