{
    "LATENCY": {
        "Latency": 1000
    },
    "HLS": {
        "LUT": 10038,
        "FF": 3181,
        "DSP": 17,
        "BRAM": 0,
        "URAM": 0,
        "CP": 7.148
    },
    "SYN": {
        "LUT": 5414,
        "FF": 2814,
        "DSP": 17,
        "BRAM": 0,
        "URAM": 0,
        "SRL": 0,
        "CP": 7.223
    },
    "IMPL": {
        "LUT": 5273,
        "FF": 2806,
        "DSP": 17,
        "BRAM": 0,
        "URAM": 0,
        "SRL": 0,
        "CP": 8.153,
        "PWR": 0.286
    }
}