{
    "LATENCY": {
        "Latency": 1000
    },
    "HLS": {
        "LUT": 22123,
        "FF": 4977,
        "DSP": 48,
        "BRAM": 0,
        "URAM": 0,
        "CP": 7.148
    },
    "SYN": {
        "LUT": 4226,
        "FF": 4238,
        "DSP": 48,
        "BRAM": 0,
        "URAM": 0,
        "SRL": 0,
        "CP": 7.223
    },
    "IMPL": {
        "LUT": 4163,
        "FF": 4224,
        "DSP": 48,
        "BRAM": 0,
        "URAM": 0,
        "SRL": 0,
        "CP": 9.127,
        "PWR": 0.353
    }
}