{
    "LATENCY": {
        "Latency": 1000
    },
    "HLS": {
        "LUT": 3793,
        "FF": 3717,
        "DSP": 48,
        "BRAM": 0,
        "URAM": 0,
        "CP": 7.148
    },
    "SYN": {
        "LUT": 3025,
        "FF": 2997,
        "DSP": 48,
        "BRAM": 0,
        "URAM": 0,
        "SRL": 0,
        "CP": 7.223
    },
    "IMPL": {
        "LUT": 2967,
        "FF": 2983,
        "DSP": 48,
        "BRAM": 0,
        "URAM": 0,
        "SRL": 0,
        "CP": 8.079,
        "PWR": 0.346
    }
}