{
    "LATENCY": {
        "Latency": 1000
    },
    "HLS": {
        "LUT": 13053,
        "FF": 4053,
        "DSP": 27,
        "BRAM": 0,
        "URAM": 0,
        "CP": 7.249
    },
    "SYN": {
        "LUT": 3793,
        "FF": 3653,
        "DSP": 27,
        "BRAM": 0,
        "URAM": 0,
        "SRL": 0,
        "CP": 7.223
    },
    "IMPL": {
        "LUT": 3735,
        "FF": 3645,
        "DSP": 27,
        "BRAM": 0,
        "URAM": 0,
        "SRL": 0,
        "CP": 7.881,
        "PWR": 0.26
    }
}