{
    "LATENCY": {
        "Latency": 1000
    },
    "HLS": {
        "LUT": 10835,
        "FF": 3701,
        "DSP": 17,
        "BRAM": 0,
        "URAM": 0,
        "CP": 7.148
    },
    "SYN": {
        "LUT": 6079,
        "FF": 3275,
        "DSP": 17,
        "BRAM": 0,
        "URAM": 0,
        "SRL": 0,
        "CP": 7.223
    },
    "IMPL": {
        "LUT": 5923,
        "FF": 3265,
        "DSP": 17,
        "BRAM": 0,
        "URAM": 0,
        "SRL": 0,
        "CP": 7.95,
        "PWR": 0.293
    }
}