{
    "LATENCY": {
        "Latency": 1000
    },
    "HLS": {
        "LUT": 41582,
        "FF": 7003,
        "DSP": 48,
        "BRAM": 0,
        "URAM": 0,
        "CP": 7.148
    },
    "SYN": {
        "LUT": 8657,
        "FF": 6086,
        "DSP": 48,
        "BRAM": 0,
        "URAM": 0,
        "SRL": 0,
        "CP": 7.223
    },
    "IMPL": {
        "LUT": 8583,
        "FF": 6072,
        "DSP": 48,
        "BRAM": 0,
        "URAM": 0,
        "SRL": 0,
        "CP": 9.633,
        "PWR": 0.418
    }
}