{
    "LATENCY": {
        "Latency": 1000
    },
    "HLS": {
        "LUT": 17299,
        "FF": 4268,
        "DSP": 48,
        "BRAM": 0,
        "URAM": 0,
        "CP": 7.148
    },
    "SYN": {
        "LUT": 3324,
        "FF": 3578,
        "DSP": 48,
        "BRAM": 0,
        "URAM": 0,
        "SRL": 0,
        "CP": 7.223
    },
    "IMPL": {
        "LUT": 3272,
        "FF": 3566,
        "DSP": 48,
        "BRAM": 0,
        "URAM": 0,
        "SRL": 0,
        "CP": 8.531,
        "PWR": 0.357
    }
}