{
    "LATENCY": {
        "best_latency": 42485,
        "worst_latency": 42485,
        "average_latency": 42485,
        "best_time_latency": "0.425 ms",
        "worst_time_latency": "0.425 ms",
        "average_time_latency": "0.425 ms",
        "min_interval": 42486,
        "max_interval": 42486,
        "Latency": 42485
    },
    "HLS": {
        "LUT": 4187,
        "FF": 4116,
        "DSP": 17,
        "BRAM": 0,
        "URAM": 0,
        "CP": 6.709
    },
    "SYN": {
        "LUT": 1516,
        "FF": 1788,
        "DSP": 17,
        "BRAM": 0,
        "URAM": 0,
        "SRL": 85,
        "CP": 6.496
    },
    "IMPL": {
        "LUT": 1465,
        "FF": 1784,
        "DSP": 17,
        "BRAM": 0,
        "URAM": 0,
        "SRL": 59,
        "CP": 6.906,
        "PWR": 0.277
    }
}