{
    "LATENCY": {
        "best_latency": 65703,
        "worst_latency": 65703,
        "average_latency": 65703,
        "best_time_latency": "0.657 ms",
        "worst_time_latency": "0.657 ms",
        "average_time_latency": "0.657 ms",
        "min_interval": 65704,
        "max_interval": 65704,
        "Latency": 65703
    },
    "HLS": {
        "LUT": 1211,
        "FF": 1066,
        "DSP": 13,
        "BRAM": 0,
        "URAM": 0,
        "CP": 6.504
    },
    "SYN": {
        "LUT": 893,
        "FF": 957,
        "DSP": 13,
        "BRAM": 0,
        "URAM": 0,
        "SRL": 0,
        "CP": 6.496
    },
    "IMPL": {
        "LUT": 872,
        "FF": 953,
        "DSP": 13,
        "BRAM": 0,
        "URAM": 0,
        "SRL": 0,
        "CP": 6.823,
        "PWR": 0.29
    }
}