{
    "LATENCY": {
        "best_latency": 37051,
        "worst_latency": 37051,
        "average_latency": 37051,
        "best_time_latency": "0.371 ms",
        "worst_time_latency": "0.371 ms",
        "average_time_latency": "0.371 ms",
        "min_interval": 37052,
        "max_interval": 37052,
        "Latency": 37051
    },
    "HLS": {
        "LUT": 4050,
        "FF": 3724,
        "DSP": 14,
        "BRAM": 0,
        "URAM": 0,
        "CP": 7.135
    },
    "SYN": {
        "LUT": 1423,
        "FF": 1618,
        "DSP": 14,
        "BRAM": 0,
        "URAM": 0,
        "SRL": 102,
        "CP": 6.496
    },
    "IMPL": {
        "LUT": 1371,
        "FF": 1614,
        "DSP": 14,
        "BRAM": 0,
        "URAM": 0,
        "SRL": 68,
        "CP": 6.943,
        "PWR": 0.285
    }
}