{
    "LATENCY": {
        "best_latency": 35569,
        "worst_latency": 35569,
        "average_latency": 35569,
        "best_time_latency": "0.356 ms",
        "worst_time_latency": "0.356 ms",
        "average_time_latency": "0.356 ms",
        "min_interval": 35570,
        "max_interval": 35570,
        "Latency": 35569
    },
    "HLS": {
        "LUT": 3979,
        "FF": 2244,
        "DSP": 14,
        "BRAM": 0,
        "URAM": 0,
        "CP": 6.802
    },
    "SYN": {
        "LUT": 1189,
        "FF": 1314,
        "DSP": 14,
        "BRAM": 0,
        "URAM": 0,
        "SRL": 28,
        "CP": 6.496
    },
    "IMPL": {
        "LUT": 1158,
        "FF": 1310,
        "DSP": 14,
        "BRAM": 0,
        "URAM": 0,
        "SRL": 20,
        "CP": 6.786,
        "PWR": 0.277
    }
}