{
    "LATENCY": {
        "best_latency": 2545,
        "worst_latency": 2545,
        "average_latency": 2545,
        "best_time_latency": "25.450 us",
        "worst_time_latency": "25.450 us",
        "average_time_latency": "25.450 us",
        "min_interval": 2546,
        "max_interval": 2546,
        "Latency": 2545
    },
    "HLS": {
        "LUT": 7217,
        "FF": 9770,
        "DSP": 36,
        "BRAM": 0,
        "URAM": 0,
        "CP": 7.036
    },
    "SYN": {
        "LUT": 3419,
        "FF": 4731,
        "DSP": 36,
        "BRAM": 0,
        "URAM": 0,
        "SRL": 563,
        "CP": 6.496
    },
    "IMPL": {
        "LUT": 3095,
        "FF": 4723,
        "DSP": 36,
        "BRAM": 0,
        "URAM": 0,
        "SRL": 297,
        "CP": 7.975,
        "PWR": 0.285
    }
}