{
    "LATENCY": {
        "best_latency": 20313,
        "worst_latency": 20313,
        "average_latency": 20313,
        "best_time_latency": "0.203 ms",
        "worst_time_latency": "0.203 ms",
        "average_time_latency": "0.203 ms",
        "min_interval": 20314,
        "max_interval": 20314,
        "Latency": 20313
    },
    "HLS": {
        "LUT": 37705,
        "FF": 31282,
        "DSP": 40,
        "BRAM": 0,
        "URAM": 0,
        "CP": 7.095
    },
    "SYN": {
        "LUT": 12185,
        "FF": 8919,
        "DSP": 50,
        "BRAM": 0,
        "URAM": 0,
        "SRL": 435,
        "CP": 5.864
    },
    "IMPL": {
        "LUT": 11851,
        "FF": 8915,
        "DSP": 50,
        "BRAM": 0,
        "URAM": 0,
        "SRL": 374,
        "CP": 8.618,
        "PWR": 0.513
    }
}