{
    "LATENCY": {
        "best_latency": 2526,
        "worst_latency": 2526,
        "average_latency": 2526,
        "best_time_latency": "25.260 us",
        "worst_time_latency": "25.260 us",
        "average_time_latency": "25.260 us",
        "min_interval": 2527,
        "max_interval": 2527,
        "Latency": 2526
    },
    "HLS": {
        "LUT": 10180,
        "FF": 9918,
        "DSP": 30,
        "BRAM": 0,
        "URAM": 0,
        "CP": 7.01
    },
    "SYN": {
        "LUT": 3867,
        "FF": 6266,
        "DSP": 30,
        "BRAM": 0,
        "URAM": 0,
        "SRL": 132,
        "CP": 6.496
    },
    "IMPL": {
        "LUT": 3768,
        "FF": 6258,
        "DSP": 30,
        "BRAM": 0,
        "URAM": 0,
        "SRL": 84,
        "CP": 7.496,
        "PWR": 0.298
    }
}