{
    "LATENCY": {
        "best_latency": 65703,
        "worst_latency": 65703,
        "average_latency": 65703,
        "best_time_latency": "0.657 ms",
        "worst_time_latency": "0.657 ms",
        "average_time_latency": "0.657 ms",
        "min_interval": 65704,
        "max_interval": 65704,
        "Latency": 65703
    },
    "HLS": {
        "LUT": 1419,
        "FF": 1075,
        "DSP": 13,
        "BRAM": 0,
        "URAM": 0,
        "CP": 6.886
    },
    "SYN": {
        "LUT": 875,
        "FF": 956,
        "DSP": 13,
        "BRAM": 0,
        "URAM": 0,
        "SRL": 0,
        "CP": 6.496
    },
    "IMPL": {
        "LUT": 853,
        "FF": 952,
        "DSP": 13,
        "BRAM": 0,
        "URAM": 0,
        "SRL": 0,
        "CP": 6.6,
        "PWR": 0.289
    }
}