{
    "LATENCY": {
        "Latency": 1000
    },
    "HLS": {
        "LUT": 3418,
        "FF": 1714,
        "DSP": 6,
        "BRAM": 0,
        "URAM": 0,
        "CP": 7.039
    },
    "SYN": {
        "LUT": 1339,
        "FF": 1151,
        "DSP": 8,
        "BRAM": 0,
        "URAM": 0,
        "SRL": 3,
        "CP": 5.818
    },
    "IMPL": {
        "LUT": 1329,
        "FF": 1151,
        "DSP": 8,
        "BRAM": 0,
        "URAM": 0,
        "SRL": 3,
        "CP": 6.003,
        "PWR": 0.269
    }
}