{
    "LATENCY": {
        "Latency": 1000
    },
    "HLS": {
        "LUT": 3829,
        "FF": 1291,
        "DSP": 7,
        "BRAM": 0,
        "URAM": 0,
        "CP": 7.199
    },
    "SYN": {
        "LUT": 1016,
        "FF": 811,
        "DSP": 7,
        "BRAM": 0,
        "URAM": 0,
        "SRL": 5,
        "CP": 3.055
    },
    "IMPL": {
        "LUT": 996,
        "FF": 811,
        "DSP": 7,
        "BRAM": 0,
        "URAM": 0,
        "SRL": 5,
        "CP": 4.056,
        "PWR": 0.267
    }
}