{
    "LATENCY": {
        "Latency": 1000
    },
    "HLS": {
        "LUT": 1939,
        "FF": 626,
        "DSP": 2,
        "BRAM": 0,
        "URAM": 0,
        "CP": 7.108
    },
    "SYN": {
        "LUT": 694,
        "FF": 459,
        "DSP": 2,
        "BRAM": 0,
        "URAM": 0,
        "SRL": 0,
        "CP": 4.33
    },
    "IMPL": {
        "LUT": 687,
        "FF": 459,
        "DSP": 2,
        "BRAM": 0,
        "URAM": 0,
        "SRL": 0,
        "CP": 5.816,
        "PWR": 0.249
    }
}