{
    "LATENCY": {
        "Latency": 1000
    },
    "HLS": {
        "LUT": 16874,
        "FF": 12205,
        "DSP": 20,
        "BRAM": 0,
        "URAM": 0,
        "CP": 7.199
    },
    "SYN": {
        "LUT": 3028,
        "FF": 2783,
        "DSP": 20,
        "BRAM": 0,
        "URAM": 0,
        "SRL": 388,
        "CP": 3.4
    },
    "IMPL": {
        "LUT": 2885,
        "FF": 2783,
        "DSP": 20,
        "BRAM": 0,
        "URAM": 0,
        "SRL": 259,
        "CP": 5.658,
        "PWR": 0.32
    }
}