{
    "LATENCY": {
        "Latency": 1000
    },
    "HLS": {
        "LUT": 10238,
        "FF": 1896,
        "DSP": 4,
        "BRAM": 0,
        "URAM": 0,
        "CP": 7.199
    },
    "SYN": {
        "LUT": 2097,
        "FF": 1410,
        "DSP": 4,
        "BRAM": 0,
        "URAM": 0,
        "SRL": 0,
        "CP": 3.785
    },
    "IMPL": {
        "LUT": 2077,
        "FF": 1410,
        "DSP": 4,
        "BRAM": 0,
        "URAM": 0,
        "SRL": 0,
        "CP": 5.445,
        "PWR": 0.267
    }
}