{
    "LATENCY": {
        "Latency": 1000
    },
    "HLS": {
        "LUT": 15892,
        "FF": 10379,
        "DSP": 30,
        "BRAM": 0,
        "URAM": 0,
        "CP": 7.199
    },
    "SYN": {
        "LUT": 3025,
        "FF": 3133,
        "DSP": 44,
        "BRAM": 0,
        "URAM": 0,
        "SRL": 213,
        "CP": 7.223
    },
    "IMPL": {
        "LUT": 2929,
        "FF": 3133,
        "DSP": 44,
        "BRAM": 0,
        "URAM": 0,
        "SRL": 144,
        "CP": 7.204,
        "PWR": 0.292
    }
}