{
    "LATENCY": {
        "Latency": 1000
    },
    "HLS": {
        "LUT": 2796,
        "FF": 630,
        "DSP": 1,
        "BRAM": 0,
        "URAM": 0,
        "CP": 7.108
    },
    "SYN": {
        "LUT": 835,
        "FF": 521,
        "DSP": 1,
        "BRAM": 0,
        "URAM": 0,
        "SRL": 0,
        "CP": 5.32
    },
    "IMPL": {
        "LUT": 830,
        "FF": 521,
        "DSP": 1,
        "BRAM": 0,
        "URAM": 0,
        "SRL": 0,
        "CP": 7.15,
        "PWR": 0.253
    }
}