{
    "LATENCY": {
        "Latency": 1000
    },
    "HLS": {
        "LUT": 6197,
        "FF": 2192,
        "DSP": 12,
        "BRAM": 0,
        "URAM": 0,
        "CP": 7.017
    },
    "SYN": {
        "LUT": 1606,
        "FF": 1330,
        "DSP": 16,
        "BRAM": 0,
        "URAM": 0,
        "SRL": 8,
        "CP": 6.086
    },
    "IMPL": {
        "LUT": 1590,
        "FF": 1330,
        "DSP": 16,
        "BRAM": 0,
        "URAM": 0,
        "SRL": 8,
        "CP": 7.563,
        "PWR": 0.274
    }
}