{
    "LATENCY": {
        "Latency": 1000
    },
    "HLS": {
        "LUT": 2930,
        "FF": 620,
        "DSP": 1,
        "BRAM": 0,
        "URAM": 0,
        "CP": 6.902
    },
    "SYN": {
        "LUT": 885,
        "FF": 485,
        "DSP": 1,
        "BRAM": 0,
        "URAM": 0,
        "SRL": 0,
        "CP": 4.33
    },
    "IMPL": {
        "LUT": 881,
        "FF": 485,
        "DSP": 1,
        "BRAM": 0,
        "URAM": 0,
        "SRL": 0,
        "CP": 5.526,
        "PWR": 0.251
    }
}