{
    "LATENCY": {
        "Latency": 1000
    },
    "HLS": {
        "LUT": 4761,
        "FF": 1669,
        "DSP": 9,
        "BRAM": 0,
        "URAM": 0,
        "CP": 7.108
    },
    "SYN": {
        "LUT": 1237,
        "FF": 1057,
        "DSP": 11,
        "BRAM": 0,
        "URAM": 0,
        "SRL": 3,
        "CP": 5.948
    },
    "IMPL": {
        "LUT": 1221,
        "FF": 1057,
        "DSP": 11,
        "BRAM": 0,
        "URAM": 0,
        "SRL": 3,
        "CP": 7.468,
        "PWR": 0.266
    }
}