{
    "LATENCY": {
        "Latency": 1000
    },
    "HLS": {
        "LUT": 7980,
        "FF": 3628,
        "DSP": 12,
        "BRAM": 0,
        "URAM": 0,
        "CP": 7.199
    },
    "SYN": {
        "LUT": 2004,
        "FF": 1596,
        "DSP": 16,
        "BRAM": 0,
        "URAM": 0,
        "SRL": 32,
        "CP": 6.09
    },
    "IMPL": {
        "LUT": 1967,
        "FF": 1596,
        "DSP": 16,
        "BRAM": 0,
        "URAM": 0,
        "SRL": 24,
        "CP": 6.974,
        "PWR": 0.271
    }
}