{
    "LATENCY": {
        "Latency": 1000
    },
    "HLS": {
        "LUT": 5754,
        "FF": 1562,
        "DSP": 7,
        "BRAM": 0,
        "URAM": 0,
        "CP": 7.199
    },
    "SYN": {
        "LUT": 1188,
        "FF": 1030,
        "DSP": 7,
        "BRAM": 0,
        "URAM": 0,
        "SRL": 4,
        "CP": 3.858
    },
    "IMPL": {
        "LUT": 1166,
        "FF": 1030,
        "DSP": 7,
        "BRAM": 0,
        "URAM": 0,
        "SRL": 4,
        "CP": 5.216,
        "PWR": 0.264
    }
}