{
    "LATENCY": {
        "Latency": 1000
    },
    "HLS": {
        "LUT": 5950,
        "FF": 4972,
        "DSP": 26,
        "BRAM": 0,
        "URAM": 0,
        "CP": 7.139
    },
    "SYN": {
        "LUT": 2159,
        "FF": 2180,
        "DSP": 40,
        "BRAM": 0,
        "URAM": 0,
        "SRL": 10,
        "CP": 7.223
    },
    "IMPL": {
        "LUT": 2035,
        "FF": 2180,
        "DSP": 40,
        "BRAM": 0,
        "URAM": 0,
        "SRL": 10,
        "CP": 7.659,
        "PWR": 0.291
    }
}