{
    "LATENCY": {
        "Latency": 1000
    },
    "HLS": {
        "LUT": 3495,
        "FF": 1268,
        "DSP": 6,
        "BRAM": 0,
        "URAM": 0,
        "CP": 7.039
    },
    "SYN": {
        "LUT": 888,
        "FF": 801,
        "DSP": 7,
        "BRAM": 0,
        "URAM": 0,
        "SRL": 2,
        "CP": 5.818
    },
    "IMPL": {
        "LUT": 851,
        "FF": 801,
        "DSP": 7,
        "BRAM": 0,
        "URAM": 0,
        "SRL": 2,
        "CP": 5.997,
        "PWR": 0.264
    }
}