{
    "LATENCY": {
        "Latency": 1000
    },
    "HLS": {
        "LUT": 28519,
        "FF": 27324,
        "DSP": 31,
        "BRAM": 0,
        "URAM": 0,
        "CP": 7.199
    },
    "SYN": {
        "LUT": 8749,
        "FF": 6598,
        "DSP": 45,
        "BRAM": 0,
        "URAM": 0,
        "SRL": 646,
        "CP": 7.233
    },
    "IMPL": {
        "LUT": 8602,
        "FF": 6598,
        "DSP": 45,
        "BRAM": 0,
        "URAM": 0,
        "SRL": 535,
        "CP": 7.834,
        "PWR": 0.49
    }
}