{
    "LATENCY": {
        "Latency": 1000
    },
    "HLS": {
        "LUT": 4984,
        "FF": 1318,
        "DSP": 6,
        "BRAM": 0,
        "URAM": 0,
        "CP": 7.199
    },
    "SYN": {
        "LUT": 1077,
        "FF": 912,
        "DSP": 6,
        "BRAM": 0,
        "URAM": 0,
        "SRL": 5,
        "CP": 3.858
    },
    "IMPL": {
        "LUT": 1055,
        "FF": 912,
        "DSP": 6,
        "BRAM": 0,
        "URAM": 0,
        "SRL": 5,
        "CP": 5.186,
        "PWR": 0.27
    }
}