{
    "LATENCY": {
        "Latency": 1000
    },
    "HLS": {
        "LUT": 2556,
        "FF": 816,
        "DSP": 5,
        "BRAM": 0,
        "URAM": 0,
        "CP": 6.812
    },
    "SYN": {
        "LUT": 833,
        "FF": 500,
        "DSP": 5,
        "BRAM": 0,
        "URAM": 0,
        "SRL": 0,
        "CP": 5.139
    },
    "IMPL": {
        "LUT": 825,
        "FF": 500,
        "DSP": 5,
        "BRAM": 0,
        "URAM": 0,
        "SRL": 0,
        "CP": 6.467,
        "PWR": 0.255
    }
}