{
    "LATENCY": {
        "Latency": 1000
    },
    "HLS": {
        "LUT": 15392,
        "FF": 11376,
        "DSP": 21,
        "BRAM": 0,
        "URAM": 0,
        "CP": 7.199
    },
    "SYN": {
        "LUT": 2749,
        "FF": 2840,
        "DSP": 21,
        "BRAM": 0,
        "URAM": 0,
        "SRL": 391,
        "CP": 3.729
    },
    "IMPL": {
        "LUT": 2577,
        "FF": 2840,
        "DSP": 21,
        "BRAM": 0,
        "URAM": 0,
        "SRL": 255,
        "CP": 4.841,
        "PWR": 0.321
    }
}