{
    "LATENCY": {
        "Latency": 1000
    },
    "HLS": {
        "LUT": 3633,
        "FF": 619,
        "DSP": 1,
        "BRAM": 0,
        "URAM": 0,
        "CP": 6.902
    },
    "SYN": {
        "LUT": 901,
        "FF": 530,
        "DSP": 1,
        "BRAM": 0,
        "URAM": 0,
        "SRL": 0,
        "CP": 5.319
    },
    "IMPL": {
        "LUT": 888,
        "FF": 530,
        "DSP": 1,
        "BRAM": 0,
        "URAM": 0,
        "SRL": 0,
        "CP": 7.294,
        "PWR": 0.252
    }
}