{
    "LATENCY": {
        "Latency": 1000
    },
    "HLS": {
        "LUT": 3145,
        "FF": 1126,
        "DSP": 0,
        "BRAM": 0,
        "URAM": 0,
        "CP": 6.539
    },
    "SYN": {
        "LUT": 781,
        "FF": 1119,
        "DSP": 0,
        "BRAM": 0,
        "URAM": 0,
        "SRL": 0,
        "CP": 2.642
    },
    "IMPL": {
        "LUT": 776,
        "FF": 1119,
        "DSP": 0,
        "BRAM": 0,
        "URAM": 0,
        "SRL": 0,
        "CP": 4.767,
        "PWR": 0.25
    }
}