{
    "LATENCY": {
        "Latency": 1000
    },
    "HLS": {
        "LUT": 4756,
        "FF": 1567,
        "DSP": 0,
        "BRAM": 0,
        "URAM": 0,
        "CP": 6.904
    },
    "SYN": {
        "LUT": 1165,
        "FF": 1186,
        "DSP": 0,
        "BRAM": 0,
        "URAM": 0,
        "SRL": 0,
        "CP": 3.258
    },
    "IMPL": {
        "LUT": 1159,
        "FF": 1186,
        "DSP": 0,
        "BRAM": 0,
        "URAM": 0,
        "SRL": 0,
        "CP": 4.491,
        "PWR": 0.253
    }
}