{
    "LATENCY": {
        "Latency": 1000
    },
    "HLS": {
        "LUT": 5844,
        "FF": 1921,
        "DSP": 9,
        "BRAM": 0,
        "URAM": 0,
        "CP": 7.139
    },
    "SYN": {
        "LUT": 817,
        "FF": 1123,
        "DSP": 10,
        "BRAM": 0,
        "URAM": 0,
        "SRL": 0,
        "CP": 6.546
    },
    "IMPL": {
        "LUT": 814,
        "FF": 1123,
        "DSP": 10,
        "BRAM": 0,
        "URAM": 0,
        "SRL": 0,
        "CP": 6.496,
        "PWR": 0.26
    }
}