{
    "LATENCY": {
        "Latency": 1000
    },
    "HLS": {
        "LUT": 1976,
        "FF": 1144,
        "DSP": 0,
        "BRAM": 0,
        "URAM": 0,
        "CP": 6.822
    },
    "SYN": {
        "LUT": 789,
        "FF": 885,
        "DSP": 0,
        "BRAM": 0,
        "URAM": 0,
        "SRL": 0,
        "CP": 3.011
    },
    "IMPL": {
        "LUT": 783,
        "FF": 885,
        "DSP": 0,
        "BRAM": 0,
        "URAM": 0,
        "SRL": 0,
        "CP": 4.152,
        "PWR": 0.255
    }
}