{
    "LATENCY": {
        "Latency": 1000
    },
    "HLS": {
        "LUT": 4005,
        "FF": 771,
        "DSP": 0,
        "BRAM": 0,
        "URAM": 0,
        "CP": 6.904
    },
    "SYN": {
        "LUT": 671,
        "FF": 770,
        "DSP": 0,
        "BRAM": 0,
        "URAM": 0,
        "SRL": 0,
        "CP": 4.401
    },
    "IMPL": {
        "LUT": 663,
        "FF": 770,
        "DSP": 0,
        "BRAM": 0,
        "URAM": 0,
        "SRL": 0,
        "CP": 6.863,
        "PWR": 0.252
    }
}