{
    "LATENCY": {
        "Latency": 1000
    },
    "HLS": {
        "LUT": 6709,
        "FF": 2550,
        "DSP": 6,
        "BRAM": 0,
        "URAM": 0,
        "CP": 7.139
    },
    "SYN": {
        "LUT": 1242,
        "FF": 1694,
        "DSP": 10,
        "BRAM": 0,
        "URAM": 0,
        "SRL": 4,
        "CP": 6.546
    },
    "IMPL": {
        "LUT": 1233,
        "FF": 1694,
        "DSP": 10,
        "BRAM": 0,
        "URAM": 0,
        "SRL": 4,
        "CP": 6.81,
        "PWR": 0.266
    }
}