{
    "LATENCY": {
        "Latency": 1000
    },
    "HLS": {
        "LUT": 7021,
        "FF": 1127,
        "DSP": 0,
        "BRAM": 0,
        "URAM": 0,
        "CP": 6.539
    },
    "SYN": {
        "LUT": 917,
        "FF": 1126,
        "DSP": 0,
        "BRAM": 0,
        "URAM": 0,
        "SRL": 0,
        "CP": 2.628
    },
    "IMPL": {
        "LUT": 911,
        "FF": 1126,
        "DSP": 0,
        "BRAM": 0,
        "URAM": 0,
        "SRL": 0,
        "CP": 4.544,
        "PWR": 0.251
    }
}