{
    "LATENCY": {
        "Latency": 1000
    },
    "HLS": {
        "LUT": 4985,
        "FF": 1118,
        "DSP": 0,
        "BRAM": 0,
        "URAM": 0,
        "CP": 6.904
    },
    "SYN": {
        "LUT": 1129,
        "FF": 1059,
        "DSP": 0,
        "BRAM": 0,
        "URAM": 0,
        "SRL": 0,
        "CP": 3.529
    },
    "IMPL": {
        "LUT": 1124,
        "FF": 1059,
        "DSP": 0,
        "BRAM": 0,
        "URAM": 0,
        "SRL": 0,
        "CP": 5.558,
        "PWR": 0.257
    }
}