{
    "LATENCY": {
        "Latency": 1000
    },
    "HLS": {
        "LUT": 4489,
        "FF": 945,
        "DSP": 0,
        "BRAM": 0,
        "URAM": 0,
        "CP": 6.904
    },
    "SYN": {
        "LUT": 854,
        "FF": 880,
        "DSP": 0,
        "BRAM": 0,
        "URAM": 0,
        "SRL": 0,
        "CP": 2.744
    },
    "IMPL": {
        "LUT": 844,
        "FF": 880,
        "DSP": 0,
        "BRAM": 0,
        "URAM": 0,
        "SRL": 0,
        "CP": 4.904,
        "PWR": 0.261
    }
}