{
    "LATENCY": {
        "Latency": 1000
    },
    "HLS": {
        "LUT": 2309,
        "FF": 1970,
        "DSP": 6,
        "BRAM": 0,
        "URAM": 0,
        "CP": 7.139
    },
    "SYN": {
        "LUT": 793,
        "FF": 1046,
        "DSP": 10,
        "BRAM": 0,
        "URAM": 0,
        "SRL": 0,
        "CP": 6.546
    },
    "IMPL": {
        "LUT": 789,
        "FF": 1046,
        "DSP": 10,
        "BRAM": 0,
        "URAM": 0,
        "SRL": 0,
        "CP": 6.546,
        "PWR": 0.26
    }
}