{
    "LATENCY": {
        "Latency": 1000
    },
    "HLS": {
        "LUT": 4863,
        "FF": 719,
        "DSP": 0,
        "BRAM": 0,
        "URAM": 0,
        "CP": 6.904
    },
    "SYN": {
        "LUT": 600,
        "FF": 713,
        "DSP": 0,
        "BRAM": 0,
        "URAM": 0,
        "SRL": 0,
        "CP": 4.415
    },
    "IMPL": {
        "LUT": 595,
        "FF": 713,
        "DSP": 0,
        "BRAM": 0,
        "URAM": 0,
        "SRL": 0,
        "CP": 5.186,
        "PWR": 0.251
    }
}