{
    "LATENCY": {
        "Latency": 1000
    },
    "HLS": {
        "LUT": 5380,
        "FF": 3140,
        "DSP": 9,
        "BRAM": 0,
        "URAM": 0,
        "CP": 7.139
    },
    "SYN": {
        "LUT": 1075,
        "FF": 2316,
        "DSP": 10,
        "BRAM": 0,
        "URAM": 0,
        "SRL": 0,
        "CP": 6.546
    },
    "IMPL": {
        "LUT": 1058,
        "FF": 2316,
        "DSP": 10,
        "BRAM": 0,
        "URAM": 0,
        "SRL": 0,
        "CP": 6.496,
        "PWR": 0.264
    }
}