{
    "LATENCY": {
        "Latency": 1000
    },
    "HLS": {
        "LUT": 2634,
        "FF": 2401,
        "DSP": 0,
        "BRAM": 0,
        "URAM": 0,
        "CP": 6.237
    },
    "SYN": {
        "LUT": 1386,
        "FF": 2089,
        "DSP": 0,
        "BRAM": 0,
        "URAM": 0,
        "SRL": 0,
        "CP": 4.405
    },
    "IMPL": {
        "LUT": 1374,
        "FF": 2089,
        "DSP": 0,
        "BRAM": 0,
        "URAM": 0,
        "SRL": 0,
        "CP": 5.966,
        "PWR": 0.252
    }
}