{
    "LATENCY": {
        "Latency": 1000
    },
    "HLS": {
        "LUT": 8357,
        "FF": 1278,
        "DSP": 0,
        "BRAM": 0,
        "URAM": 0,
        "CP": 6.904
    },
    "SYN": {
        "LUT": 1139,
        "FF": 887,
        "DSP": 0,
        "BRAM": 0,
        "URAM": 0,
        "SRL": 0,
        "CP": 2.841
    },
    "IMPL": {
        "LUT": 1134,
        "FF": 887,
        "DSP": 0,
        "BRAM": 0,
        "URAM": 0,
        "SRL": 0,
        "CP": 4.469,
        "PWR": 0.259
    }
}