{
    "LATENCY": {
        "Latency": 1000
    },
    "HLS": {
        "LUT": 1444,
        "FF": 967,
        "DSP": 0,
        "BRAM": 0,
        "URAM": 0,
        "CP": 5.393
    },
    "SYN": {
        "LUT": 724,
        "FF": 958,
        "DSP": 0,
        "BRAM": 0,
        "URAM": 0,
        "SRL": 0,
        "CP": 4.395
    },
    "IMPL": {
        "LUT": 720,
        "FF": 958,
        "DSP": 0,
        "BRAM": 0,
        "URAM": 0,
        "SRL": 0,
        "CP": 5.898,
        "PWR": 0.258
    }
}