{
    "LATENCY": {
        "Latency": 1000
    },
    "HLS": {
        "LUT": 1815,
        "FF": 2221,
        "DSP": 0,
        "BRAM": 0,
        "URAM": 0,
        "CP": 6.237
    },
    "SYN": {
        "LUT": 1518,
        "FF": 1690,
        "DSP": 0,
        "BRAM": 0,
        "URAM": 0,
        "SRL": 0,
        "CP": 4.004
    },
    "IMPL": {
        "LUT": 1515,
        "FF": 1690,
        "DSP": 0,
        "BRAM": 0,
        "URAM": 0,
        "SRL": 0,
        "CP": 6.724,
        "PWR": 0.254
    }
}