{
    "LATENCY": {
        "Latency": 1000
    },
    "HLS": {
        "LUT": 6895,
        "FF": 1033,
        "DSP": 0,
        "BRAM": 0,
        "URAM": 0,
        "CP": 6.904
    },
    "SYN": {
        "LUT": 856,
        "FF": 1025,
        "DSP": 0,
        "BRAM": 0,
        "URAM": 0,
        "SRL": 0,
        "CP": 3.245
    },
    "IMPL": {
        "LUT": 855,
        "FF": 1025,
        "DSP": 0,
        "BRAM": 0,
        "URAM": 0,
        "SRL": 0,
        "CP": 4.621,
        "PWR": 0.246
    }
}