{
    "LATENCY": {
        "Latency": 1000
    },
    "HLS": {
        "LUT": 2679,
        "FF": 1089,
        "DSP": 0,
        "BRAM": 0,
        "URAM": 0,
        "CP": 6.904
    },
    "SYN": {
        "LUT": 499,
        "FF": 708,
        "DSP": 0,
        "BRAM": 0,
        "URAM": 0,
        "SRL": 0,
        "CP": 4.409
    },
    "IMPL": {
        "LUT": 493,
        "FF": 708,
        "DSP": 0,
        "BRAM": 0,
        "URAM": 0,
        "SRL": 0,
        "CP": 6.073,
        "PWR": 0.253
    }
}