{
    "LATENCY": {
        "Latency": 1000
    },
    "HLS": {
        "LUT": 2418,
        "FF": 1941,
        "DSP": 0,
        "BRAM": 0,
        "URAM": 0,
        "CP": 6.539
    },
    "SYN": {
        "LUT": 1156,
        "FF": 1673,
        "DSP": 0,
        "BRAM": 0,
        "URAM": 0,
        "SRL": 0,
        "CP": 2.858
    },
    "IMPL": {
        "LUT": 1153,
        "FF": 1673,
        "DSP": 0,
        "BRAM": 0,
        "URAM": 0,
        "SRL": 0,
        "CP": 4.706,
        "PWR": 0.249
    }
}