{
    "LATENCY": {
        "Latency": 1000
    },
    "HLS": {
        "LUT": 1646,
        "FF": 1397,
        "DSP": 0,
        "BRAM": 0,
        "URAM": 0,
        "CP": 6.237
    },
    "SYN": {
        "LUT": 785,
        "FF": 1158,
        "DSP": 0,
        "BRAM": 0,
        "URAM": 0,
        "SRL": 4,
        "CP": 4.401
    },
    "IMPL": {
        "LUT": 777,
        "FF": 1158,
        "DSP": 0,
        "BRAM": 0,
        "URAM": 0,
        "SRL": 4,
        "CP": 5.409,
        "PWR": 0.251
    }
}