{
    "LATENCY": {
        "Latency": 1000
    },
    "HLS": {
        "LUT": 1574,
        "FF": 680,
        "DSP": 0,
        "BRAM": 0,
        "URAM": 0,
        "CP": 6.9
    },
    "SYN": {
        "LUT": 584,
        "FF": 629,
        "DSP": 0,
        "BRAM": 0,
        "URAM": 0,
        "SRL": 0,
        "CP": 2.8
    },
    "IMPL": {
        "LUT": 579,
        "FF": 629,
        "DSP": 0,
        "BRAM": 0,
        "URAM": 0,
        "SRL": 0,
        "CP": 4.376,
        "PWR": 0.249
    }
}