{
    "LATENCY": {
        "Latency": 1000
    },
    "HLS": {
        "LUT": 4492,
        "FF": 1983,
        "DSP": 0,
        "BRAM": 0,
        "URAM": 0,
        "CP": 6.822
    },
    "SYN": {
        "LUT": 954,
        "FF": 1951,
        "DSP": 0,
        "BRAM": 0,
        "URAM": 0,
        "SRL": 0,
        "CP": 3.1
    },
    "IMPL": {
        "LUT": 941,
        "FF": 1951,
        "DSP": 0,
        "BRAM": 0,
        "URAM": 0,
        "SRL": 0,
        "CP": 4.656,
        "PWR": 0.252
    }
}