{
    "LATENCY": {
        "Latency": 1000
    },
    "HLS": {
        "LUT": 15172,
        "FF": 3079,
        "DSP": 0,
        "BRAM": 0,
        "URAM": 0,
        "CP": 6.904
    },
    "SYN": {
        "LUT": 1931,
        "FF": 2220,
        "DSP": 0,
        "BRAM": 0,
        "URAM": 0,
        "SRL": 2,
        "CP": 3.581
    },
    "IMPL": {
        "LUT": 1909,
        "FF": 2220,
        "DSP": 0,
        "BRAM": 0,
        "URAM": 0,
        "SRL": 2,
        "CP": 5.308,
        "PWR": 0.255
    }
}