{
    "LATENCY": {
        "Latency": 1000
    },
    "HLS": {
        "LUT": 2668,
        "FF": 640,
        "DSP": 0,
        "BRAM": 0,
        "URAM": 0,
        "CP": 6.237
    },
    "SYN": {
        "LUT": 605,
        "FF": 629,
        "DSP": 0,
        "BRAM": 0,
        "URAM": 0,
        "SRL": 0,
        "CP": 2.595
    },
    "IMPL": {
        "LUT": 602,
        "FF": 629,
        "DSP": 0,
        "BRAM": 0,
        "URAM": 0,
        "SRL": 0,
        "CP": 3.95,
        "PWR": 0.249
    }
}