{
    "LATENCY": {
        "Latency": 1000
    },
    "HLS": {
        "LUT": 3016,
        "FF": 903,
        "DSP": 0,
        "BRAM": 0,
        "URAM": 0,
        "CP": 6.904
    },
    "SYN": {
        "LUT": 721,
        "FF": 895,
        "DSP": 0,
        "BRAM": 0,
        "URAM": 0,
        "SRL": 0,
        "CP": 2.786
    },
    "IMPL": {
        "LUT": 718,
        "FF": 895,
        "DSP": 0,
        "BRAM": 0,
        "URAM": 0,
        "SRL": 0,
        "CP": 4.052,
        "PWR": 0.252
    }
}