{
    "LATENCY": {
        "Latency": 1000
    },
    "HLS": {
        "LUT": 2697,
        "FF": 511,
        "DSP": 0,
        "BRAM": 0,
        "URAM": 0,
        "CP": 5.482
    },
    "SYN": {
        "LUT": 441,
        "FF": 504,
        "DSP": 0,
        "BRAM": 0,
        "URAM": 0,
        "SRL": 0,
        "CP": 2.639
    },
    "IMPL": {
        "LUT": 441,
        "FF": 504,
        "DSP": 0,
        "BRAM": 0,
        "URAM": 0,
        "SRL": 0,
        "CP": 4.121,
        "PWR": 0.247
    }
}