{
    "LATENCY": {
        "Latency": 1000
    },
    "HLS": {
        "LUT": 15453,
        "FF": 3698,
        "DSP": 0,
        "BRAM": 0,
        "URAM": 0,
        "CP": 6.904
    },
    "SYN": {
        "LUT": 2148,
        "FF": 3643,
        "DSP": 0,
        "BRAM": 0,
        "URAM": 0,
        "SRL": 0,
        "CP": 3.6
    },
    "IMPL": {
        "LUT": 2117,
        "FF": 3643,
        "DSP": 0,
        "BRAM": 0,
        "URAM": 0,
        "SRL": 0,
        "CP": 6.336,
        "PWR": 0.272
    }
}