{
    "LATENCY": {
        "Latency": 1000
    },
    "HLS": {
        "LUT": 9375,
        "FF": 2087,
        "DSP": 0,
        "BRAM": 0,
        "URAM": 0,
        "CP": 5.482
    },
    "SYN": {
        "LUT": 1385,
        "FF": 2069,
        "DSP": 0,
        "BRAM": 0,
        "URAM": 0,
        "SRL": 0,
        "CP": 4.409
    },
    "IMPL": {
        "LUT": 1375,
        "FF": 2069,
        "DSP": 0,
        "BRAM": 0,
        "URAM": 0,
        "SRL": 0,
        "CP": 6.588,
        "PWR": 0.254
    }
}