{
    "LATENCY": {
        "Latency": 1000
    },
    "HLS": {
        "LUT": 5190,
        "FF": 2734,
        "DSP": 0,
        "BRAM": 0,
        "URAM": 0,
        "CP": 6.237
    },
    "SYN": {
        "LUT": 1506,
        "FF": 1754,
        "DSP": 0,
        "BRAM": 0,
        "URAM": 0,
        "SRL": 0,
        "CP": 4.004
    },
    "IMPL": {
        "LUT": 1500,
        "FF": 1754,
        "DSP": 0,
        "BRAM": 0,
        "URAM": 0,
        "SRL": 0,
        "CP": 6.772,
        "PWR": 0.254
    }
}