{
    "LATENCY": {
        "Latency": 1000
    },
    "HLS": {
        "LUT": 10295,
        "FF": 6348,
        "DSP": 0,
        "BRAM": 0,
        "URAM": 0,
        "CP": 6.237
    },
    "SYN": {
        "LUT": 1465,
        "FF": 3310,
        "DSP": 0,
        "BRAM": 0,
        "URAM": 0,
        "SRL": 0,
        "CP": 3.532
    },
    "IMPL": {
        "LUT": 1440,
        "FF": 3310,
        "DSP": 0,
        "BRAM": 0,
        "URAM": 0,
        "SRL": 0,
        "CP": 5.168,
        "PWR": 0.257
    }
}