{
    "LATENCY": {
        "Latency": 1000
    },
    "HLS": {
        "LUT": 3666,
        "FF": 2232,
        "DSP": 6,
        "BRAM": 0,
        "URAM": 0,
        "CP": 7.139
    },
    "SYN": {
        "LUT": 920,
        "FF": 1376,
        "DSP": 10,
        "BRAM": 0,
        "URAM": 0,
        "SRL": 4,
        "CP": 6.546
    },
    "IMPL": {
        "LUT": 917,
        "FF": 1376,
        "DSP": 10,
        "BRAM": 0,
        "URAM": 0,
        "SRL": 4,
        "CP": 6.496,
        "PWR": 0.261
    }
}