{
    "LATENCY": {
        "Latency": 1000
    },
    "HLS": {
        "LUT": 5647,
        "FF": 1650,
        "DSP": 0,
        "BRAM": 0,
        "URAM": 0,
        "CP": 6.539
    },
    "SYN": {
        "LUT": 793,
        "FF": 1286,
        "DSP": 0,
        "BRAM": 0,
        "URAM": 0,
        "SRL": 0,
        "CP": 4.409
    },
    "IMPL": {
        "LUT": 788,
        "FF": 1286,
        "DSP": 0,
        "BRAM": 0,
        "URAM": 0,
        "SRL": 0,
        "CP": 6.316,
        "PWR": 0.251
    }
}