{
    "LATENCY": {
        "Latency": 1000
    },
    "HLS": {
        "LUT": 10635,
        "FF": 3093,
        "DSP": 0,
        "BRAM": 0,
        "URAM": 0,
        "CP": 6.237
    },
    "SYN": {
        "LUT": 1446,
        "FF": 1822,
        "DSP": 0,
        "BRAM": 0,
        "URAM": 0,
        "SRL": 2,
        "CP": 2.964
    },
    "IMPL": {
        "LUT": 1430,
        "FF": 1822,
        "DSP": 0,
        "BRAM": 0,
        "URAM": 0,
        "SRL": 2,
        "CP": 4.598,
        "PWR": 0.259
    }
}