{
    "LATENCY": {
        "Latency": 1000
    },
    "HLS": {
        "LUT": 5761,
        "FF": 894,
        "DSP": 0,
        "BRAM": 0,
        "URAM": 0,
        "CP": 6.904
    },
    "SYN": {
        "LUT": 1131,
        "FF": 885,
        "DSP": 0,
        "BRAM": 0,
        "URAM": 0,
        "SRL": 0,
        "CP": 3.007
    },
    "IMPL": {
        "LUT": 1127,
        "FF": 885,
        "DSP": 0,
        "BRAM": 0,
        "URAM": 0,
        "SRL": 0,
        "CP": 4.848,
        "PWR": 0.259
    }
}