{
    "LATENCY": {
        "Latency": 1000
    },
    "HLS": {
        "LUT": 7219,
        "FF": 1583,
        "DSP": 0,
        "BRAM": 0,
        "URAM": 0,
        "CP": 6.904
    },
    "SYN": {
        "LUT": 1729,
        "FF": 1577,
        "DSP": 0,
        "BRAM": 0,
        "URAM": 0,
        "SRL": 0,
        "CP": 3.602
    },
    "IMPL": {
        "LUT": 1724,
        "FF": 1577,
        "DSP": 0,
        "BRAM": 0,
        "URAM": 0,
        "SRL": 0,
        "CP": 6.131,
        "PWR": 0.261
    }
}