{
    "LATENCY": {
        "Latency": 1000
    },
    "HLS": {
        "LUT": 7388,
        "FF": 1845,
        "DSP": 0,
        "BRAM": 0,
        "URAM": 0,
        "CP": 6.539
    },
    "SYN": {
        "LUT": 1449,
        "FF": 1758,
        "DSP": 0,
        "BRAM": 0,
        "URAM": 0,
        "SRL": 2,
        "CP": 2.768
    },
    "IMPL": {
        "LUT": 1437,
        "FF": 1758,
        "DSP": 0,
        "BRAM": 0,
        "URAM": 0,
        "SRL": 2,
        "CP": 5.591,
        "PWR": 0.252
    }
}