{
    "LATENCY": {
        "Latency": 1000
    },
    "HLS": {
        "LUT": 6726,
        "FF": 1989,
        "DSP": 0,
        "BRAM": 0,
        "URAM": 0,
        "CP": 6.237
    },
    "SYN": {
        "LUT": 1407,
        "FF": 1748,
        "DSP": 0,
        "BRAM": 0,
        "URAM": 0,
        "SRL": 2,
        "CP": 2.768
    },
    "IMPL": {
        "LUT": 1395,
        "FF": 1748,
        "DSP": 0,
        "BRAM": 0,
        "URAM": 0,
        "SRL": 2,
        "CP": 5.013,
        "PWR": 0.252
    }
}