{
    "LATENCY": {
        "best_latency": 143014,
        "worst_latency": 143014,
        "average_latency": 143014,
        "best_time_latency": "1.430 ms",
        "worst_time_latency": "1.430 ms",
        "average_time_latency": "1.430 ms",
        "min_interval": 143015,
        "max_interval": 143015,
        "Latency": 143014
    },
    "HLS": {
        "LUT": 2397,
        "FF": 1669,
        "DSP": 14,
        "BRAM": 0,
        "URAM": 0,
        "CP": 6.886
    },
    "SYN": {
        "LUT": 1237,
        "FF": 1243,
        "DSP": 14,
        "BRAM": 0,
        "URAM": 0,
        "SRL": 3,
        "CP": 6.496
    },
    "IMPL": {
        "LUT": 1223,
        "FF": 1239,
        "DSP": 14,
        "BRAM": 0,
        "URAM": 0,
        "SRL": 3,
        "CP": 6.965,
        "PWR": 0.291
    }
}