{
    "LATENCY": {
        "best_latency": 2515,
        "worst_latency": 2515,
        "average_latency": 2515,
        "best_time_latency": "25.150 us",
        "worst_time_latency": "25.150 us",
        "average_time_latency": "25.150 us",
        "min_interval": 2516,
        "max_interval": 2516,
        "Latency": 2515
    },
    "HLS": {
        "LUT": 7524,
        "FF": 4541,
        "DSP": 20,
        "BRAM": 0,
        "URAM": 0,
        "CP": 7.036
    },
    "SYN": {
        "LUT": 3453,
        "FF": 4314,
        "DSP": 20,
        "BRAM": 0,
        "URAM": 0,
        "SRL": 330,
        "CP": 6.496
    },
    "IMPL": {
        "LUT": 3242,
        "FF": 4306,
        "DSP": 20,
        "BRAM": 0,
        "URAM": 0,
        "SRL": 166,
        "CP": 7.244,
        "PWR": 0.314
    }
}