{
    "LATENCY": {
        "best_latency": 157093,
        "worst_latency": 157093,
        "average_latency": 157093,
        "best_time_latency": "1.571 ms",
        "worst_time_latency": "1.571 ms",
        "average_time_latency": "1.571 ms",
        "min_interval": 157094,
        "max_interval": 157094,
        "Latency": 157093
    },
    "HLS": {
        "LUT": 10305,
        "FF": 3268,
        "DSP": 11,
        "BRAM": 0,
        "URAM": 0,
        "CP": 6.974
    },
    "SYN": {
        "LUT": 4296,
        "FF": 2288,
        "DSP": 15,
        "BRAM": 0,
        "URAM": 0,
        "SRL": 6,
        "CP": 5.171
    },
    "IMPL": {
        "LUT": 4180,
        "FF": 2284,
        "DSP": 15,
        "BRAM": 0,
        "URAM": 0,
        "SRL": 6,
        "CP": 7.762,
        "PWR": 0.37
    }
}