{
    "LATENCY": {
        "best_latency": 2544,
        "worst_latency": 2544,
        "average_latency": 2544,
        "best_time_latency": "25.440 us",
        "worst_time_latency": "25.440 us",
        "average_time_latency": "25.440 us",
        "min_interval": 2545,
        "max_interval": 2545,
        "Latency": 2544
    },
    "HLS": {
        "LUT": 11694,
        "FF": 11003,
        "DSP": 36,
        "BRAM": 0,
        "URAM": 0,
        "CP": 7.036
    },
    "SYN": {
        "LUT": 4996,
        "FF": 5688,
        "DSP": 36,
        "BRAM": 0,
        "URAM": 0,
        "SRL": 1212,
        "CP": 6.496
    },
    "IMPL": {
        "LUT": 4340,
        "FF": 5680,
        "DSP": 36,
        "BRAM": 0,
        "URAM": 0,
        "SRL": 623,
        "CP": 7.855,
        "PWR": 0.317
    }
}