{
    "LATENCY": {
        "best_latency": 21264,
        "worst_latency": 21264,
        "average_latency": 21264,
        "best_time_latency": "0.213 ms",
        "worst_time_latency": "0.213 ms",
        "average_time_latency": "0.213 ms",
        "min_interval": 21265,
        "max_interval": 21265,
        "Latency": 21264
    },
    "HLS": {
        "LUT": 21499,
        "FF": 14730,
        "DSP": 32,
        "BRAM": 0,
        "URAM": 0,
        "CP": 7.534
    },
    "SYN": {
        "LUT": 4697,
        "FF": 5692,
        "DSP": 32,
        "BRAM": 0,
        "URAM": 0,
        "SRL": 193,
        "CP": 6.496
    },
    "IMPL": {
        "LUT": 4555,
        "FF": 5681,
        "DSP": 32,
        "BRAM": 0,
        "URAM": 0,
        "SRL": 117,
        "CP": 7.169,
        "PWR": 0.296
    }
}