{
    "LATENCY": {
        "best_latency": 38533,
        "worst_latency": 38533,
        "average_latency": 38533,
        "best_time_latency": "0.385 ms",
        "worst_time_latency": "0.385 ms",
        "average_time_latency": "0.385 ms",
        "min_interval": 38534,
        "max_interval": 38534,
        "Latency": 38533
    },
    "HLS": {
        "LUT": 2981,
        "FF": 2415,
        "DSP": 15,
        "BRAM": 0,
        "URAM": 0,
        "CP": 6.709
    },
    "SYN": {
        "LUT": 1293,
        "FF": 1402,
        "DSP": 15,
        "BRAM": 0,
        "URAM": 0,
        "SRL": 24,
        "CP": 6.496
    },
    "IMPL": {
        "LUT": 1262,
        "FF": 1398,
        "DSP": 15,
        "BRAM": 0,
        "URAM": 0,
        "SRL": 16,
        "CP": 6.685,
        "PWR": 0.261
    }
}