{
    "LATENCY": {
        "best_latency": 39521,
        "worst_latency": 39521,
        "average_latency": 39521,
        "best_time_latency": "0.395 ms",
        "worst_time_latency": "0.395 ms",
        "average_time_latency": "0.395 ms",
        "min_interval": 39522,
        "max_interval": 39522,
        "Latency": 39521
    },
    "HLS": {
        "LUT": 5924,
        "FF": 2682,
        "DSP": 12,
        "BRAM": 0,
        "URAM": 0,
        "CP": 7.135
    },
    "SYN": {
        "LUT": 1513,
        "FF": 1600,
        "DSP": 13,
        "BRAM": 0,
        "URAM": 0,
        "SRL": 24,
        "CP": 6.496
    },
    "IMPL": {
        "LUT": 1491,
        "FF": 1596,
        "DSP": 13,
        "BRAM": 0,
        "URAM": 0,
        "SRL": 16,
        "CP": 7.303,
        "PWR": 0.27
    }
}