{
    "LATENCY": {
        "best_latency": 22231,
        "worst_latency": 22231,
        "average_latency": 22231,
        "best_time_latency": "0.222 ms",
        "worst_time_latency": "0.222 ms",
        "average_time_latency": "0.222 ms",
        "min_interval": 22232,
        "max_interval": 22232,
        "Latency": 22231
    },
    "HLS": {
        "LUT": 2013,
        "FF": 1440,
        "DSP": 10,
        "BRAM": 0,
        "URAM": 0,
        "CP": 7.135
    },
    "SYN": {
        "LUT": 1024,
        "FF": 1140,
        "DSP": 10,
        "BRAM": 0,
        "URAM": 0,
        "SRL": 10,
        "CP": 6.496
    },
    "IMPL": {
        "LUT": 1007,
        "FF": 1136,
        "DSP": 10,
        "BRAM": 0,
        "URAM": 0,
        "SRL": 6,
        "CP": 7.088,
        "PWR": 0.277
    }
}