{
    "LATENCY": {
        "best_latency": 85463,
        "worst_latency": 85463,
        "average_latency": 85463,
        "best_time_latency": "0.855 ms",
        "worst_time_latency": "0.855 ms",
        "average_time_latency": "0.855 ms",
        "min_interval": 85464,
        "max_interval": 85464,
        "Latency": 85463
    },
    "HLS": {
        "LUT": 3731,
        "FF": 1778,
        "DSP": 15,
        "BRAM": 0,
        "URAM": 0,
        "CP": 6.886
    },
    "SYN": {
        "LUT": 1289,
        "FF": 1484,
        "DSP": 15,
        "BRAM": 0,
        "URAM": 0,
        "SRL": 2,
        "CP": 6.496
    },
    "IMPL": {
        "LUT": 1267,
        "FF": 1480,
        "DSP": 15,
        "BRAM": 0,
        "URAM": 0,
        "SRL": 2,
        "CP": 6.638,
        "PWR": 0.29
    }
}