{
    "LATENCY": {
        "best_latency": 10151,
        "worst_latency": 10151,
        "average_latency": 10151,
        "best_time_latency": "0.102 ms",
        "worst_time_latency": "0.102 ms",
        "average_time_latency": "0.102 ms",
        "min_interval": 10152,
        "max_interval": 10152,
        "Latency": 10151
    },
    "HLS": {
        "LUT": 24039,
        "FF": 15414,
        "DSP": 20,
        "BRAM": 0,
        "URAM": 0,
        "CP": 7.619
    },
    "SYN": {
        "LUT": 7367,
        "FF": 6356,
        "DSP": 21,
        "BRAM": 0,
        "URAM": 0,
        "SRL": 223,
        "CP": 5.864
    },
    "IMPL": {
        "LUT": 7131,
        "FF": 6344,
        "DSP": 21,
        "BRAM": 0,
        "URAM": 0,
        "SRL": 137,
        "CP": 8.06,
        "PWR": 0.286
    }
}