{
    "LATENCY": {
        "best_latency": 32111,
        "worst_latency": 32111,
        "average_latency": 32111,
        "best_time_latency": "0.321 ms",
        "worst_time_latency": "0.321 ms",
        "average_time_latency": "0.321 ms",
        "min_interval": 32112,
        "max_interval": 32112,
        "Latency": 32111
    },
    "HLS": {
        "LUT": 7079,
        "FF": 1731,
        "DSP": 3,
        "BRAM": 0,
        "URAM": 0,
        "CP": 6.974
    },
    "SYN": {
        "LUT": 3814,
        "FF": 1540,
        "DSP": 4,
        "BRAM": 0,
        "URAM": 0,
        "SRL": 0,
        "CP": 5.171
    },
    "IMPL": {
        "LUT": 3700,
        "FF": 1536,
        "DSP": 4,
        "BRAM": 0,
        "URAM": 0,
        "SRL": 0,
        "CP": 7.313,
        "PWR": 0.304
    }
}