{
    "LATENCY": {
        "best_latency": 2544,
        "worst_latency": 2544,
        "average_latency": 2544,
        "best_time_latency": "25.440 us",
        "worst_time_latency": "25.440 us",
        "average_time_latency": "25.440 us",
        "min_interval": 2545,
        "max_interval": 2545,
        "Latency": 2544
    },
    "HLS": {
        "LUT": 7532,
        "FF": 10662,
        "DSP": 36,
        "BRAM": 0,
        "URAM": 0,
        "CP": 7.036
    },
    "SYN": {
        "LUT": 4369,
        "FF": 5375,
        "DSP": 36,
        "BRAM": 0,
        "URAM": 0,
        "SRL": 563,
        "CP": 6.496
    },
    "IMPL": {
        "LUT": 4042,
        "FF": 5367,
        "DSP": 36,
        "BRAM": 0,
        "URAM": 0,
        "SRL": 298,
        "CP": 7.798,
        "PWR": 0.316
    }
}