{
    "LATENCY": {
        "best_latency": 10152,
        "worst_latency": 10152,
        "average_latency": 10152,
        "best_time_latency": "0.102 ms",
        "worst_time_latency": "0.102 ms",
        "average_time_latency": "0.102 ms",
        "min_interval": 10153,
        "max_interval": 10153,
        "Latency": 10152
    },
    "HLS": {
        "LUT": 30262,
        "FF": 14786,
        "DSP": 30,
        "BRAM": 0,
        "URAM": 0,
        "CP": 7.534
    },
    "SYN": {
        "LUT": 5341,
        "FF": 6082,
        "DSP": 31,
        "BRAM": 0,
        "URAM": 0,
        "SRL": 217,
        "CP": 6.496
    },
    "IMPL": {
        "LUT": 5215,
        "FF": 6078,
        "DSP": 31,
        "BRAM": 0,
        "URAM": 0,
        "SRL": 138,
        "CP": 7.67,
        "PWR": 0.285
    }
}