{
    "LATENCY": {
        "best_latency": 2529,
        "worst_latency": 2529,
        "average_latency": 2529,
        "best_time_latency": "25.290 us",
        "worst_time_latency": "25.290 us",
        "average_time_latency": "25.290 us",
        "min_interval": 2530,
        "max_interval": 2530,
        "Latency": 2529
    },
    "HLS": {
        "LUT": 3396,
        "FF": 4395,
        "DSP": 26,
        "BRAM": 0,
        "URAM": 0,
        "CP": 7.036
    },
    "SYN": {
        "LUT": 2993,
        "FF": 3901,
        "DSP": 26,
        "BRAM": 0,
        "URAM": 0,
        "SRL": 458,
        "CP": 6.496
    },
    "IMPL": {
        "LUT": 2706,
        "FF": 3893,
        "DSP": 26,
        "BRAM": 0,
        "URAM": 0,
        "SRL": 230,
        "CP": 7.044,
        "PWR": 0.313
    }
}