{
    "LATENCY": {
        "best_latency": 2544,
        "worst_latency": 2544,
        "average_latency": 2544,
        "best_time_latency": "25.440 us",
        "worst_time_latency": "25.440 us",
        "average_time_latency": "25.440 us",
        "min_interval": 2545,
        "max_interval": 2545,
        "Latency": 2544
    },
    "HLS": {
        "LUT": 7208,
        "FF": 10163,
        "DSP": 36,
        "BRAM": 0,
        "URAM": 0,
        "CP": 7.036
    },
    "SYN": {
        "LUT": 3729,
        "FF": 4843,
        "DSP": 36,
        "BRAM": 0,
        "URAM": 0,
        "SRL": 563,
        "CP": 6.496
    },
    "IMPL": {
        "LUT": 3406,
        "FF": 4835,
        "DSP": 36,
        "BRAM": 0,
        "URAM": 0,
        "SRL": 296,
        "CP": 7.841,
        "PWR": 0.301
    }
}