{
    "LATENCY": {
        "best_latency": 2458,
        "worst_latency": 2458,
        "average_latency": 2458,
        "best_time_latency": "24.580 us",
        "worst_time_latency": "24.580 us",
        "average_time_latency": "24.580 us",
        "min_interval": 2459,
        "max_interval": 2459,
        "Latency": 2458
    },
    "HLS": {
        "LUT": 32752,
        "FF": 46531,
        "DSP": 221,
        "BRAM": 0,
        "URAM": 0,
        "CP": 7.148
    },
    "SYN": {
        "LUT": 46549,
        "FF": 49666,
        "DSP": 221,
        "BRAM": 0,
        "URAM": 0,
        "SRL": 5144,
        "CP": 7.223
    },
    "IMPL": {
        "LUT": 43356,
        "FF": 49608,
        "DSP": 221,
        "BRAM": 0,
        "URAM": 0,
        "SRL": 2638,
        "CP": 9.395,
        "PWR": 1.64
    }
}