{
    "LATENCY": {
        "best_latency": 38273,
        "worst_latency": 38273,
        "average_latency": 38273,
        "best_time_latency": "0.383 ms",
        "worst_time_latency": "0.383 ms",
        "average_time_latency": "0.383 ms",
        "min_interval": 38274,
        "max_interval": 38274,
        "Latency": 38273
    },
    "HLS": {
        "LUT": 15201,
        "FF": 8217,
        "DSP": 37,
        "BRAM": 0,
        "URAM": 0,
        "CP": 7.148
    },
    "SYN": {
        "LUT": 14398,
        "FF": 9870,
        "DSP": 37,
        "BRAM": 0,
        "URAM": 0,
        "SRL": 580,
        "CP": 7.223
    },
    "IMPL": {
        "LUT": 13833,
        "FF": 9832,
        "DSP": 37,
        "BRAM": 0,
        "URAM": 0,
        "SRL": 323,
        "CP": 8.89,
        "PWR": 0.68
    }
}