{
    "LATENCY": {
        "best_latency": 20567,
        "worst_latency": 20567,
        "average_latency": 20567,
        "best_time_latency": "0.206 ms",
        "worst_time_latency": "0.206 ms",
        "average_time_latency": "0.206 ms",
        "min_interval": 20568,
        "max_interval": 20568,
        "Latency": 20567
    },
    "HLS": {
        "LUT": 6977,
        "FF": 5188,
        "DSP": 37,
        "BRAM": 0,
        "URAM": 0,
        "CP": 7.148
    },
    "SYN": {
        "LUT": 7087,
        "FF": 6597,
        "DSP": 37,
        "BRAM": 0,
        "URAM": 0,
        "SRL": 334,
        "CP": 7.21
    },
    "IMPL": {
        "LUT": 6841,
        "FF": 6576,
        "DSP": 37,
        "BRAM": 0,
        "URAM": 0,
        "SRL": 201,
        "CP": 8.486,
        "PWR": 0.403
    }
}