{
    "LATENCY": {
        "best_latency": 39937,
        "worst_latency": 39937,
        "average_latency": 39937,
        "best_time_latency": "0.399 ms",
        "worst_time_latency": "0.399 ms",
        "average_time_latency": "0.399 ms",
        "min_interval": 39938,
        "max_interval": 39938,
        "Latency": 39937
    },
    "HLS": {
        "LUT": 11911,
        "FF": 5144,
        "DSP": 37,
        "BRAM": 0,
        "URAM": 0,
        "CP": 7.148
    },
    "SYN": {
        "LUT": 9985,
        "FF": 6858,
        "DSP": 37,
        "BRAM": 0,
        "URAM": 0,
        "SRL": 323,
        "CP": 7.21
    },
    "IMPL": {
        "LUT": 9657,
        "FF": 6833,
        "DSP": 37,
        "BRAM": 0,
        "URAM": 0,
        "SRL": 193,
        "CP": 8.621,
        "PWR": 0.402
    }
}