{
    "LATENCY": {
        "best_latency": 20566,
        "worst_latency": 20566,
        "average_latency": 20566,
        "best_time_latency": "0.206 ms",
        "worst_time_latency": "0.206 ms",
        "average_time_latency": "0.206 ms",
        "min_interval": 20567,
        "max_interval": 20567,
        "Latency": 20566
    },
    "HLS": {
        "LUT": 7619,
        "FF": 5112,
        "DSP": 37,
        "BRAM": 0,
        "URAM": 0,
        "CP": 7.148
    },
    "SYN": {
        "LUT": 7178,
        "FF": 6535,
        "DSP": 37,
        "BRAM": 0,
        "URAM": 0,
        "SRL": 349,
        "CP": 7.21
    },
    "IMPL": {
        "LUT": 6929,
        "FF": 6514,
        "DSP": 37,
        "BRAM": 0,
        "URAM": 0,
        "SRL": 210,
        "CP": 8.312,
        "PWR": 0.395
    }
}