{
    "LATENCY": {
        "best_latency": 39681,
        "worst_latency": 39681,
        "average_latency": 39681,
        "best_time_latency": "0.397 ms",
        "worst_time_latency": "0.397 ms",
        "average_time_latency": "0.397 ms",
        "min_interval": 39682,
        "max_interval": 39682,
        "Latency": 39681
    },
    "HLS": {
        "LUT": 13520,
        "FF": 5612,
        "DSP": 50,
        "BRAM": 0,
        "URAM": 0,
        "CP": 7.148
    },
    "SYN": {
        "LUT": 9991,
        "FF": 7244,
        "DSP": 50,
        "BRAM": 0,
        "URAM": 0,
        "SRL": 323,
        "CP": 7.21
    },
    "IMPL": {
        "LUT": 9690,
        "FF": 7217,
        "DSP": 50,
        "BRAM": 0,
        "URAM": 0,
        "SRL": 226,
        "CP": 8.837,
        "PWR": 0.527
    }
}