{
    "LATENCY": {
        "best_latency": 20567,
        "worst_latency": 20567,
        "average_latency": 20567,
        "best_time_latency": "0.206 ms",
        "worst_time_latency": "0.206 ms",
        "average_time_latency": "0.206 ms",
        "min_interval": 20568,
        "max_interval": 20568,
        "Latency": 20567
    },
    "HLS": {
        "LUT": 7081,
        "FF": 5189,
        "DSP": 37,
        "BRAM": 0,
        "URAM": 0,
        "CP": 7.148
    },
    "SYN": {
        "LUT": 7287,
        "FF": 6619,
        "DSP": 37,
        "BRAM": 0,
        "URAM": 0,
        "SRL": 348,
        "CP": 7.21
    },
    "IMPL": {
        "LUT": 7034,
        "FF": 6598,
        "DSP": 37,
        "BRAM": 0,
        "URAM": 0,
        "SRL": 209,
        "CP": 8.381,
        "PWR": 0.418
    }
}