{
    "LATENCY": {
        "best_latency": 2456,
        "worst_latency": 2456,
        "average_latency": 2456,
        "best_time_latency": "24.560 us",
        "worst_time_latency": "24.560 us",
        "average_time_latency": "24.560 us",
        "min_interval": 2457,
        "max_interval": 2457,
        "Latency": 2456
    },
    "HLS": {
        "LUT": 60544,
        "FF": 46817,
        "DSP": 191,
        "BRAM": 0,
        "URAM": 0,
        "CP": 7.697
    },
    "SYN": {
        "LUT": 56893,
        "FF": 49433,
        "DSP": 191,
        "BRAM": 0,
        "URAM": 0,
        "SRL": 5154,
        "CP": 7.223
    },
    "IMPL": {
        "LUT": 53337,
        "FF": 49358,
        "DSP": 191,
        "BRAM": 0,
        "URAM": 0,
        "SRL": 2645,
        "CP": 9.746,
        "PWR": 1.326
    }
}