{
    "LATENCY": {
        "best_latency": 2467,
        "worst_latency": 2467,
        "average_latency": 2467,
        "best_time_latency": "24.670 us",
        "worst_time_latency": "24.670 us",
        "average_time_latency": "24.670 us",
        "min_interval": 2468,
        "max_interval": 2468,
        "Latency": 2467
    },
    "HLS": {
        "LUT": 42822,
        "FF": 47542,
        "DSP": 200,
        "BRAM": 0,
        "URAM": 0,
        "CP": 7.697
    },
    "SYN": {
        "LUT": 56583,
        "FF": 50397,
        "DSP": 200,
        "BRAM": 0,
        "URAM": 0,
        "SRL": 5140,
        "CP": 7.223
    },
    "IMPL": {
        "LUT": 53001,
        "FF": 50302,
        "DSP": 200,
        "BRAM": 0,
        "URAM": 0,
        "SRL": 2635,
        "CP": 9.61,
        "PWR": 2.339
    }
}