{
    "LATENCY": {
        "best_latency": 2466,
        "worst_latency": 2466,
        "average_latency": 2466,
        "best_time_latency": "24.660 us",
        "worst_time_latency": "24.660 us",
        "average_time_latency": "24.660 us",
        "min_interval": 2467,
        "max_interval": 2467,
        "Latency": 2466
    },
    "HLS": {
        "LUT": 58535,
        "FF": 46468,
        "DSP": 200,
        "BRAM": 0,
        "URAM": 0,
        "CP": 7.697
    },
    "SYN": {
        "LUT": 55909,
        "FF": 49333,
        "DSP": 200,
        "BRAM": 0,
        "URAM": 0,
        "SRL": 5146,
        "CP": 7.223
    },
    "IMPL": {
        "LUT": 52328,
        "FF": 49187,
        "DSP": 200,
        "BRAM": 0,
        "URAM": 0,
        "SRL": 2641,
        "CP": 9.306,
        "PWR": 0.841
    }
}