{
    "LATENCY": {
        "best_latency": 20568,
        "worst_latency": 20568,
        "average_latency": 20568,
        "best_time_latency": "0.206 ms",
        "worst_time_latency": "0.206 ms",
        "average_time_latency": "0.206 ms",
        "min_interval": 20569,
        "max_interval": 20569,
        "Latency": 20568
    },
    "HLS": {
        "LUT": 9498,
        "FF": 5574,
        "DSP": 37,
        "BRAM": 0,
        "URAM": 0,
        "CP": 7.148
    },
    "SYN": {
        "LUT": 9632,
        "FF": 6897,
        "DSP": 37,
        "BRAM": 0,
        "URAM": 0,
        "SRL": 341,
        "CP": 7.21
    },
    "IMPL": {
        "LUT": 9293,
        "FF": 6873,
        "DSP": 37,
        "BRAM": 0,
        "URAM": 0,
        "SRL": 205,
        "CP": 8.677,
        "PWR": 0.494
    }
}