{
    "LATENCY": {
        "best_latency": 38913,
        "worst_latency": 38913,
        "average_latency": 38913,
        "best_time_latency": "0.389 ms",
        "worst_time_latency": "0.389 ms",
        "average_time_latency": "0.389 ms",
        "min_interval": 38914,
        "max_interval": 38914,
        "Latency": 38913
    },
    "HLS": {
        "LUT": 14335,
        "FF": 5400,
        "DSP": 27,
        "BRAM": 0,
        "URAM": 0,
        "CP": 7.148
    },
    "SYN": {
        "LUT": 12710,
        "FF": 7101,
        "DSP": 27,
        "BRAM": 0,
        "URAM": 0,
        "SRL": 323,
        "CP": 7.21
    },
    "IMPL": {
        "LUT": 12291,
        "FF": 7076,
        "DSP": 27,
        "BRAM": 0,
        "URAM": 0,
        "SRL": 194,
        "CP": 8.611,
        "PWR": 0.629
    }
}