{
    "LATENCY": {
        "best_latency": 2457,
        "worst_latency": 2457,
        "average_latency": 2457,
        "best_time_latency": "24.570 us",
        "worst_time_latency": "24.570 us",
        "average_time_latency": "24.570 us",
        "min_interval": 2458,
        "max_interval": 2458,
        "Latency": 2457
    },
    "HLS": {
        "LUT": 32718,
        "FF": 45772,
        "DSP": 221,
        "BRAM": 0,
        "URAM": 0,
        "CP": 7.697
    },
    "SYN": {
        "LUT": 46811,
        "FF": 48848,
        "DSP": 221,
        "BRAM": 0,
        "URAM": 0,
        "SRL": 5136,
        "CP": 7.223
    },
    "IMPL": {
        "LUT": 43635,
        "FF": 48789,
        "DSP": 221,
        "BRAM": 0,
        "URAM": 0,
        "SRL": 2634,
        "CP": 9.283,
        "PWR": 1.09
    }
}