{
    "LATENCY": {
        "best_latency": 20568,
        "worst_latency": 20568,
        "average_latency": 20568,
        "best_time_latency": "0.206 ms",
        "worst_time_latency": "0.206 ms",
        "average_time_latency": "0.206 ms",
        "min_interval": 20569,
        "max_interval": 20569,
        "Latency": 20568
    },
    "HLS": {
        "LUT": 7740,
        "FF": 5216,
        "DSP": 37,
        "BRAM": 0,
        "URAM": 0,
        "CP": 7.148
    },
    "SYN": {
        "LUT": 7114,
        "FF": 6603,
        "DSP": 37,
        "BRAM": 0,
        "URAM": 0,
        "SRL": 342,
        "CP": 7.21
    },
    "IMPL": {
        "LUT": 6862,
        "FF": 6582,
        "DSP": 37,
        "BRAM": 0,
        "URAM": 0,
        "SRL": 205,
        "CP": 8.541,
        "PWR": 0.429
    }
}