{
    "LATENCY": {
        "best_latency": 2458,
        "worst_latency": 2458,
        "average_latency": 2458,
        "best_time_latency": "24.580 us",
        "worst_time_latency": "24.580 us",
        "average_time_latency": "24.580 us",
        "min_interval": 2459,
        "max_interval": 2459,
        "Latency": 2458
    },
    "HLS": {
        "LUT": 27594,
        "FF": 45442,
        "DSP": 247,
        "BRAM": 0,
        "URAM": 0,
        "CP": 7.697
    },
    "SYN": {
        "LUT": 41471,
        "FF": 48870,
        "DSP": 247,
        "BRAM": 0,
        "URAM": 0,
        "SRL": 5141,
        "CP": 7.223
    },
    "IMPL": {
        "LUT": 38460,
        "FF": 48787,
        "DSP": 247,
        "BRAM": 0,
        "URAM": 0,
        "SRL": 2635,
        "CP": 9.103,
        "PWR": 0.973
    }
}