{
    "LATENCY": {
        "best_latency": 39425,
        "worst_latency": 39425,
        "average_latency": 39425,
        "best_time_latency": "0.394 ms",
        "worst_time_latency": "0.394 ms",
        "average_time_latency": "0.394 ms",
        "min_interval": 39426,
        "max_interval": 39426,
        "Latency": 39425
    },
    "HLS": {
        "LUT": 9322,
        "FF": 5216,
        "DSP": 47,
        "BRAM": 0,
        "URAM": 0,
        "CP": 7.148
    },
    "SYN": {
        "LUT": 9692,
        "FF": 6828,
        "DSP": 47,
        "BRAM": 0,
        "URAM": 0,
        "SRL": 323,
        "CP": 7.21
    },
    "IMPL": {
        "LUT": 9393,
        "FF": 6801,
        "DSP": 47,
        "BRAM": 0,
        "URAM": 0,
        "SRL": 226,
        "CP": 8.619,
        "PWR": 0.528
    }
}