{
    "LATENCY": {
        "best_latency": 40705,
        "worst_latency": 40705,
        "average_latency": 40705,
        "best_time_latency": "0.407 ms",
        "worst_time_latency": "0.407 ms",
        "average_time_latency": "0.407 ms",
        "min_interval": 40706,
        "max_interval": 40706,
        "Latency": 40705
    },
    "HLS": {
        "LUT": 10386,
        "FF": 5022,
        "DSP": 37,
        "BRAM": 0,
        "URAM": 0,
        "CP": 7.148
    },
    "SYN": {
        "LUT": 9724,
        "FF": 6742,
        "DSP": 37,
        "BRAM": 0,
        "URAM": 0,
        "SRL": 323,
        "CP": 7.21
    },
    "IMPL": {
        "LUT": 9395,
        "FF": 6717,
        "DSP": 37,
        "BRAM": 0,
        "URAM": 0,
        "SRL": 194,
        "CP": 8.671,
        "PWR": 0.483
    }
}