{
    "LATENCY": {
        "best_latency": 2457,
        "worst_latency": 2457,
        "average_latency": 2457,
        "best_time_latency": "24.570 us",
        "worst_time_latency": "24.570 us",
        "average_time_latency": "24.570 us",
        "min_interval": 2458,
        "max_interval": 2458,
        "Latency": 2457
    },
    "HLS": {
        "LUT": 44924,
        "FF": 47347,
        "DSP": 211,
        "BRAM": 0,
        "URAM": 0,
        "CP": 7.697
    },
    "SYN": {
        "LUT": 52520,
        "FF": 50037,
        "DSP": 211,
        "BRAM": 0,
        "URAM": 0,
        "SRL": 5144,
        "CP": 7.223
    },
    "IMPL": {
        "LUT": 49146,
        "FF": 49913,
        "DSP": 211,
        "BRAM": 0,
        "URAM": 0,
        "SRL": 2641,
        "CP": 9.693,
        "PWR": 1.354
    }
}