{
    "LATENCY": {
        "best_latency": 987,
        "worst_latency": 987,
        "average_latency": 987,
        "best_time_latency": "9.870 us",
        "worst_time_latency": "9.870 us",
        "average_time_latency": "9.870 us",
        "min_interval": 988,
        "max_interval": 988,
        "Latency": 987
    },
    "HLS": {
        "LUT": 8843,
        "FF": 2726,
        "DSP": 0,
        "BRAM": 1,
        "URAM": 0,
        "CP": 4.334
    },
    "SYN": {
        "LUT": 2087,
        "FF": 1992,
        "DSP": 0,
        "BRAM": 1,
        "URAM": 0,
        "SRL": 0,
        "CP": 3.459
    },
    "IMPL": {
        "LUT": 2064,
        "FF": 1992,
        "DSP": 0,
        "BRAM": 1,
        "URAM": 0,
        "SRL": 0,
        "CP": 4.529,
        "PWR": 0.25
    }
}