{
    "LATENCY": {
        "best_latency": 1767,
        "worst_latency": 2053,
        "average_latency": 1910,
        "best_time_latency": "17.670 us",
        "worst_time_latency": "20.530 us",
        "average_time_latency": "19.100 us",
        "min_interval": 1768,
        "max_interval": 2054,
        "Latency": 1910
    },
    "HLS": {
        "LUT": 339126,
        "FF": 56709,
        "DSP": 0,
        "BRAM": 8,
        "URAM": 0,
        "CP": 7.268
    },
    "SYN": {
        "LUT": 6468,
        "FF": 7097,
        "DSP": 0,
        "BRAM": 5,
        "URAM": 0,
        "SRL": 1296,
        "CP": 3.128
    },
    "IMPL": {
        "LUT": 6005,
        "FF": 7104,
        "DSP": 0,
        "BRAM": 5,
        "URAM": 0,
        "SRL": 924,
        "CP": 7.929,
        "PWR": 0.292
    }
}