{
    "LATENCY": {
        "best_latency": 1803,
        "worst_latency": 2193,
        "average_latency": 1998,
        "best_time_latency": "18.030 us",
        "worst_time_latency": "21.930 us",
        "average_time_latency": "19.980 us",
        "min_interval": 1804,
        "max_interval": 2194,
        "Latency": 1998
    },
    "HLS": {
        "LUT": 5011,
        "FF": 1628,
        "DSP": 0,
        "BRAM": 1,
        "URAM": 0,
        "CP": 4.364
    },
    "SYN": {
        "LUT": 1260,
        "FF": 1131,
        "DSP": 0,
        "BRAM": 1,
        "URAM": 0,
        "SRL": 0,
        "CP": 3.138
    },
    "IMPL": {
        "LUT": 1248,
        "FF": 1131,
        "DSP": 0,
        "BRAM": 1,
        "URAM": 0,
        "SRL": 0,
        "CP": 4.039,
        "PWR": 0.255
    }
}