{
    "LATENCY": {
        "best_latency": 965,
        "worst_latency": 965,
        "average_latency": 965,
        "best_time_latency": "9.650 us",
        "worst_time_latency": "9.650 us",
        "average_time_latency": "9.650 us",
        "min_interval": 966,
        "max_interval": 966,
        "Latency": 965
    },
    "HLS": {
        "LUT": 8456,
        "FF": 2712,
        "DSP": 0,
        "BRAM": 1,
        "URAM": 0,
        "CP": 5.482
    },
    "SYN": {
        "LUT": 2051,
        "FF": 1978,
        "DSP": 0,
        "BRAM": 1,
        "URAM": 0,
        "SRL": 0,
        "CP": 3.727
    },
    "IMPL": {
        "LUT": 2027,
        "FF": 1978,
        "DSP": 0,
        "BRAM": 1,
        "URAM": 0,
        "SRL": 0,
        "CP": 6.273,
        "PWR": 0.25
    }
}