{
    "LATENCY": {
        "best_latency": 969,
        "worst_latency": 969,
        "average_latency": 969,
        "best_time_latency": "10.683 us",
        "worst_time_latency": "10.683 us",
        "average_time_latency": "10.683 us",
        "min_interval": 970,
        "max_interval": 970,
        "Latency": 969
    },
    "HLS": {
        "LUT": 1001331,
        "FF": 163821,
        "DSP": 0,
        "BRAM": 7,
        "URAM": 0,
        "CP": 11.025
    },
    "SYN": {
        "LUT": 9408,
        "FF": 10297,
        "DSP": 0,
        "BRAM": 4,
        "URAM": 0,
        "SRL": 2373,
        "CP": 3.927
    },
    "IMPL": {
        "LUT": 8781,
        "FF": 10297,
        "DSP": 0,
        "BRAM": 4,
        "URAM": 0,
        "SRL": 1832,
        "CP": 7.718,
        "PWR": 0.329
    }
}