{
    "LATENCY": {
        "best_latency": 921,
        "worst_latency": 921,
        "average_latency": 921,
        "best_time_latency": "10.154 us",
        "worst_time_latency": "10.154 us",
        "average_time_latency": "10.154 us",
        "min_interval": 922,
        "max_interval": 922,
        "Latency": 921
    },
    "HLS": {
        "LUT": 705503,
        "FF": 112866,
        "DSP": 0,
        "BRAM": 7,
        "URAM": 0,
        "CP": 11.025
    },
    "SYN": {
        "LUT": 100000000.0,
        "FF": 100000000.0,
        "DSP": 100000000.0,
        "BRAM": 100000000.0,
        "URAM": 100000000.0,
        "SRL": 100000000.0,
        "CP": 100000000.0
    },
    "IMPL": {
        "LUT": 100000000.0,
        "FF": 100000000.0,
        "DSP": 100000000.0,
        "BRAM": 100000000.0,
        "URAM": 100000000.0,
        "SRL": 100000000.0,
        "CP": 100000000.0,
        "PWR": 100000000.0
    }
}