{
    "LATENCY": {
        "best_latency": 1764,
        "worst_latency": 2180,
        "average_latency": 1972,
        "best_time_latency": "17.640 us",
        "worst_time_latency": "21.800 us",
        "average_time_latency": "19.720 us",
        "min_interval": 1765,
        "max_interval": 2181,
        "Latency": 1972
    },
    "HLS": {
        "LUT": 4914,
        "FF": 1629,
        "DSP": 0,
        "BRAM": 1,
        "URAM": 0,
        "CP": 4.364
    },
    "SYN": {
        "LUT": 1224,
        "FF": 1132,
        "DSP": 0,
        "BRAM": 1,
        "URAM": 0,
        "SRL": 0,
        "CP": 3.137
    },
    "IMPL": {
        "LUT": 1211,
        "FF": 1132,
        "DSP": 0,
        "BRAM": 1,
        "URAM": 0,
        "SRL": 0,
        "CP": 4.646,
        "PWR": 0.253
    }
}