{
    "LATENCY": {
        "best_latency": 921,
        "worst_latency": 921,
        "average_latency": 921,
        "best_time_latency": "10.154 us",
        "worst_time_latency": "10.154 us",
        "average_time_latency": "10.154 us",
        "min_interval": 922,
        "max_interval": 922,
        "Latency": 921
    },
    "HLS": {
        "LUT": 705503,
        "FF": 112866,
        "DSP": 0,
        "BRAM": 7,
        "URAM": 0,
        "CP": 11.025
    },
    "SYN": {
        "LUT": 9548,
        "FF": 10437,
        "DSP": 0,
        "BRAM": 4,
        "URAM": 0,
        "SRL": 2374,
        "CP": 4.014
    },
    "IMPL": {
        "LUT": 8801,
        "FF": 10437,
        "DSP": 0,
        "BRAM": 4,
        "URAM": 0,
        "SRL": 1778,
        "CP": 8.277,
        "PWR": 0.371
    }
}