{
    "LATENCY": {
        "best_latency": 1098,
        "worst_latency": 1098,
        "average_latency": 1098,
        "best_time_latency": "10.980 us",
        "worst_time_latency": "10.980 us",
        "average_time_latency": "10.980 us",
        "min_interval": 1099,
        "max_interval": 1099,
        "Latency": 1098
    },
    "HLS": {
        "LUT": 8088,
        "FF": 2311,
        "DSP": 0,
        "BRAM": 1,
        "URAM": 0,
        "CP": 4.334
    },
    "SYN": {
        "LUT": 1870,
        "FF": 1831,
        "DSP": 0,
        "BRAM": 1,
        "URAM": 0,
        "SRL": 0,
        "CP": 4.174
    },
    "IMPL": {
        "LUT": 1847,
        "FF": 1831,
        "DSP": 0,
        "BRAM": 1,
        "URAM": 0,
        "SRL": 0,
        "CP": 5.174,
        "PWR": 0.251
    }
}