{
    "LATENCY": {
        "best_latency": 346465,
        "worst_latency": 346465,
        "average_latency": 346465,
        "best_time_latency": "3.465 ms",
        "worst_time_latency": "3.465 ms",
        "average_time_latency": "3.465 ms",
        "min_interval": 346466,
        "max_interval": 346466,
        "Latency": 346465
    },
    "HLS": {
        "LUT": 10377,
        "FF": 3067,
        "DSP": 0,
        "BRAM": 0,
        "URAM": 0,
        "CP": 6.978
    },
    "SYN": {
        "LUT": 2114,
        "FF": 2806,
        "DSP": 0,
        "BRAM": 0,
        "URAM": 0,
        "SRL": 0,
        "CP": 3.051
    },
    "IMPL": {
        "LUT": 2089,
        "FF": 2806,
        "DSP": 0,
        "BRAM": 0,
        "URAM": 0,
        "SRL": 0,
        "CP": 4.428,
        "PWR": 0.255
    }
}