{
    "LATENCY": {
        "best_latency": 340625,
        "worst_latency": 340625,
        "average_latency": 340625,
        "best_time_latency": "3.406 ms",
        "worst_time_latency": "3.406 ms",
        "average_time_latency": "3.406 ms",
        "min_interval": 340626,
        "max_interval": 340626,
        "Latency": 340625
    },
    "HLS": {
        "LUT": 11092,
        "FF": 2183,
        "DSP": 0,
        "BRAM": 0,
        "URAM": 0,
        "CP": 7.266
    },
    "SYN": {
        "LUT": 3052,
        "FF": 1787,
        "DSP": 0,
        "BRAM": 0,
        "URAM": 0,
        "SRL": 0,
        "CP": 2.717
    },
    "IMPL": {
        "LUT": 2983,
        "FF": 1787,
        "DSP": 0,
        "BRAM": 0,
        "URAM": 0,
        "SRL": 0,
        "CP": 4.803,
        "PWR": 0.263
    }
}