{
    "LATENCY": {
        "best_latency": 270609,
        "worst_latency": 270609,
        "average_latency": 270609,
        "best_time_latency": "2.706 ms",
        "worst_time_latency": "2.706 ms",
        "average_time_latency": "2.706 ms",
        "min_interval": 270610,
        "max_interval": 270610,
        "Latency": 270609
    },
    "HLS": {
        "LUT": 3928,
        "FF": 937,
        "DSP": 0,
        "BRAM": 0,
        "URAM": 0,
        "CP": 6.89
    },
    "SYN": {
        "LUT": 1263,
        "FF": 774,
        "DSP": 0,
        "BRAM": 0,
        "URAM": 0,
        "SRL": 0,
        "CP": 2.701
    },
    "IMPL": {
        "LUT": 1244,
        "FF": 774,
        "DSP": 0,
        "BRAM": 0,
        "URAM": 0,
        "SRL": 0,
        "CP": 4.164,
        "PWR": 0.258
    }
}