{
    "LATENCY": {
        "best_latency": 268689,
        "worst_latency": 268689,
        "average_latency": 268689,
        "best_time_latency": "2.687 ms",
        "worst_time_latency": "2.687 ms",
        "average_time_latency": "2.687 ms",
        "min_interval": 268690,
        "max_interval": 268690,
        "Latency": 268689
    },
    "HLS": {
        "LUT": 13142,
        "FF": 3519,
        "DSP": 0,
        "BRAM": 0,
        "URAM": 0,
        "CP": 7.266
    },
    "SYN": {
        "LUT": 3206,
        "FF": 3090,
        "DSP": 0,
        "BRAM": 0,
        "URAM": 0,
        "SRL": 0,
        "CP": 3.543
    },
    "IMPL": {
        "LUT": 3178,
        "FF": 3090,
        "DSP": 0,
        "BRAM": 0,
        "URAM": 0,
        "SRL": 0,
        "CP": 4.843,
        "PWR": 0.262
    }
}