{
    "LATENCY": {
        "best_latency": 280833,
        "worst_latency": 297217,
        "average_latency": 289025,
        "best_time_latency": "2.808 ms",
        "worst_time_latency": "2.972 ms",
        "average_time_latency": "2.890 ms",
        "min_interval": 280834,
        "max_interval": 297218,
        "Latency": 289025
    },
    "HLS": {
        "LUT": 17480,
        "FF": 4300,
        "DSP": 0,
        "BRAM": 0,
        "URAM": 0,
        "CP": 6.978
    },
    "SYN": {
        "LUT": 3510,
        "FF": 3080,
        "DSP": 0,
        "BRAM": 0,
        "URAM": 0,
        "SRL": 0,
        "CP": 2.788
    },
    "IMPL": {
        "LUT": 3378,
        "FF": 3080,
        "DSP": 0,
        "BRAM": 0,
        "URAM": 0,
        "SRL": 0,
        "CP": 4.999,
        "PWR": 0.263
    }
}