{
    "LATENCY": {
        "best_latency": 285985,
        "worst_latency": 285985,
        "average_latency": 285985,
        "best_time_latency": "2.860 ms",
        "worst_time_latency": "2.860 ms",
        "average_time_latency": "2.860 ms",
        "min_interval": 285986,
        "max_interval": 285986,
        "Latency": 285985
    },
    "HLS": {
        "LUT": 61615,
        "FF": 13152,
        "DSP": 0,
        "BRAM": 0,
        "URAM": 0,
        "CP": 6.978
    },
    "SYN": {
        "LUT": 7113,
        "FF": 10299,
        "DSP": 0,
        "BRAM": 0,
        "URAM": 0,
        "SRL": 0,
        "CP": 2.627
    },
    "IMPL": {
        "LUT": 7054,
        "FF": 10299,
        "DSP": 0,
        "BRAM": 0,
        "URAM": 0,
        "SRL": 0,
        "CP": 7.959,
        "PWR": 0.29
    }
}