{
    "LATENCY": {
        "best_latency": 247121,
        "worst_latency": 247137,
        "average_latency": 247137,
        "best_time_latency": "2.471 ms",
        "worst_time_latency": "2.471 ms",
        "average_time_latency": "2.471 ms",
        "min_interval": 247122,
        "max_interval": 247138,
        "Latency": 247137
    },
    "HLS": {
        "LUT": 10165,
        "FF": 1500,
        "DSP": 0,
        "BRAM": 0,
        "URAM": 0,
        "CP": 6.886
    },
    "SYN": {
        "LUT": 1863,
        "FF": 1318,
        "DSP": 0,
        "BRAM": 0,
        "URAM": 0,
        "SRL": 0,
        "CP": 2.736
    },
    "IMPL": {
        "LUT": 1829,
        "FF": 1318,
        "DSP": 0,
        "BRAM": 0,
        "URAM": 0,
        "SRL": 0,
        "CP": 4.705,
        "PWR": 0.254
    }
}