{
    "LATENCY": {
        "best_latency": 299377,
        "worst_latency": 299377,
        "average_latency": 299377,
        "best_time_latency": "2.994 ms",
        "worst_time_latency": "2.994 ms",
        "average_time_latency": "2.994 ms",
        "min_interval": 299378,
        "max_interval": 299378,
        "Latency": 299377
    },
    "HLS": {
        "LUT": 9166,
        "FF": 1342,
        "DSP": 0,
        "BRAM": 0,
        "URAM": 0,
        "CP": 6.978
    },
    "SYN": {
        "LUT": 1424,
        "FF": 1250,
        "DSP": 0,
        "BRAM": 0,
        "URAM": 0,
        "SRL": 0,
        "CP": 2.687
    },
    "IMPL": {
        "LUT": 1409,
        "FF": 1250,
        "DSP": 0,
        "BRAM": 0,
        "URAM": 0,
        "SRL": 0,
        "CP": 3.526,
        "PWR": 0.252
    }
}