{
    "LATENCY": {
        "best_latency": 347473,
        "worst_latency": 347489,
        "average_latency": 347489,
        "best_time_latency": "3.475 ms",
        "worst_time_latency": "3.475 ms",
        "average_time_latency": "3.475 ms",
        "min_interval": 347474,
        "max_interval": 347490,
        "Latency": 347489
    },
    "HLS": {
        "LUT": 18032,
        "FF": 4179,
        "DSP": 0,
        "BRAM": 0,
        "URAM": 0,
        "CP": 6.886
    },
    "SYN": {
        "LUT": 3042,
        "FF": 3835,
        "DSP": 0,
        "BRAM": 0,
        "URAM": 0,
        "SRL": 0,
        "CP": 2.694
    },
    "IMPL": {
        "LUT": 3015,
        "FF": 3835,
        "DSP": 0,
        "BRAM": 0,
        "URAM": 0,
        "SRL": 0,
        "CP": 4.68,
        "PWR": 0.265
    }
}