{
    "LATENCY": {
        "best_latency": 246545,
        "worst_latency": 246545,
        "average_latency": 246545,
        "best_time_latency": "2.465 ms",
        "worst_time_latency": "2.465 ms",
        "average_time_latency": "2.465 ms",
        "min_interval": 246546,
        "max_interval": 246546,
        "Latency": 246545
    },
    "HLS": {
        "LUT": 44701,
        "FF": 9553,
        "DSP": 0,
        "BRAM": 0,
        "URAM": 0,
        "CP": 6.978
    },
    "SYN": {
        "LUT": 5625,
        "FF": 7118,
        "DSP": 0,
        "BRAM": 0,
        "URAM": 0,
        "SRL": 0,
        "CP": 3.242
    },
    "IMPL": {
        "LUT": 5585,
        "FF": 7118,
        "DSP": 0,
        "BRAM": 0,
        "URAM": 0,
        "SRL": 0,
        "CP": 7.02,
        "PWR": 0.282
    }
}