{
    "LATENCY": {
        "best_latency": 348449,
        "worst_latency": 348449,
        "average_latency": 348449,
        "best_time_latency": "3.484 ms",
        "worst_time_latency": "3.484 ms",
        "average_time_latency": "3.484 ms",
        "min_interval": 348450,
        "max_interval": 348450,
        "Latency": 348449
    },
    "HLS": {
        "LUT": 6811,
        "FF": 1867,
        "DSP": 0,
        "BRAM": 0,
        "URAM": 0,
        "CP": 6.89
    },
    "SYN": {
        "LUT": 1805,
        "FF": 1407,
        "DSP": 0,
        "BRAM": 0,
        "URAM": 0,
        "SRL": 0,
        "CP": 2.968
    },
    "IMPL": {
        "LUT": 1735,
        "FF": 1407,
        "DSP": 0,
        "BRAM": 0,
        "URAM": 0,
        "SRL": 0,
        "CP": 5.15,
        "PWR": 0.257
    }
}