{
    "LATENCY": {
        "best_latency": 389353,
        "worst_latency": 389353,
        "average_latency": 389353,
        "best_time_latency": "3.894 ms",
        "worst_time_latency": "3.894 ms",
        "average_time_latency": "3.894 ms",
        "min_interval": 389354,
        "max_interval": 389354,
        "Latency": 389353
    },
    "HLS": {
        "LUT": 8159,
        "FF": 2009,
        "DSP": 0,
        "BRAM": 0,
        "URAM": 0,
        "CP": 6.978
    },
    "SYN": {
        "LUT": 2050,
        "FF": 1438,
        "DSP": 0,
        "BRAM": 0,
        "URAM": 0,
        "SRL": 0,
        "CP": 2.79
    },
    "IMPL": {
        "LUT": 2025,
        "FF": 1438,
        "DSP": 0,
        "BRAM": 0,
        "URAM": 0,
        "SRL": 0,
        "CP": 3.667,
        "PWR": 0.258
    }
}