{
    "LATENCY": {
        "best_latency": 264529,
        "worst_latency": 264545,
        "average_latency": 264545,
        "best_time_latency": "2.645 ms",
        "worst_time_latency": "2.645 ms",
        "average_time_latency": "2.645 ms",
        "min_interval": 264530,
        "max_interval": 264546,
        "Latency": 264545
    },
    "HLS": {
        "LUT": 19053,
        "FF": 4154,
        "DSP": 0,
        "BRAM": 0,
        "URAM": 0,
        "CP": 7.266
    },
    "SYN": {
        "LUT": 2810,
        "FF": 2867,
        "DSP": 0,
        "BRAM": 0,
        "URAM": 0,
        "SRL": 0,
        "CP": 2.683
    },
    "IMPL": {
        "LUT": 2761,
        "FF": 2867,
        "DSP": 0,
        "BRAM": 0,
        "URAM": 0,
        "SRL": 0,
        "CP": 4.552,
        "PWR": 0.271
    }
}