{
    "LATENCY": {
        "best_latency": 327041,
        "worst_latency": 327041,
        "average_latency": 327041,
        "best_time_latency": "3.270 ms",
        "worst_time_latency": "3.270 ms",
        "average_time_latency": "3.270 ms",
        "min_interval": 327042,
        "max_interval": 327042,
        "Latency": 327041
    },
    "HLS": {
        "LUT": 8926,
        "FF": 2698,
        "DSP": 0,
        "BRAM": 0,
        "URAM": 0,
        "CP": 7.266
    },
    "SYN": {
        "LUT": 2496,
        "FF": 2339,
        "DSP": 0,
        "BRAM": 0,
        "URAM": 0,
        "SRL": 0,
        "CP": 3.044
    },
    "IMPL": {
        "LUT": 2430,
        "FF": 2339,
        "DSP": 0,
        "BRAM": 0,
        "URAM": 0,
        "SRL": 0,
        "CP": 4.073,
        "PWR": 0.257
    }
}