{
    "LATENCY": {
        "best_latency": 342321,
        "worst_latency": 342321,
        "average_latency": 342321,
        "best_time_latency": "3.423 ms",
        "worst_time_latency": "3.423 ms",
        "average_time_latency": "3.423 ms",
        "min_interval": 342322,
        "max_interval": 342322,
        "Latency": 342321
    },
    "HLS": {
        "LUT": 6087,
        "FF": 1615,
        "DSP": 0,
        "BRAM": 0,
        "URAM": 0,
        "CP": 7.266
    },
    "SYN": {
        "LUT": 1957,
        "FF": 1140,
        "DSP": 0,
        "BRAM": 0,
        "URAM": 0,
        "SRL": 0,
        "CP": 2.89
    },
    "IMPL": {
        "LUT": 1865,
        "FF": 1140,
        "DSP": 0,
        "BRAM": 0,
        "URAM": 0,
        "SRL": 0,
        "CP": 3.977,
        "PWR": 0.254
    }
}