{
    "LATENCY": {
        "best_latency": 393473,
        "worst_latency": 426241,
        "average_latency": 409857,
        "best_time_latency": "3.935 ms",
        "worst_time_latency": "4.262 ms",
        "average_time_latency": "4.099 ms",
        "min_interval": 393474,
        "max_interval": 426242,
        "Latency": 409857
    },
    "HLS": {
        "LUT": 9954,
        "FF": 1084,
        "DSP": 0,
        "BRAM": 0,
        "URAM": 0,
        "CP": 7.266
    },
    "SYN": {
        "LUT": 1357,
        "FF": 1008,
        "DSP": 0,
        "BRAM": 0,
        "URAM": 0,
        "SRL": 0,
        "CP": 2.287
    },
    "IMPL": {
        "LUT": 1337,
        "FF": 1008,
        "DSP": 0,
        "BRAM": 0,
        "URAM": 0,
        "SRL": 0,
        "CP": 3.935,
        "PWR": 0.26
    }
}