{
    "LATENCY": {
        "best_latency": 280913,
        "worst_latency": 280913,
        "average_latency": 280913,
        "best_time_latency": "2.809 ms",
        "worst_time_latency": "2.809 ms",
        "average_time_latency": "2.809 ms",
        "min_interval": 280914,
        "max_interval": 280914,
        "Latency": 280913
    },
    "HLS": {
        "LUT": 8198,
        "FF": 1260,
        "DSP": 0,
        "BRAM": 0,
        "URAM": 0,
        "CP": 6.978
    },
    "SYN": {
        "LUT": 1475,
        "FF": 1120,
        "DSP": 0,
        "BRAM": 0,
        "URAM": 0,
        "SRL": 0,
        "CP": 3.161
    },
    "IMPL": {
        "LUT": 1459,
        "FF": 1120,
        "DSP": 0,
        "BRAM": 0,
        "URAM": 0,
        "SRL": 0,
        "CP": 3.712,
        "PWR": 0.253
    }
}