{
    "LATENCY": {
        "best_latency": 278769,
        "worst_latency": 295153,
        "average_latency": 286961,
        "best_time_latency": "2.788 ms",
        "worst_time_latency": "2.952 ms",
        "average_time_latency": "2.870 ms",
        "min_interval": 278770,
        "max_interval": 295154,
        "Latency": 286961
    },
    "HLS": {
        "LUT": 6171,
        "FF": 805,
        "DSP": 0,
        "BRAM": 0,
        "URAM": 0,
        "CP": 6.89
    },
    "SYN": {
        "LUT": 1241,
        "FF": 743,
        "DSP": 0,
        "BRAM": 0,
        "URAM": 0,
        "SRL": 0,
        "CP": 2.715
    },
    "IMPL": {
        "LUT": 1235,
        "FF": 743,
        "DSP": 0,
        "BRAM": 0,
        "URAM": 0,
        "SRL": 0,
        "CP": 4.38,
        "PWR": 0.258
    }
}