{
    "LATENCY": {
        "best_latency": 332049,
        "worst_latency": 348433,
        "average_latency": 340241,
        "best_time_latency": "3.320 ms",
        "worst_time_latency": "3.484 ms",
        "average_time_latency": "3.402 ms",
        "min_interval": 332050,
        "max_interval": 348434,
        "Latency": 340241
    },
    "HLS": {
        "LUT": 16940,
        "FF": 2927,
        "DSP": 0,
        "BRAM": 0,
        "URAM": 0,
        "CP": 6.886
    },
    "SYN": {
        "LUT": 3518,
        "FF": 2631,
        "DSP": 0,
        "BRAM": 0,
        "URAM": 0,
        "SRL": 0,
        "CP": 3.543
    },
    "IMPL": {
        "LUT": 3499,
        "FF": 2631,
        "DSP": 0,
        "BRAM": 0,
        "URAM": 0,
        "SRL": 0,
        "CP": 4.67,
        "PWR": 0.261
    }
}