{
    "LATENCY": {
        "Latency": 1000
    },
    "HLS": {
        "LUT": 5116,
        "FF": 1129,
        "DSP": 8,
        "BRAM": 0,
        "URAM": 0,
        "CP": 6.465
    },
    "SYN": {
        "LUT": 817,
        "FF": 793,
        "DSP": 10,
        "BRAM": 0,
        "URAM": 0,
        "SRL": 0,
        "CP": 5.183
    },
    "IMPL": {
        "LUT": 790,
        "FF": 793,
        "DSP": 10,
        "BRAM": 0,
        "URAM": 0,
        "SRL": 0,
        "CP": 5.184,
        "PWR": 0.263
    }
}