{
    "LATENCY": {
        "Latency": 1000
    },
    "HLS": {
        "LUT": 5166,
        "FF": 1091,
        "DSP": 8,
        "BRAM": 0,
        "URAM": 0,
        "CP": 6.465
    },
    "SYN": {
        "LUT": 830,
        "FF": 764,
        "DSP": 10,
        "BRAM": 0,
        "URAM": 0,
        "SRL": 0,
        "CP": 5.183
    },
    "IMPL": {
        "LUT": 803,
        "FF": 764,
        "DSP": 10,
        "BRAM": 0,
        "URAM": 0,
        "SRL": 0,
        "CP": 5.611,
        "PWR": 0.261
    }
}