{
    "LATENCY": {
        "Latency": 1000
    },
    "HLS": {
        "LUT": 25605,
        "FF": 4573,
        "DSP": 3,
        "BRAM": 0,
        "URAM": 0,
        "CP": 6.465
    },
    "SYN": {
        "LUT": 3356,
        "FF": 4292,
        "DSP": 6,
        "BRAM": 0,
        "URAM": 0,
        "SRL": 0,
        "CP": 4.108
    },
    "IMPL": {
        "LUT": 3327,
        "FF": 4292,
        "DSP": 6,
        "BRAM": 0,
        "URAM": 0,
        "SRL": 0,
        "CP": 6.0,
        "PWR": 0.267
    }
}