{
    "LATENCY": {
        "Latency": 1000
    },
    "HLS": {
        "LUT": 2399,
        "FF": 583,
        "DSP": 8,
        "BRAM": 0,
        "URAM": 0,
        "CP": 6.862
    },
    "SYN": {
        "LUT": 450,
        "FF": 283,
        "DSP": 10,
        "BRAM": 0,
        "URAM": 0,
        "SRL": 0,
        "CP": 4.671
    },
    "IMPL": {
        "LUT": 440,
        "FF": 283,
        "DSP": 10,
        "BRAM": 0,
        "URAM": 0,
        "SRL": 0,
        "CP": 4.842,
        "PWR": 0.255
    }
}