{
    "LATENCY": {
        "Latency": 1000
    },
    "HLS": {
        "LUT": 11938,
        "FF": 7884,
        "DSP": 3,
        "BRAM": 0,
        "URAM": 0,
        "CP": 6.465
    },
    "SYN": {
        "LUT": 8291,
        "FF": 7371,
        "DSP": 6,
        "BRAM": 0,
        "URAM": 0,
        "SRL": 0,
        "CP": 5.183
    },
    "IMPL": {
        "LUT": 8090,
        "FF": 7371,
        "DSP": 6,
        "BRAM": 0,
        "URAM": 0,
        "SRL": 0,
        "CP": 5.888,
        "PWR": 0.316
    }
}