{
    "LATENCY": {
        "Latency": 1000
    },
    "HLS": {
        "LUT": 4803,
        "FF": 957,
        "DSP": 6,
        "BRAM": 0,
        "URAM": 0,
        "CP": 6.822
    },
    "SYN": {
        "LUT": 887,
        "FF": 596,
        "DSP": 12,
        "BRAM": 0,
        "URAM": 0,
        "SRL": 0,
        "CP": 4.108
    },
    "IMPL": {
        "LUT": 853,
        "FF": 596,
        "DSP": 12,
        "BRAM": 0,
        "URAM": 0,
        "SRL": 0,
        "CP": 4.058,
        "PWR": 0.267
    }
}