{
    "LATENCY": {
        "Latency": 1000
    },
    "HLS": {
        "LUT": 5069,
        "FF": 877,
        "DSP": 3,
        "BRAM": 0,
        "URAM": 0,
        "CP": 6.465
    },
    "SYN": {
        "LUT": 764,
        "FF": 678,
        "DSP": 6,
        "BRAM": 0,
        "URAM": 0,
        "SRL": 0,
        "CP": 4.108
    },
    "IMPL": {
        "LUT": 763,
        "FF": 678,
        "DSP": 6,
        "BRAM": 0,
        "URAM": 0,
        "SRL": 0,
        "CP": 4.52,
        "PWR": 0.263
    }
}