{
    "LATENCY": {
        "Latency": 1000
    },
    "HLS": {
        "LUT": 9069,
        "FF": 2407,
        "DSP": 3,
        "BRAM": 0,
        "URAM": 0,
        "CP": 6.465
    },
    "SYN": {
        "LUT": 3044,
        "FF": 2115,
        "DSP": 6,
        "BRAM": 0,
        "URAM": 0,
        "SRL": 0,
        "CP": 4.108
    },
    "IMPL": {
        "LUT": 3026,
        "FF": 2115,
        "DSP": 6,
        "BRAM": 0,
        "URAM": 0,
        "SRL": 0,
        "CP": 5.734,
        "PWR": 0.281
    }
}