{
    "LATENCY": {
        "Latency": 1000
    },
    "HLS": {
        "LUT": 13408,
        "FF": 8124,
        "DSP": 3,
        "BRAM": 0,
        "URAM": 0,
        "CP": 6.465
    },
    "SYN": {
        "LUT": 8728,
        "FF": 7495,
        "DSP": 6,
        "BRAM": 0,
        "URAM": 0,
        "SRL": 0,
        "CP": 5.183
    },
    "IMPL": {
        "LUT": 8518,
        "FF": 7495,
        "DSP": 6,
        "BRAM": 0,
        "URAM": 0,
        "SRL": 0,
        "CP": 7.292,
        "PWR": 0.329
    }
}