{
    "LATENCY": {
        "Latency": 1000
    },
    "HLS": {
        "LUT": 2778,
        "FF": 792,
        "DSP": 8,
        "BRAM": 0,
        "URAM": 0,
        "CP": 6.862
    },
    "SYN": {
        "LUT": 718,
        "FF": 398,
        "DSP": 9,
        "BRAM": 0,
        "URAM": 0,
        "SRL": 0,
        "CP": 4.671
    },
    "IMPL": {
        "LUT": 667,
        "FF": 398,
        "DSP": 9,
        "BRAM": 0,
        "URAM": 0,
        "SRL": 0,
        "CP": 4.882,
        "PWR": 0.257
    }
}