{
    "LATENCY": {
        "Latency": 1000
    },
    "HLS": {
        "LUT": 3690,
        "FF": 1076,
        "DSP": 3,
        "BRAM": 0,
        "URAM": 0,
        "CP": 6.282
    },
    "SYN": {
        "LUT": 1009,
        "FF": 907,
        "DSP": 6,
        "BRAM": 0,
        "URAM": 0,
        "SRL": 0,
        "CP": 4.108
    },
    "IMPL": {
        "LUT": 985,
        "FF": 907,
        "DSP": 6,
        "BRAM": 0,
        "URAM": 0,
        "SRL": 0,
        "CP": 4.179,
        "PWR": 0.266
    }
}