{
    "LATENCY": {
        "Latency": 1000
    },
    "HLS": {
        "LUT": 2407,
        "FF": 613,
        "DSP": 8,
        "BRAM": 0,
        "URAM": 0,
        "CP": 6.862
    },
    "SYN": {
        "LUT": 493,
        "FF": 254,
        "DSP": 9,
        "BRAM": 0,
        "URAM": 0,
        "SRL": 0,
        "CP": 4.671
    },
    "IMPL": {
        "LUT": 445,
        "FF": 254,
        "DSP": 9,
        "BRAM": 0,
        "URAM": 0,
        "SRL": 0,
        "CP": 4.782,
        "PWR": 0.256
    }
}