{
    "LATENCY": {
        "Latency": 1000
    },
    "HLS": {
        "LUT": 7967,
        "FF": 2471,
        "DSP": 3,
        "BRAM": 0,
        "URAM": 0,
        "CP": 6.465
    },
    "SYN": {
        "LUT": 3048,
        "FF": 2178,
        "DSP": 6,
        "BRAM": 0,
        "URAM": 0,
        "SRL": 0,
        "CP": 4.108
    },
    "IMPL": {
        "LUT": 3032,
        "FF": 2178,
        "DSP": 6,
        "BRAM": 0,
        "URAM": 0,
        "SRL": 0,
        "CP": 5.727,
        "PWR": 0.281
    }
}