{
    "LATENCY": {
        "Latency": 1000
    },
    "HLS": {
        "LUT": 3174,
        "FF": 696,
        "DSP": 3,
        "BRAM": 0,
        "URAM": 0,
        "CP": 7.259
    },
    "SYN": {
        "LUT": 1799,
        "FF": 564,
        "DSP": 0,
        "BRAM": 0,
        "URAM": 0,
        "SRL": 0,
        "CP": 5.229
    },
    "IMPL": {
        "LUT": 1784,
        "FF": 564,
        "DSP": 0,
        "BRAM": 0,
        "URAM": 0,
        "SRL": 0,
        "CP": 6.498,
        "PWR": 0.271
    }
}