{
    "LATENCY": {
        "Latency": 1000
    },
    "HLS": {
        "LUT": 10682,
        "FF": 7620,
        "DSP": 3,
        "BRAM": 0,
        "URAM": 0,
        "CP": 6.465
    },
    "SYN": {
        "LUT": 8200,
        "FF": 7215,
        "DSP": 6,
        "BRAM": 0,
        "URAM": 0,
        "SRL": 0,
        "CP": 5.183
    },
    "IMPL": {
        "LUT": 7991,
        "FF": 7215,
        "DSP": 6,
        "BRAM": 0,
        "URAM": 0,
        "SRL": 0,
        "CP": 7.901,
        "PWR": 0.318
    }
}