{
    "LATENCY": {
        "Latency": 1000
    },
    "HLS": {
        "LUT": 3196,
        "FF": 725,
        "DSP": 8,
        "BRAM": 0,
        "URAM": 0,
        "CP": 6.862
    },
    "SYN": {
        "LUT": 560,
        "FF": 347,
        "DSP": 10,
        "BRAM": 0,
        "URAM": 0,
        "SRL": 0,
        "CP": 4.671
    },
    "IMPL": {
        "LUT": 546,
        "FF": 347,
        "DSP": 10,
        "BRAM": 0,
        "URAM": 0,
        "SRL": 0,
        "CP": 4.842,
        "PWR": 0.255
    }
}