{
    "LATENCY": {
        "Latency": 1000
    },
    "HLS": {
        "LUT": 1412,
        "FF": 613,
        "DSP": 11,
        "BRAM": 0,
        "URAM": 0,
        "CP": 7.259
    },
    "SYN": {
        "LUT": 493,
        "FF": 269,
        "DSP": 9,
        "BRAM": 0,
        "URAM": 0,
        "SRL": 0,
        "CP": 6.619
    },
    "IMPL": {
        "LUT": 443,
        "FF": 269,
        "DSP": 9,
        "BRAM": 0,
        "URAM": 0,
        "SRL": 0,
        "CP": 7.024,
        "PWR": 0.256
    }
}