{
    "LATENCY": {
        "Latency": 1000
    },
    "HLS": {
        "LUT": 25805,
        "FF": 4779,
        "DSP": 3,
        "BRAM": 0,
        "URAM": 0,
        "CP": 6.465
    },
    "SYN": {
        "LUT": 3438,
        "FF": 4446,
        "DSP": 6,
        "BRAM": 0,
        "URAM": 0,
        "SRL": 0,
        "CP": 4.108
    },
    "IMPL": {
        "LUT": 3408,
        "FF": 4446,
        "DSP": 6,
        "BRAM": 0,
        "URAM": 0,
        "SRL": 0,
        "CP": 6.32,
        "PWR": 0.265
    }
}