{
    "LATENCY": {
        "Latency": 1000
    },
    "HLS": {
        "LUT": 25660,
        "FF": 4673,
        "DSP": 3,
        "BRAM": 0,
        "URAM": 0,
        "CP": 6.465
    },
    "SYN": {
        "LUT": 3378,
        "FF": 4372,
        "DSP": 6,
        "BRAM": 0,
        "URAM": 0,
        "SRL": 0,
        "CP": 4.108
    },
    "IMPL": {
        "LUT": 3348,
        "FF": 4372,
        "DSP": 6,
        "BRAM": 0,
        "URAM": 0,
        "SRL": 0,
        "CP": 5.638,
        "PWR": 0.267
    }
}