{
    "LATENCY": {
        "Latency": 1000
    },
    "HLS": {
        "LUT": 3583,
        "FF": 1007,
        "DSP": 3,
        "BRAM": 0,
        "URAM": 0,
        "CP": 6.282
    },
    "SYN": {
        "LUT": 948,
        "FF": 841,
        "DSP": 6,
        "BRAM": 0,
        "URAM": 0,
        "SRL": 0,
        "CP": 4.108
    },
    "IMPL": {
        "LUT": 922,
        "FF": 841,
        "DSP": 6,
        "BRAM": 0,
        "URAM": 0,
        "SRL": 0,
        "CP": 4.059,
        "PWR": 0.264
    }
}