{
    "LATENCY": {
        "Latency": 1000
    },
    "HLS": {
        "LUT": 4050,
        "FF": 944,
        "DSP": 3,
        "BRAM": 0,
        "URAM": 0,
        "CP": 6.465
    },
    "SYN": {
        "LUT": 735,
        "FF": 745,
        "DSP": 6,
        "BRAM": 0,
        "URAM": 0,
        "SRL": 0,
        "CP": 4.108
    },
    "IMPL": {
        "LUT": 730,
        "FF": 745,
        "DSP": 6,
        "BRAM": 0,
        "URAM": 0,
        "SRL": 0,
        "CP": 4.058,
        "PWR": 0.26
    }
}