{
    "LATENCY": {
        "Latency": 1000
    },
    "HLS": {
        "LUT": 2481,
        "FF": 508,
        "DSP": 8,
        "BRAM": 0,
        "URAM": 0,
        "CP": 6.282
    },
    "SYN": {
        "LUT": 440,
        "FF": 244,
        "DSP": 10,
        "BRAM": 0,
        "URAM": 0,
        "SRL": 0,
        "CP": 5.183
    },
    "IMPL": {
        "LUT": 421,
        "FF": 244,
        "DSP": 10,
        "BRAM": 0,
        "URAM": 0,
        "SRL": 0,
        "CP": 5.44,
        "PWR": 0.255
    }
}