{
    "LATENCY": {
        "Latency": 1000
    },
    "HLS": {
        "LUT": 4260,
        "FF": 696,
        "DSP": 0,
        "BRAM": 0,
        "URAM": 0,
        "CP": 6.282
    },
    "SYN": {
        "LUT": 1864,
        "FF": 562,
        "DSP": 0,
        "BRAM": 0,
        "URAM": 0,
        "SRL": 0,
        "CP": 4.778
    },
    "IMPL": {
        "LUT": 1820,
        "FF": 562,
        "DSP": 0,
        "BRAM": 0,
        "URAM": 0,
        "SRL": 0,
        "CP": 6.086,
        "PWR": 0.271
    }
}