{
    "LATENCY": {
        "Latency": 1000
    },
    "HLS": {
        "LUT": 1597,
        "FF": 732,
        "DSP": 11,
        "BRAM": 0,
        "URAM": 0,
        "CP": 7.259
    },
    "SYN": {
        "LUT": 574,
        "FF": 282,
        "DSP": 11,
        "BRAM": 0,
        "URAM": 0,
        "SRL": 0,
        "CP": 6.619
    },
    "IMPL": {
        "LUT": 520,
        "FF": 282,
        "DSP": 11,
        "BRAM": 0,
        "URAM": 0,
        "SRL": 0,
        "CP": 7.032,
        "PWR": 0.258
    }
}