{
    "LATENCY": {
        "Latency": 1000
    },
    "HLS": {
        "LUT": 4701,
        "FF": 1046,
        "DSP": 16,
        "BRAM": 0,
        "URAM": 0,
        "CP": 6.615
    },
    "SYN": {
        "LUT": 786,
        "FF": 509,
        "DSP": 20,
        "BRAM": 0,
        "URAM": 0,
        "SRL": 0,
        "CP": 5.252
    },
    "IMPL": {
        "LUT": 738,
        "FF": 509,
        "DSP": 20,
        "BRAM": 0,
        "URAM": 0,
        "SRL": 0,
        "CP": 6.754,
        "PWR": 0.271
    }
}