{
    "LATENCY": {
        "Latency": 1000
    },
    "HLS": {
        "LUT": 3265,
        "FF": 696,
        "DSP": 3,
        "BRAM": 0,
        "URAM": 0,
        "CP": 6.282
    },
    "SYN": {
        "LUT": 636,
        "FF": 404,
        "DSP": 6,
        "BRAM": 0,
        "URAM": 0,
        "SRL": 0,
        "CP": 4.108
    },
    "IMPL": {
        "LUT": 593,
        "FF": 404,
        "DSP": 6,
        "BRAM": 0,
        "URAM": 0,
        "SRL": 0,
        "CP": 4.058,
        "PWR": 0.256
    }
}