{
    "LATENCY": {
        "Latency": 1000
    },
    "HLS": {
        "LUT": 3919,
        "FF": 898,
        "DSP": 16,
        "BRAM": 0,
        "URAM": 0,
        "CP": 6.615
    },
    "SYN": {
        "LUT": 707,
        "FF": 439,
        "DSP": 20,
        "BRAM": 0,
        "URAM": 0,
        "SRL": 0,
        "CP": 5.252
    },
    "IMPL": {
        "LUT": 666,
        "FF": 439,
        "DSP": 20,
        "BRAM": 0,
        "URAM": 0,
        "SRL": 0,
        "CP": 7.075,
        "PWR": 0.27
    }
}