{
    "LATENCY": {
        "Latency": 1000
    },
    "HLS": {
        "LUT": 5150,
        "FF": 1123,
        "DSP": 8,
        "BRAM": 0,
        "URAM": 0,
        "CP": 6.465
    },
    "SYN": {
        "LUT": 818,
        "FF": 778,
        "DSP": 10,
        "BRAM": 0,
        "URAM": 0,
        "SRL": 0,
        "CP": 5.183
    },
    "IMPL": {
        "LUT": 796,
        "FF": 778,
        "DSP": 10,
        "BRAM": 0,
        "URAM": 0,
        "SRL": 0,
        "CP": 5.499,
        "PWR": 0.261
    }
}