{
    "LATENCY": {
        "Latency": 1000
    },
    "HLS": {
        "LUT": 46302,
        "FF": 8654,
        "DSP": 3,
        "BRAM": 0,
        "URAM": 0,
        "CP": 6.465
    },
    "SYN": {
        "LUT": 5949,
        "FF": 8257,
        "DSP": 6,
        "BRAM": 0,
        "URAM": 0,
        "SRL": 0,
        "CP": 4.108
    },
    "IMPL": {
        "LUT": 5892,
        "FF": 8257,
        "DSP": 6,
        "BRAM": 0,
        "URAM": 0,
        "SRL": 0,
        "CP": 7.338,
        "PWR": 0.271
    }
}