{
    "LATENCY": {
        "Latency": 1000
    },
    "HLS": {
        "LUT": 9783,
        "FF": 2589,
        "DSP": 6,
        "BRAM": 0,
        "URAM": 0,
        "CP": 6.808
    },
    "SYN": {
        "LUT": 3168,
        "FF": 2252,
        "DSP": 12,
        "BRAM": 0,
        "URAM": 0,
        "SRL": 0,
        "CP": 4.108
    },
    "IMPL": {
        "LUT": 3150,
        "FF": 2252,
        "DSP": 12,
        "BRAM": 0,
        "URAM": 0,
        "SRL": 0,
        "CP": 5.807,
        "PWR": 0.292
    }
}