{
    "LATENCY": {
        "Latency": 1000
    },
    "HLS": {
        "LUT": 6597,
        "FF": 761,
        "DSP": 3,
        "BRAM": 0,
        "URAM": 0,
        "CP": 6.465
    },
    "SYN": {
        "LUT": 1023,
        "FF": 568,
        "DSP": 6,
        "BRAM": 0,
        "URAM": 0,
        "SRL": 0,
        "CP": 4.108
    },
    "IMPL": {
        "LUT": 1003,
        "FF": 568,
        "DSP": 6,
        "BRAM": 0,
        "URAM": 0,
        "SRL": 0,
        "CP": 4.288,
        "PWR": 0.264
    }
}