{
    "LATENCY": {
        "Latency": 1000
    },
    "HLS": {
        "LUT": 7388,
        "FF": 1626,
        "DSP": 16,
        "BRAM": 0,
        "URAM": 0,
        "CP": 6.615
    },
    "SYN": {
        "LUT": 1126,
        "FF": 1076,
        "DSP": 20,
        "BRAM": 0,
        "URAM": 0,
        "SRL": 0,
        "CP": 5.252
    },
    "IMPL": {
        "LUT": 1087,
        "FF": 1076,
        "DSP": 20,
        "BRAM": 0,
        "URAM": 0,
        "SRL": 0,
        "CP": 6.16,
        "PWR": 0.271
    }
}