{
    "LATENCY": {
        "Latency": 1000
    },
    "HLS": {
        "LUT": 2503,
        "FF": 526,
        "DSP": 8,
        "BRAM": 0,
        "URAM": 0,
        "CP": 6.862
    },
    "SYN": {
        "LUT": 466,
        "FF": 243,
        "DSP": 10,
        "BRAM": 0,
        "URAM": 0,
        "SRL": 0,
        "CP": 4.671
    },
    "IMPL": {
        "LUT": 457,
        "FF": 243,
        "DSP": 10,
        "BRAM": 0,
        "URAM": 0,
        "SRL": 0,
        "CP": 4.842,
        "PWR": 0.254
    }
}