{
    "LATENCY": {
        "Latency": 1000
    },
    "HLS": {
        "LUT": 1805,
        "FF": 739,
        "DSP": 11,
        "BRAM": 0,
        "URAM": 0,
        "CP": 7.259
    },
    "SYN": {
        "LUT": 610,
        "FF": 398,
        "DSP": 10,
        "BRAM": 0,
        "URAM": 0,
        "SRL": 0,
        "CP": 6.457
    },
    "IMPL": {
        "LUT": 582,
        "FF": 398,
        "DSP": 10,
        "BRAM": 0,
        "URAM": 0,
        "SRL": 0,
        "CP": 7.196,
        "PWR": 0.256
    }
}