{
    "LATENCY": {
        "Latency": 1000
    },
    "HLS": {
        "LUT": 5352,
        "FF": 1091,
        "DSP": 3,
        "BRAM": 0,
        "URAM": 0,
        "CP": 6.465
    },
    "SYN": {
        "LUT": 919,
        "FF": 845,
        "DSP": 6,
        "BRAM": 0,
        "URAM": 0,
        "SRL": 0,
        "CP": 4.108
    },
    "IMPL": {
        "LUT": 913,
        "FF": 845,
        "DSP": 6,
        "BRAM": 0,
        "URAM": 0,
        "SRL": 0,
        "CP": 4.058,
        "PWR": 0.261
    }
}