{
    "LATENCY": {
        "Latency": 1000
    },
    "HLS": {
        "LUT": 11958,
        "FF": 7832,
        "DSP": 3,
        "BRAM": 0,
        "URAM": 0,
        "CP": 6.465
    },
    "SYN": {
        "LUT": 8246,
        "FF": 7326,
        "DSP": 6,
        "BRAM": 0,
        "URAM": 0,
        "SRL": 0,
        "CP": 5.183
    },
    "IMPL": {
        "LUT": 8039,
        "FF": 7326,
        "DSP": 6,
        "BRAM": 0,
        "URAM": 0,
        "SRL": 0,
        "CP": 6.361,
        "PWR": 0.322
    }
}