{
    "LATENCY": {
        "Latency": 1000
    },
    "HLS": {
        "LUT": 6147,
        "FF": 880,
        "DSP": 0,
        "BRAM": 0,
        "URAM": 0,
        "CP": 6.465
    },
    "SYN": {
        "LUT": 1949,
        "FF": 840,
        "DSP": 0,
        "BRAM": 0,
        "URAM": 0,
        "SRL": 0,
        "CP": 4.778
    },
    "IMPL": {
        "LUT": 1944,
        "FF": 840,
        "DSP": 0,
        "BRAM": 0,
        "URAM": 0,
        "SRL": 0,
        "CP": 5.873,
        "PWR": 0.274
    }
}