{
    "LATENCY": {
        "Latency": 1000
    },
    "HLS": {
        "LUT": 13285,
        "FF": 7955,
        "DSP": 6,
        "BRAM": 0,
        "URAM": 0,
        "CP": 7.259
    },
    "SYN": {
        "LUT": 10221,
        "FF": 7659,
        "DSP": 0,
        "BRAM": 0,
        "URAM": 0,
        "SRL": 0,
        "CP": 5.34
    },
    "IMPL": {
        "LUT": 9994,
        "FF": 7659,
        "DSP": 0,
        "BRAM": 0,
        "URAM": 0,
        "SRL": 0,
        "CP": 8.46,
        "PWR": 0.358
    }
}