{
    "LATENCY": {
        "Latency": 1000
    },
    "HLS": {
        "LUT": 3363,
        "FF": 745,
        "DSP": 3,
        "BRAM": 0,
        "URAM": 0,
        "CP": 6.862
    },
    "SYN": {
        "LUT": 626,
        "FF": 463,
        "DSP": 6,
        "BRAM": 0,
        "URAM": 0,
        "SRL": 0,
        "CP": 4.108
    },
    "IMPL": {
        "LUT": 611,
        "FF": 463,
        "DSP": 6,
        "BRAM": 0,
        "URAM": 0,
        "SRL": 0,
        "CP": 4.058,
        "PWR": 0.254
    }
}