{
    "LATENCY": {
        "Latency": 1000
    },
    "HLS": {
        "LUT": 1404,
        "FF": 583,
        "DSP": 11,
        "BRAM": 0,
        "URAM": 0,
        "CP": 7.259
    },
    "SYN": {
        "LUT": 450,
        "FF": 298,
        "DSP": 10,
        "BRAM": 0,
        "URAM": 0,
        "SRL": 0,
        "CP": 6.619
    },
    "IMPL": {
        "LUT": 440,
        "FF": 298,
        "DSP": 10,
        "BRAM": 0,
        "URAM": 0,
        "SRL": 0,
        "CP": 7.193,
        "PWR": 0.255
    }
}