{
    "LATENCY": {
        "best_latency": 147265,
        "worst_latency": 147265,
        "average_latency": 147265,
        "best_time_latency": "1.473 ms",
        "worst_time_latency": "1.473 ms",
        "average_time_latency": "1.473 ms",
        "min_interval": 147266,
        "max_interval": 147266,
        "Latency": 147265
    },
    "HLS": {
        "LUT": 65837,
        "FF": 18364,
        "DSP": 0,
        "BRAM": 0,
        "URAM": 0,
        "CP": 7.112
    },
    "SYN": {
        "LUT": 16430,
        "FF": 18494,
        "DSP": 0,
        "BRAM": 0,
        "URAM": 0,
        "SRL": 2377,
        "CP": 5.864
    },
    "IMPL": {
        "LUT": 14937,
        "FF": 18486,
        "DSP": 0,
        "BRAM": 0,
        "URAM": 0,
        "SRL": 1190,
        "CP": 9.631,
        "PWR": 0.297
    }
}