{
    "LATENCY": {
        "best_latency": 151169,
        "worst_latency": 151169,
        "average_latency": 151169,
        "best_time_latency": "1.512 ms",
        "worst_time_latency": "1.512 ms",
        "average_time_latency": "1.512 ms",
        "min_interval": 151170,
        "max_interval": 151170,
        "Latency": 151169
    },
    "HLS": {
        "LUT": 40459,
        "FF": 19346,
        "DSP": 6,
        "BRAM": 0,
        "URAM": 0,
        "CP": 7.112
    },
    "SYN": {
        "LUT": 16776,
        "FF": 19315,
        "DSP": 6,
        "BRAM": 0,
        "URAM": 0,
        "SRL": 2698,
        "CP": 5.171
    },
    "IMPL": {
        "LUT": 15045,
        "FF": 19308,
        "DSP": 6,
        "BRAM": 0,
        "URAM": 0,
        "SRL": 1351,
        "CP": 8.508,
        "PWR": 0.535
    }
}