{
    "LATENCY": {
        "best_latency": 2891777,
        "worst_latency": 2891777,
        "average_latency": 2891777,
        "best_time_latency": "28.918 ms",
        "worst_time_latency": "28.918 ms",
        "average_time_latency": "28.918 ms",
        "min_interval": 2891778,
        "max_interval": 2891778,
        "Latency": 2891777
    },
    "HLS": {
        "LUT": 4104,
        "FF": 1280,
        "DSP": 3,
        "BRAM": 0,
        "URAM": 0,
        "CP": 6.589
    },
    "SYN": {
        "LUT": 3471,
        "FF": 1146,
        "DSP": 3,
        "BRAM": 0,
        "URAM": 0,
        "SRL": 0,
        "CP": 5.171
    },
    "IMPL": {
        "LUT": 3356,
        "FF": 1142,
        "DSP": 3,
        "BRAM": 0,
        "URAM": 0,
        "SRL": 0,
        "CP": 7.471,
        "PWR": 0.349
    }
}