{
    "LATENCY": {
        "best_latency": 131308,
        "worst_latency": 131308,
        "average_latency": 131308,
        "best_time_latency": "1.313 ms",
        "worst_time_latency": "1.313 ms",
        "average_time_latency": "1.313 ms",
        "min_interval": 131309,
        "max_interval": 131309,
        "Latency": 131308
    },
    "HLS": {
        "LUT": 8440,
        "FF": 13470,
        "DSP": 20,
        "BRAM": 0,
        "URAM": 0,
        "CP": 7.027
    },
    "SYN": {
        "LUT": 9427,
        "FF": 13551,
        "DSP": 20,
        "BRAM": 0,
        "URAM": 0,
        "SRL": 2382,
        "CP": 6.496
    },
    "IMPL": {
        "LUT": 8157,
        "FF": 13544,
        "DSP": 20,
        "BRAM": 0,
        "URAM": 0,
        "SRL": 1195,
        "CP": 8.336,
        "PWR": 0.353
    }
}