{
    "LATENCY": {
        "best_latency": 2891873,
        "worst_latency": 2891873,
        "average_latency": 2891873,
        "best_time_latency": "28.919 ms",
        "worst_time_latency": "28.919 ms",
        "average_time_latency": "28.919 ms",
        "min_interval": 2891874,
        "max_interval": 2891874,
        "Latency": 2891873
    },
    "HLS": {
        "LUT": 5598,
        "FF": 1436,
        "DSP": 3,
        "BRAM": 0,
        "URAM": 0,
        "CP": 6.589
    },
    "SYN": {
        "LUT": 3663,
        "FF": 1305,
        "DSP": 3,
        "BRAM": 0,
        "URAM": 0,
        "SRL": 0,
        "CP": 5.171
    },
    "IMPL": {
        "LUT": 3546,
        "FF": 1301,
        "DSP": 3,
        "BRAM": 0,
        "URAM": 0,
        "SRL": 0,
        "CP": 7.556,
        "PWR": 0.331
    }
}