{
    "LATENCY": {
        "best_latency": 1048585,
        "worst_latency": 1048585,
        "average_latency": 1048585,
        "best_time_latency": "10.486 ms",
        "worst_time_latency": "10.486 ms",
        "average_time_latency": "10.486 ms",
        "min_interval": 1048586,
        "max_interval": 1048586,
        "Latency": 1048585
    },
    "HLS": {
        "LUT": 3159,
        "FF": 1192,
        "DSP": 10,
        "BRAM": 0,
        "URAM": 0,
        "CP": 7.135
    },
    "SYN": {
        "LUT": 984,
        "FF": 1074,
        "DSP": 10,
        "BRAM": 0,
        "URAM": 0,
        "SRL": 0,
        "CP": 6.496
    },
    "IMPL": {
        "LUT": 967,
        "FF": 1070,
        "DSP": 10,
        "BRAM": 0,
        "URAM": 0,
        "SRL": 0,
        "CP": 7.054,
        "PWR": 0.269
    }
}