{
    "LATENCY": {
        "best_latency": 131308,
        "worst_latency": 131308,
        "average_latency": 131308,
        "best_time_latency": "1.313 ms",
        "worst_time_latency": "1.313 ms",
        "average_time_latency": "1.313 ms",
        "min_interval": 131309,
        "max_interval": 131309,
        "Latency": 131308
    },
    "HLS": {
        "LUT": 5881,
        "FF": 13066,
        "DSP": 20,
        "BRAM": 0,
        "URAM": 0,
        "CP": 7.027
    },
    "SYN": {
        "LUT": 9068,
        "FF": 13201,
        "DSP": 20,
        "BRAM": 0,
        "URAM": 0,
        "SRL": 2381,
        "CP": 6.496
    },
    "IMPL": {
        "LUT": 7790,
        "FF": 13193,
        "DSP": 20,
        "BRAM": 0,
        "URAM": 0,
        "SRL": 1193,
        "CP": 8.492,
        "PWR": 0.318
    }
}