{
    "LATENCY": {
        "best_latency": 65771,
        "worst_latency": 65771,
        "average_latency": 65771,
        "best_time_latency": "0.658 ms",
        "worst_time_latency": "0.658 ms",
        "average_time_latency": "0.658 ms",
        "min_interval": 65772,
        "max_interval": 65772,
        "Latency": 65771
    },
    "HLS": {
        "LUT": 24402,
        "FF": 29295,
        "DSP": 0,
        "BRAM": 0,
        "URAM": 0,
        "CP": 7.112
    },
    "SYN": {
        "LUT": 28033,
        "FF": 29410,
        "DSP": 0,
        "BRAM": 0,
        "URAM": 0,
        "SRL": 4748,
        "CP": 5.864
    },
    "IMPL": {
        "LUT": 25154,
        "FF": 29395,
        "DSP": 0,
        "BRAM": 0,
        "URAM": 0,
        "SRL": 2378,
        "CP": 9.187,
        "PWR": 0.372
    }
}