{
    "LATENCY": {
        "best_latency": 65833,
        "worst_latency": 65833,
        "average_latency": 65833,
        "best_time_latency": "0.658 ms",
        "worst_time_latency": "0.658 ms",
        "average_time_latency": "0.658 ms",
        "min_interval": 65834,
        "max_interval": 65834,
        "Latency": 65833
    },
    "HLS": {
        "LUT": 41586,
        "FF": 29617,
        "DSP": 52,
        "BRAM": 0,
        "URAM": 0,
        "CP": 7.027
    },
    "SYN": {
        "LUT": 19385,
        "FF": 29701,
        "DSP": 52,
        "BRAM": 0,
        "URAM": 0,
        "SRL": 5132,
        "CP": 6.496
    },
    "IMPL": {
        "LUT": 16552,
        "FF": 29686,
        "DSP": 52,
        "BRAM": 0,
        "URAM": 0,
        "SRL": 2570,
        "CP": 9.327,
        "PWR": 0.325
    }
}