{
    "LATENCY": {
        "best_latency": 1048584,
        "worst_latency": 1048584,
        "average_latency": 1048584,
        "best_time_latency": "10.486 ms",
        "worst_time_latency": "10.486 ms",
        "average_time_latency": "10.486 ms",
        "min_interval": 1048585,
        "max_interval": 1048585,
        "Latency": 1048584
    },
    "HLS": {
        "LUT": 4389,
        "FF": 1342,
        "DSP": 0,
        "BRAM": 0,
        "URAM": 0,
        "CP": 7.135
    },
    "SYN": {
        "LUT": 3487,
        "FF": 1112,
        "DSP": 0,
        "BRAM": 0,
        "URAM": 0,
        "SRL": 0,
        "CP": 5.864
    },
    "IMPL": {
        "LUT": 3382,
        "FF": 1108,
        "DSP": 0,
        "BRAM": 0,
        "URAM": 0,
        "SRL": 0,
        "CP": 7.745,
        "PWR": 0.3
    }
}