{
    "Option": {
        "INLINE": {
            "-off": [],
            "-recursive": []
        },
        "PIPELINE": {
            "-style": []
        },
        "UNROLL": {
            "-factor": []
        },
        "PARTITION": {
            "-factor": [],
            "-type": []
        },
        "RESHAPE": {
            "-factor": [],
            "-type": []
        },
        "STORAGE": {
            "-type": [],
            "-impl": [],
            "-latency": []
        }
    },
    "Function": {},
    "Loop": {
        "group1": {
            "level": [
                "ellpack/ellpack_1",
                "ellpack/ellpack_2"
            ],
            "unroll": [
                "ellpack/ellpack_1",
                "ellpack/ellpack_2"
            ],
            "pipeline": [
                "ellpack/ellpack_1",
                "ellpack/ellpack_2"
            ],
            "flatten": [
                null
            ],
            "ellpack/ellpack_1": {
                "UNROLL": {
                    "-factor": 0
                },
                "PIPELINE": {
                    "-style": "stp",
                    "-state": "-off"
                }
            },
            "ellpack/ellpack_2": {
                "UNROLL": {
                    "-factor": 2
                },
                "PIPELINE": {
                    "-style": "stp",
                    "-state": "-off"
                }
            }
        }
    },
    "Array": {},
    "Interface": {
        "ellpack nzval": {
            "PARTITION": {
                "-factor": 2,
                "-type": "block"
            },
            "RESHAPE": {
                "-factor": 0,
                "-type": "cyclic"
            }
        },
        "ellpack cols": {
            "PARTITION": {
                "-factor": 2,
                "-type": "cyclic"
            },
            "RESHAPE": {
                "-factor": 0,
                "-type": "cyclic"
            }
        },
        "ellpack vec": {
            "PARTITION": {
                "-factor": 2,
                "-type": "cyclic"
            },
            "RESHAPE": {
                "-factor": 2,
                "-type": "block"
            }
        },
        "ellpack out": {
            "PARTITION": {
                "-factor": 0,
                "-type": "cyclic"
            },
            "RESHAPE": {
                "-factor": 2,
                "-type": "cyclic"
            }
        }
    },
    "Operation": {
        "ellpack/ellpack_1 i": {
            "add": {
                "-impl": "fabric",
                "-latency": -1
            }
        },
        "ellpack/ellpack_2 j": {
            "add": {
                "-impl": "dsp",
                "-latency": -1
            }
        },
        "ellpack/ellpack_2 Si": {
            "dmul": {
                "-impl": "fabric",
                "-latency": -1
            }
        },
        "ellpack/ellpack_2 sum": {
            "dadd": {
                "-impl": "fulldsp",
                "-latency": -1
            }
        }
    }
}