{
    "LATENCY": {
        "best_latency": 2603,
        "worst_latency": 2603,
        "average_latency": 2603,
        "best_time_latency": "26.030 us",
        "worst_time_latency": "26.030 us",
        "average_time_latency": "26.030 us",
        "min_interval": 2604,
        "max_interval": 2604,
        "Latency": 2603
    },
    "HLS": {
        "LUT": 88102,
        "FF": 76922,
        "DSP": 102,
        "BRAM": 0,
        "URAM": 0,
        "CP": 7.095
    },
    "SYN": {
        "LUT": 27675,
        "FF": 21749,
        "DSP": 122,
        "BRAM": 0,
        "URAM": 0,
        "SRL": 3097,
        "CP": 5.864
    },
    "IMPL": {
        "LUT": 26224,
        "FF": 21680,
        "DSP": 122,
        "BRAM": 0,
        "URAM": 0,
        "SRL": 1882,
        "CP": 9.611,
        "PWR": 0.633
    }
}