{
    "LATENCY": {
        "best_latency": 127453,
        "worst_latency": 127453,
        "average_latency": 127453,
        "best_time_latency": "1.275 ms",
        "worst_time_latency": "1.275 ms",
        "average_time_latency": "1.275 ms",
        "min_interval": 127454,
        "max_interval": 127454,
        "Latency": 127453
    },
    "HLS": {
        "LUT": 8010,
        "FF": 2801,
        "DSP": 11,
        "BRAM": 0,
        "URAM": 0,
        "CP": 6.589
    },
    "SYN": {
        "LUT": 4131,
        "FF": 2019,
        "DSP": 13,
        "BRAM": 0,
        "URAM": 0,
        "SRL": 4,
        "CP": 5.171
    },
    "IMPL": {
        "LUT": 4014,
        "FF": 2015,
        "DSP": 13,
        "BRAM": 0,
        "URAM": 0,
        "SRL": 4,
        "CP": 7.84,
        "PWR": 0.366
    }
}