{
    "LATENCY": {
        "best_latency": 129923,
        "worst_latency": 129923,
        "average_latency": 129923,
        "best_time_latency": "1.299 ms",
        "worst_time_latency": "1.299 ms",
        "average_time_latency": "1.299 ms",
        "min_interval": 129924,
        "max_interval": 129924,
        "Latency": 129923
    },
    "HLS": {
        "LUT": 6141,
        "FF": 2351,
        "DSP": 11,
        "BRAM": 0,
        "URAM": 0,
        "CP": 6.589
    },
    "SYN": {
        "LUT": 3992,
        "FF": 1726,
        "DSP": 13,
        "BRAM": 0,
        "URAM": 0,
        "SRL": 3,
        "CP": 5.171
    },
    "IMPL": {
        "LUT": 3879,
        "FF": 1722,
        "DSP": 13,
        "BRAM": 0,
        "URAM": 0,
        "SRL": 3,
        "CP": 7.688,
        "PWR": 0.364
    }
}