{
    "LATENCY": {
        "best_latency": 55823,
        "worst_latency": 55823,
        "average_latency": 55823,
        "best_time_latency": "0.558 ms",
        "worst_time_latency": "0.558 ms",
        "average_time_latency": "0.558 ms",
        "min_interval": 55824,
        "max_interval": 55824,
        "Latency": 55823
    },
    "HLS": {
        "LUT": 12519,
        "FF": 13907,
        "DSP": 29,
        "BRAM": 0,
        "URAM": 0,
        "CP": 6.709
    },
    "SYN": {
        "LUT": 4756,
        "FF": 4512,
        "DSP": 33,
        "BRAM": 0,
        "URAM": 0,
        "SRL": 434,
        "CP": 6.496
    },
    "IMPL": {
        "LUT": 4575,
        "FF": 4508,
        "DSP": 33,
        "BRAM": 0,
        "URAM": 0,
        "SRL": 282,
        "CP": 6.63,
        "PWR": 0.348
    }
}