{
    "LATENCY": {
        "best_latency": 10152,
        "worst_latency": 10152,
        "average_latency": 10152,
        "best_time_latency": "0.102 ms",
        "worst_time_latency": "0.102 ms",
        "average_time_latency": "0.102 ms",
        "min_interval": 10153,
        "max_interval": 10153,
        "Latency": 10152
    },
    "HLS": {
        "LUT": 36477,
        "FF": 14712,
        "DSP": 20,
        "BRAM": 0,
        "URAM": 0,
        "CP": 7.619
    },
    "SYN": {
        "LUT": 8323,
        "FF": 6165,
        "DSP": 20,
        "BRAM": 0,
        "URAM": 0,
        "SRL": 200,
        "CP": 5.864
    },
    "IMPL": {
        "LUT": 8102,
        "FF": 6161,
        "DSP": 20,
        "BRAM": 0,
        "URAM": 0,
        "SRL": 122,
        "CP": 8.366,
        "PWR": 0.295
    }
}