{
    "LATENCY": {
        "best_latency": 2540,
        "worst_latency": 2540,
        "average_latency": 2540,
        "best_time_latency": "25.400 us",
        "worst_time_latency": "25.400 us",
        "average_time_latency": "25.400 us",
        "min_interval": 2541,
        "max_interval": 2541,
        "Latency": 2540
    },
    "HLS": {
        "LUT": 56979,
        "FF": 27852,
        "DSP": 40,
        "BRAM": 0,
        "URAM": 0,
        "CP": 7.095
    },
    "SYN": {
        "LUT": 14538,
        "FF": 10801,
        "DSP": 40,
        "BRAM": 0,
        "URAM": 0,
        "SRL": 1745,
        "CP": 5.864
    },
    "IMPL": {
        "LUT": 13471,
        "FF": 10744,
        "DSP": 40,
        "BRAM": 0,
        "URAM": 0,
        "SRL": 928,
        "CP": 8.75,
        "PWR": 0.517
    }
}