{
    "LATENCY": {
        "best_latency": 2514,
        "worst_latency": 2514,
        "average_latency": 2514,
        "best_time_latency": "25.140 us",
        "worst_time_latency": "25.140 us",
        "average_time_latency": "25.140 us",
        "min_interval": 2515,
        "max_interval": 2515,
        "Latency": 2514
    },
    "HLS": {
        "LUT": 8195,
        "FF": 4281,
        "DSP": 0,
        "BRAM": 0,
        "URAM": 0,
        "CP": 7.121
    },
    "SYN": {
        "LUT": 7947,
        "FF": 3938,
        "DSP": 0,
        "BRAM": 0,
        "URAM": 0,
        "SRL": 330,
        "CP": 5.864
    },
    "IMPL": {
        "LUT": 7560,
        "FF": 3930,
        "DSP": 0,
        "BRAM": 0,
        "URAM": 0,
        "SRL": 166,
        "CP": 7.903,
        "PWR": 0.356
    }
}