{
    "LATENCY": {
        "best_latency": 57552,
        "worst_latency": 57552,
        "average_latency": 57552,
        "best_time_latency": "0.576 ms",
        "worst_time_latency": "0.576 ms",
        "average_time_latency": "0.576 ms",
        "min_interval": 57553,
        "max_interval": 57553,
        "Latency": 57552
    },
    "HLS": {
        "LUT": 22162,
        "FF": 18657,
        "DSP": 25,
        "BRAM": 0,
        "URAM": 0,
        "CP": 6.709
    },
    "SYN": {
        "LUT": 7933,
        "FF": 7087,
        "DSP": 33,
        "BRAM": 0,
        "URAM": 0,
        "SRL": 334,
        "CP": 5.171
    },
    "IMPL": {
        "LUT": 7721,
        "FF": 7083,
        "DSP": 33,
        "BRAM": 0,
        "URAM": 0,
        "SRL": 244,
        "CP": 7.608,
        "PWR": 0.373
    }
}