{
    "LATENCY": {
        "best_latency": 33593,
        "worst_latency": 33593,
        "average_latency": 33593,
        "best_time_latency": "0.336 ms",
        "worst_time_latency": "0.336 ms",
        "average_time_latency": "0.336 ms",
        "min_interval": 33594,
        "max_interval": 33594,
        "Latency": 33593
    },
    "HLS": {
        "LUT": 5455,
        "FF": 2496,
        "DSP": 2,
        "BRAM": 0,
        "URAM": 0,
        "CP": 7.135
    },
    "SYN": {
        "LUT": 3859,
        "FF": 1457,
        "DSP": 2,
        "BRAM": 0,
        "URAM": 0,
        "SRL": 24,
        "CP": 5.864
    },
    "IMPL": {
        "LUT": 3746,
        "FF": 1453,
        "DSP": 2,
        "BRAM": 0,
        "URAM": 0,
        "SRL": 16,
        "CP": 7.718,
        "PWR": 0.259
    }
}