{
    "LATENCY": {
        "best_latency": 35075,
        "worst_latency": 35075,
        "average_latency": 35075,
        "best_time_latency": "0.351 ms",
        "worst_time_latency": "0.351 ms",
        "average_time_latency": "0.351 ms",
        "min_interval": 35076,
        "max_interval": 35076,
        "Latency": 35075
    },
    "HLS": {
        "LUT": 4508,
        "FF": 2023,
        "DSP": 4,
        "BRAM": 0,
        "URAM": 0,
        "CP": 6.709
    },
    "SYN": {
        "LUT": 3652,
        "FF": 1303,
        "DSP": 4,
        "BRAM": 0,
        "URAM": 0,
        "SRL": 27,
        "CP": 5.171
    },
    "IMPL": {
        "LUT": 3530,
        "FF": 1299,
        "DSP": 4,
        "BRAM": 0,
        "URAM": 0,
        "SRL": 18,
        "CP": 7.625,
        "PWR": 0.319
    }
}