{
    "LATENCY": {
        "best_latency": 139803,
        "worst_latency": 139803,
        "average_latency": 139803,
        "best_time_latency": "1.398 ms",
        "worst_time_latency": "1.398 ms",
        "average_time_latency": "1.398 ms",
        "min_interval": 139804,
        "max_interval": 139804,
        "Latency": 139803
    },
    "HLS": {
        "LUT": 1577,
        "FF": 1129,
        "DSP": 11,
        "BRAM": 0,
        "URAM": 0,
        "CP": 6.886
    },
    "SYN": {
        "LUT": 871,
        "FF": 920,
        "DSP": 11,
        "BRAM": 0,
        "URAM": 0,
        "SRL": 0,
        "CP": 6.496
    },
    "IMPL": {
        "LUT": 858,
        "FF": 916,
        "DSP": 11,
        "BRAM": 0,
        "URAM": 0,
        "SRL": 0,
        "CP": 7.569,
        "PWR": 0.289
    }
}