{
    "LATENCY": {
        "best_latency": 2514,
        "worst_latency": 2514,
        "average_latency": 2514,
        "best_time_latency": "25.140 us",
        "worst_time_latency": "25.140 us",
        "average_time_latency": "25.140 us",
        "min_interval": 2515,
        "max_interval": 2515,
        "Latency": 2514
    },
    "HLS": {
        "LUT": 16891,
        "FF": 4850,
        "DSP": 0,
        "BRAM": 0,
        "URAM": 0,
        "CP": 7.121
    },
    "SYN": {
        "LUT": 8805,
        "FF": 4467,
        "DSP": 0,
        "BRAM": 0,
        "URAM": 0,
        "SRL": 330,
        "CP": 5.864
    },
    "IMPL": {
        "LUT": 8423,
        "FF": 4459,
        "DSP": 0,
        "BRAM": 0,
        "URAM": 0,
        "SRL": 166,
        "CP": 8.4,
        "PWR": 0.371
    }
}