{
    "LATENCY": {
        "best_latency": 386556,
        "worst_latency": 386556,
        "average_latency": 386556,
        "best_time_latency": "3.866 ms",
        "worst_time_latency": "3.866 ms",
        "average_time_latency": "3.866 ms",
        "min_interval": 386557,
        "max_interval": 386557,
        "Latency": 386556
    },
    "HLS": {
        "LUT": 9919,
        "FF": 3387,
        "DSP": 12,
        "BRAM": 0,
        "URAM": 0,
        "CP": 6.589
    },
    "SYN": {
        "LUT": 4348,
        "FF": 2179,
        "DSP": 14,
        "BRAM": 0,
        "URAM": 0,
        "SRL": 8,
        "CP": 5.864
    },
    "IMPL": {
        "LUT": 4241,
        "FF": 2175,
        "DSP": 14,
        "BRAM": 0,
        "URAM": 0,
        "SRL": 8,
        "CP": 7.608,
        "PWR": 0.375
    }
}