{
    "LATENCY": {
        "best_latency": 22231,
        "worst_latency": 22231,
        "average_latency": 22231,
        "best_time_latency": "0.222 ms",
        "worst_time_latency": "0.222 ms",
        "average_time_latency": "0.222 ms",
        "min_interval": 22232,
        "max_interval": 22232,
        "Latency": 22231
    },
    "HLS": {
        "LUT": 1454,
        "FF": 1330,
        "DSP": 10,
        "BRAM": 0,
        "URAM": 0,
        "CP": 7.135
    },
    "SYN": {
        "LUT": 1029,
        "FF": 1012,
        "DSP": 10,
        "BRAM": 0,
        "URAM": 0,
        "SRL": 10,
        "CP": 6.496
    },
    "IMPL": {
        "LUT": 1013,
        "FF": 1008,
        "DSP": 10,
        "BRAM": 0,
        "URAM": 0,
        "SRL": 6,
        "CP": 7.152,
        "PWR": 0.276
    }
}