{
    "LATENCY": {
        "best_latency": 28406,
        "worst_latency": 28406,
        "average_latency": 28406,
        "best_time_latency": "0.284 ms",
        "worst_time_latency": "0.284 ms",
        "average_time_latency": "0.284 ms",
        "min_interval": 28407,
        "max_interval": 28407,
        "Latency": 28406
    },
    "HLS": {
        "LUT": 5282,
        "FF": 2130,
        "DSP": 12,
        "BRAM": 0,
        "URAM": 0,
        "CP": 7.135
    },
    "SYN": {
        "LUT": 1603,
        "FF": 1942,
        "DSP": 12,
        "BRAM": 0,
        "URAM": 0,
        "SRL": 0,
        "CP": 6.496
    },
    "IMPL": {
        "LUT": 1584,
        "FF": 1938,
        "DSP": 12,
        "BRAM": 0,
        "URAM": 0,
        "SRL": 0,
        "CP": 6.914,
        "PWR": 0.267
    }
}