{
    "LATENCY": {
        "best_latency": 312456,
        "worst_latency": 312456,
        "average_latency": 312456,
        "best_time_latency": "3.125 ms",
        "worst_time_latency": "3.125 ms",
        "average_time_latency": "3.125 ms",
        "min_interval": 312457,
        "max_interval": 312457,
        "Latency": 312456
    },
    "HLS": {
        "LUT": 8481,
        "FF": 3012,
        "DSP": 11,
        "BRAM": 0,
        "URAM": 0,
        "CP": 6.589
    },
    "SYN": {
        "LUT": 4189,
        "FF": 2136,
        "DSP": 13,
        "BRAM": 0,
        "URAM": 0,
        "SRL": 4,
        "CP": 5.171
    },
    "IMPL": {
        "LUT": 4039,
        "FF": 2132,
        "DSP": 13,
        "BRAM": 0,
        "URAM": 0,
        "SRL": 4,
        "CP": 7.494,
        "PWR": 0.362
    }
}