{
    "LATENCY": {
        "best_latency": 65703,
        "worst_latency": 65703,
        "average_latency": 65703,
        "best_time_latency": "0.657 ms",
        "worst_time_latency": "0.657 ms",
        "average_time_latency": "0.657 ms",
        "min_interval": 65704,
        "max_interval": 65704,
        "Latency": 65703
    },
    "HLS": {
        "LUT": 1896,
        "FF": 1089,
        "DSP": 13,
        "BRAM": 0,
        "URAM": 0,
        "CP": 6.886
    },
    "SYN": {
        "LUT": 948,
        "FF": 979,
        "DSP": 13,
        "BRAM": 0,
        "URAM": 0,
        "SRL": 0,
        "CP": 6.496
    },
    "IMPL": {
        "LUT": 926,
        "FF": 975,
        "DSP": 13,
        "BRAM": 0,
        "URAM": 0,
        "SRL": 0,
        "CP": 6.729,
        "PWR": 0.29
    }
}