{
    "LATENCY": {
        "best_latency": 174877,
        "worst_latency": 174877,
        "average_latency": 174877,
        "best_time_latency": "1.749 ms",
        "worst_time_latency": "1.749 ms",
        "average_time_latency": "1.749 ms",
        "min_interval": 174878,
        "max_interval": 174878,
        "Latency": 174877
    },
    "HLS": {
        "LUT": 8519,
        "FF": 3016,
        "DSP": 11,
        "BRAM": 0,
        "URAM": 0,
        "CP": 6.974
    },
    "SYN": {
        "LUT": 4196,
        "FF": 2122,
        "DSP": 14,
        "BRAM": 0,
        "URAM": 0,
        "SRL": 5,
        "CP": 5.171
    },
    "IMPL": {
        "LUT": 4044,
        "FF": 2118,
        "DSP": 14,
        "BRAM": 0,
        "URAM": 0,
        "SRL": 5,
        "CP": 7.772,
        "PWR": 0.362
    }
}