{
    "LATENCY": {
        "best_latency": 39027,
        "worst_latency": 39027,
        "average_latency": 39027,
        "best_time_latency": "0.390 ms",
        "worst_time_latency": "0.390 ms",
        "average_time_latency": "0.390 ms",
        "min_interval": 39028,
        "max_interval": 39028,
        "Latency": 39027
    },
    "HLS": {
        "LUT": 6252,
        "FF": 3884,
        "DSP": 3,
        "BRAM": 0,
        "URAM": 0,
        "CP": 7.135
    },
    "SYN": {
        "LUT": 4283,
        "FF": 1674,
        "DSP": 4,
        "BRAM": 0,
        "URAM": 0,
        "SRL": 38,
        "CP": 5.864
    },
    "IMPL": {
        "LUT": 4175,
        "FF": 1670,
        "DSP": 4,
        "BRAM": 0,
        "URAM": 0,
        "SRL": 36,
        "CP": 7.709,
        "PWR": 0.324
    }
}