{
    "LATENCY": {
        "best_latency": 228476,
        "worst_latency": 228476,
        "average_latency": 228476,
        "best_time_latency": "2.285 ms",
        "worst_time_latency": "2.285 ms",
        "average_time_latency": "2.285 ms",
        "min_interval": 228477,
        "max_interval": 228477,
        "Latency": 228476
    },
    "HLS": {
        "LUT": 4839,
        "FF": 1987,
        "DSP": 18,
        "BRAM": 0,
        "URAM": 0,
        "CP": 6.504
    },
    "SYN": {
        "LUT": 1362,
        "FF": 1423,
        "DSP": 16,
        "BRAM": 0,
        "URAM": 0,
        "SRL": 3,
        "CP": 6.496
    },
    "IMPL": {
        "LUT": 1348,
        "FF": 1419,
        "DSP": 16,
        "BRAM": 0,
        "URAM": 0,
        "SRL": 3,
        "CP": 6.897,
        "PWR": 0.296
    }
}