{
    "LATENCY": {
        "best_latency": 39521,
        "worst_latency": 39521,
        "average_latency": 39521,
        "best_time_latency": "0.395 ms",
        "worst_time_latency": "0.395 ms",
        "average_time_latency": "0.395 ms",
        "min_interval": 39522,
        "max_interval": 39522,
        "Latency": 39521
    },
    "HLS": {
        "LUT": 9015,
        "FF": 7916,
        "DSP": 18,
        "BRAM": 0,
        "URAM": 0,
        "CP": 7.223
    },
    "SYN": {
        "LUT": 3001,
        "FF": 2857,
        "DSP": 20,
        "BRAM": 0,
        "URAM": 0,
        "SRL": 224,
        "CP": 6.496
    },
    "IMPL": {
        "LUT": 2875,
        "FF": 2853,
        "DSP": 20,
        "BRAM": 0,
        "URAM": 0,
        "SRL": 148,
        "CP": 7.146,
        "PWR": 0.329
    }
}