{
    "LATENCY": {
        "best_latency": 41473,
        "worst_latency": 41473,
        "average_latency": 41473,
        "best_time_latency": "0.415 ms",
        "worst_time_latency": "0.415 ms",
        "average_time_latency": "0.415 ms",
        "min_interval": 41474,
        "max_interval": 41474,
        "Latency": 41473
    },
    "HLS": {
        "LUT": 12945,
        "FF": 7039,
        "DSP": 20,
        "BRAM": 0,
        "URAM": 0,
        "CP": 7.148
    },
    "SYN": {
        "LUT": 16147,
        "FF": 8796,
        "DSP": 20,
        "BRAM": 0,
        "URAM": 0,
        "SRL": 451,
        "CP": 7.223
    },
    "IMPL": {
        "LUT": 15556,
        "FF": 8771,
        "DSP": 20,
        "BRAM": 0,
        "URAM": 0,
        "SRL": 257,
        "CP": 8.989,
        "PWR": 0.638
    }
}