{
    "LATENCY": {
        "best_latency": 2319,
        "worst_latency": 2319,
        "average_latency": 2319,
        "best_time_latency": "23.190 us",
        "worst_time_latency": "23.190 us",
        "average_time_latency": "23.190 us",
        "min_interval": 2320,
        "max_interval": 2320,
        "Latency": 2319
    },
    "HLS": {
        "LUT": 76993,
        "FF": 69878,
        "DSP": 130,
        "BRAM": 0,
        "URAM": 0,
        "CP": 7.654
    },
    "SYN": {
        "LUT": 98568,
        "FF": 71431,
        "DSP": 130,
        "BRAM": 0,
        "URAM": 0,
        "SRL": 7840,
        "CP": 7.223
    },
    "IMPL": {
        "LUT": 92704,
        "FF": 71398,
        "DSP": 130,
        "BRAM": 0,
        "URAM": 0,
        "SRL": 3987,
        "CP": 9.834,
        "PWR": 1.12
    }
}