{
    "LATENCY": {
        "best_latency": 38657,
        "worst_latency": 38657,
        "average_latency": 38657,
        "best_time_latency": "0.387 ms",
        "worst_time_latency": "0.387 ms",
        "average_time_latency": "0.387 ms",
        "min_interval": 38658,
        "max_interval": 38658,
        "Latency": 38657
    },
    "HLS": {
        "LUT": 12145,
        "FF": 5299,
        "DSP": 27,
        "BRAM": 0,
        "URAM": 0,
        "CP": 7.148
    },
    "SYN": {
        "LUT": 12373,
        "FF": 7028,
        "DSP": 27,
        "BRAM": 0,
        "URAM": 0,
        "SRL": 323,
        "CP": 7.21
    },
    "IMPL": {
        "LUT": 11950,
        "FF": 7003,
        "DSP": 27,
        "BRAM": 0,
        "URAM": 0,
        "SRL": 194,
        "CP": 8.83,
        "PWR": 0.392
    }
}