{
    "LATENCY": {
        "best_latency": 2316,
        "worst_latency": 2316,
        "average_latency": 2316,
        "best_time_latency": "23.160 us",
        "worst_time_latency": "23.160 us",
        "average_time_latency": "23.160 us",
        "min_interval": 2317,
        "max_interval": 2317,
        "Latency": 2316
    },
    "HLS": {
        "LUT": 116368,
        "FF": 65570,
        "DSP": 158,
        "BRAM": 0,
        "URAM": 0,
        "CP": 7.654
    },
    "SYN": {
        "LUT": 87832,
        "FF": 67750,
        "DSP": 158,
        "BRAM": 0,
        "URAM": 0,
        "SRL": 7438,
        "CP": 7.223
    },
    "IMPL": {
        "LUT": 82650,
        "FF": 67674,
        "DSP": 158,
        "BRAM": 0,
        "URAM": 0,
        "SRL": 3783,
        "CP": 9.615,
        "PWR": 1.015
    }
}