{
    "LATENCY": {
        "best_latency": 2457,
        "worst_latency": 2457,
        "average_latency": 2457,
        "best_time_latency": "24.570 us",
        "worst_time_latency": "24.570 us",
        "average_time_latency": "24.570 us",
        "min_interval": 2458,
        "max_interval": 2458,
        "Latency": 2457
    },
    "HLS": {
        "LUT": 70390,
        "FF": 48465,
        "DSP": 171,
        "BRAM": 0,
        "URAM": 0,
        "CP": 7.697
    },
    "SYN": {
        "LUT": 63722,
        "FF": 51106,
        "DSP": 171,
        "BRAM": 0,
        "URAM": 0,
        "SRL": 5143,
        "CP": 7.223
    },
    "IMPL": {
        "LUT": 59988,
        "FF": 51040,
        "DSP": 171,
        "BRAM": 0,
        "URAM": 0,
        "SRL": 2642,
        "CP": 9.337,
        "PWR": 1.58
    }
}