{
    "LATENCY": {
        "best_latency": 2320,
        "worst_latency": 2320,
        "average_latency": 2320,
        "best_time_latency": "23.200 us",
        "worst_time_latency": "23.200 us",
        "average_time_latency": "23.200 us",
        "min_interval": 2321,
        "max_interval": 2321,
        "Latency": 2320
    },
    "HLS": {
        "LUT": 93852,
        "FF": 66692,
        "DSP": 130,
        "BRAM": 0,
        "URAM": 0,
        "CP": 7.654
    },
    "SYN": {
        "LUT": 97278,
        "FF": 68092,
        "DSP": 130,
        "BRAM": 0,
        "URAM": 0,
        "SRL": 7577,
        "CP": 7.223
    },
    "IMPL": {
        "LUT": 91590,
        "FF": 68011,
        "DSP": 130,
        "BRAM": 0,
        "URAM": 0,
        "SRL": 3856,
        "CP": 9.882,
        "PWR": 1.001
    }
}