{
    "LATENCY": {
        "best_latency": 183553,
        "worst_latency": 183553,
        "average_latency": 183553,
        "best_time_latency": "1.836 ms",
        "worst_time_latency": "1.836 ms",
        "average_time_latency": "1.836 ms",
        "min_interval": 183554,
        "max_interval": 183554,
        "Latency": 183553
    },
    "HLS": {
        "LUT": 18058,
        "FF": 7617,
        "DSP": 80,
        "BRAM": 0,
        "URAM": 0,
        "CP": 7.148
    },
    "SYN": {
        "LUT": 18395,
        "FF": 11012,
        "DSP": 80,
        "BRAM": 0,
        "URAM": 0,
        "SRL": 132,
        "CP": 7.223
    },
    "IMPL": {
        "LUT": 18002,
        "FF": 10964,
        "DSP": 80,
        "BRAM": 0,
        "URAM": 0,
        "SRL": 130,
        "CP": 8.634,
        "PWR": 0.791
    }
}