{
    "LATENCY": {
        "best_latency": 2457,
        "worst_latency": 2457,
        "average_latency": 2457,
        "best_time_latency": "24.570 us",
        "worst_time_latency": "24.570 us",
        "average_time_latency": "24.570 us",
        "min_interval": 2458,
        "max_interval": 2458,
        "Latency": 2457
    },
    "HLS": {
        "LUT": 70335,
        "FF": 48027,
        "DSP": 141,
        "BRAM": 0,
        "URAM": 0,
        "CP": 7.697
    },
    "SYN": {
        "LUT": 70773,
        "FF": 50760,
        "DSP": 141,
        "BRAM": 0,
        "URAM": 0,
        "SRL": 5078,
        "CP": 7.223
    },
    "IMPL": {
        "LUT": 66769,
        "FF": 50735,
        "DSP": 141,
        "BRAM": 0,
        "URAM": 0,
        "SRL": 2603,
        "CP": 9.704,
        "PWR": 1.264
    }
}