{
    "LATENCY": {
        "best_latency": 41857,
        "worst_latency": 41857,
        "average_latency": 41857,
        "best_time_latency": "0.419 ms",
        "worst_time_latency": "0.419 ms",
        "average_time_latency": "0.419 ms",
        "min_interval": 41858,
        "max_interval": 41858,
        "Latency": 41857
    },
    "HLS": {
        "LUT": 15498,
        "FF": 11030,
        "DSP": 30,
        "BRAM": 0,
        "URAM": 0,
        "CP": 7.148
    },
    "SYN": {
        "LUT": 17189,
        "FF": 12842,
        "DSP": 30,
        "BRAM": 0,
        "URAM": 0,
        "SRL": 836,
        "CP": 7.223
    },
    "IMPL": {
        "LUT": 16461,
        "FF": 12817,
        "DSP": 30,
        "BRAM": 0,
        "URAM": 0,
        "SRL": 450,
        "CP": 8.972,
        "PWR": 0.515
    }
}