{
    "LATENCY": {
        "best_latency": 2315,
        "worst_latency": 2315,
        "average_latency": 2315,
        "best_time_latency": "23.150 us",
        "worst_time_latency": "23.150 us",
        "average_time_latency": "23.150 us",
        "min_interval": 2316,
        "max_interval": 2316,
        "Latency": 2315
    },
    "HLS": {
        "LUT": 69468,
        "FF": 63223,
        "DSP": 104,
        "BRAM": 0,
        "URAM": 0,
        "CP": 7.654
    },
    "SYN": {
        "LUT": 99847,
        "FF": 66263,
        "DSP": 104,
        "BRAM": 0,
        "URAM": 0,
        "SRL": 7438,
        "CP": 7.223
    },
    "IMPL": {
        "LUT": 94090,
        "FF": 66271,
        "DSP": 104,
        "BRAM": 0,
        "URAM": 0,
        "SRL": 3784,
        "CP": 9.23,
        "PWR": 0.777
    }
}