{
    "LATENCY": {
        "best_latency": 44033,
        "worst_latency": 44033,
        "average_latency": 44033,
        "best_time_latency": "0.440 ms",
        "worst_time_latency": "0.440 ms",
        "average_time_latency": "0.440 ms",
        "min_interval": 44034,
        "max_interval": 44034,
        "Latency": 44033
    },
    "HLS": {
        "LUT": 22343,
        "FF": 11416,
        "DSP": 27,
        "BRAM": 0,
        "URAM": 0,
        "CP": 7.148
    },
    "SYN": {
        "LUT": 14317,
        "FF": 12993,
        "DSP": 27,
        "BRAM": 0,
        "URAM": 0,
        "SRL": 836,
        "CP": 7.223
    },
    "IMPL": {
        "LUT": 13692,
        "FF": 12972,
        "DSP": 27,
        "BRAM": 0,
        "URAM": 0,
        "SRL": 450,
        "CP": 9.854,
        "PWR": 0.457
    }
}