{
    "LATENCY": {
        "best_latency": 2457,
        "worst_latency": 2457,
        "average_latency": 2457,
        "best_time_latency": "24.570 us",
        "worst_time_latency": "24.570 us",
        "average_time_latency": "24.570 us",
        "min_interval": 2458,
        "max_interval": 2458,
        "Latency": 2457
    },
    "HLS": {
        "LUT": 61123,
        "FF": 45980,
        "DSP": 177,
        "BRAM": 0,
        "URAM": 0,
        "CP": 7.697
    },
    "SYN": {
        "LUT": 61502,
        "FF": 48767,
        "DSP": 177,
        "BRAM": 0,
        "URAM": 0,
        "SRL": 5205,
        "CP": 7.223
    },
    "IMPL": {
        "LUT": 55364,
        "FF": 48587,
        "DSP": 177,
        "BRAM": 0,
        "URAM": 0,
        "SRL": 2669,
        "CP": 9.669,
        "PWR": 1.142
    }
}