{
    "LATENCY": {
        "best_latency": 2455,
        "worst_latency": 2455,
        "average_latency": 2455,
        "best_time_latency": "24.550 us",
        "worst_time_latency": "24.550 us",
        "average_time_latency": "24.550 us",
        "min_interval": 2456,
        "max_interval": 2456,
        "Latency": 2455
    },
    "HLS": {
        "LUT": 88776,
        "FF": 48831,
        "DSP": 135,
        "BRAM": 0,
        "URAM": 0,
        "CP": 7.697
    },
    "SYN": {
        "LUT": 71093,
        "FF": 51294,
        "DSP": 135,
        "BRAM": 0,
        "URAM": 0,
        "SRL": 5082,
        "CP": 7.223
    },
    "IMPL": {
        "LUT": 67173,
        "FF": 51276,
        "DSP": 135,
        "BRAM": 0,
        "URAM": 0,
        "SRL": 2607,
        "CP": 9.463,
        "PWR": 1.264
    }
}