{
    "LATENCY": {
        "best_latency": 2466,
        "worst_latency": 2466,
        "average_latency": 2466,
        "best_time_latency": "24.660 us",
        "worst_time_latency": "24.660 us",
        "average_time_latency": "24.660 us",
        "min_interval": 2467,
        "max_interval": 2467,
        "Latency": 2466
    },
    "HLS": {
        "LUT": 65631,
        "FF": 46842,
        "DSP": 160,
        "BRAM": 0,
        "URAM": 0,
        "CP": 7.697
    },
    "SYN": {
        "LUT": 63679,
        "FF": 49338,
        "DSP": 160,
        "BRAM": 0,
        "URAM": 0,
        "SRL": 4950,
        "CP": 7.223
    },
    "IMPL": {
        "LUT": 59968,
        "FF": 49287,
        "DSP": 160,
        "BRAM": 0,
        "URAM": 0,
        "SRL": 2541,
        "CP": 9.547,
        "PWR": 2.046
    }
}