{
    "LATENCY": {
        "best_latency": 185089,
        "worst_latency": 185089,
        "average_latency": 185089,
        "best_time_latency": "1.851 ms",
        "worst_time_latency": "1.851 ms",
        "average_time_latency": "1.851 ms",
        "min_interval": 185090,
        "max_interval": 185090,
        "Latency": 185089
    },
    "HLS": {
        "LUT": 11659,
        "FF": 5896,
        "DSP": 37,
        "BRAM": 0,
        "URAM": 0,
        "CP": 7.148
    },
    "SYN": {
        "LUT": 11926,
        "FF": 7255,
        "DSP": 37,
        "BRAM": 0,
        "URAM": 0,
        "SRL": 66,
        "CP": 7.223
    },
    "IMPL": {
        "LUT": 11701,
        "FF": 7224,
        "DSP": 37,
        "BRAM": 0,
        "URAM": 0,
        "SRL": 65,
        "CP": 9.621,
        "PWR": 0.572
    }
}