{
    "LATENCY": {
        "best_latency": 179457,
        "worst_latency": 179457,
        "average_latency": 179457,
        "best_time_latency": "1.795 ms",
        "worst_time_latency": "1.795 ms",
        "average_time_latency": "1.795 ms",
        "min_interval": 179458,
        "max_interval": 179458,
        "Latency": 179457
    },
    "HLS": {
        "LUT": 20861,
        "FF": 6692,
        "DSP": 53,
        "BRAM": 0,
        "URAM": 0,
        "CP": 7.148
    },
    "SYN": {
        "LUT": 16335,
        "FF": 8081,
        "DSP": 53,
        "BRAM": 0,
        "URAM": 0,
        "SRL": 66,
        "CP": 7.223
    },
    "IMPL": {
        "LUT": 15910,
        "FF": 8038,
        "DSP": 53,
        "BRAM": 0,
        "URAM": 0,
        "SRL": 64,
        "CP": 8.756,
        "PWR": 0.77
    }
}