{
    "LATENCY": {
        "best_latency": 183041,
        "worst_latency": 183041,
        "average_latency": 183041,
        "best_time_latency": "1.830 ms",
        "worst_time_latency": "1.830 ms",
        "average_time_latency": "1.830 ms",
        "min_interval": 183042,
        "max_interval": 183042,
        "Latency": 183041
    },
    "HLS": {
        "LUT": 12790,
        "FF": 6124,
        "DSP": 40,
        "BRAM": 0,
        "URAM": 0,
        "CP": 7.148
    },
    "SYN": {
        "LUT": 15752,
        "FF": 7569,
        "DSP": 40,
        "BRAM": 0,
        "URAM": 0,
        "SRL": 66,
        "CP": 7.223
    },
    "IMPL": {
        "LUT": 15351,
        "FF": 7534,
        "DSP": 40,
        "BRAM": 0,
        "URAM": 0,
        "SRL": 64,
        "CP": 8.641,
        "PWR": 0.776
    }
}