{
    "LATENCY": {
        "best_latency": 39041,
        "worst_latency": 39041,
        "average_latency": 39041,
        "best_time_latency": "0.390 ms",
        "worst_time_latency": "0.390 ms",
        "average_time_latency": "0.390 ms",
        "min_interval": 39042,
        "max_interval": 39042,
        "Latency": 39041
    },
    "HLS": {
        "LUT": 14659,
        "FF": 7856,
        "DSP": 40,
        "BRAM": 0,
        "URAM": 0,
        "CP": 7.148
    },
    "SYN": {
        "LUT": 12074,
        "FF": 9566,
        "DSP": 40,
        "BRAM": 0,
        "URAM": 0,
        "SRL": 580,
        "CP": 7.223
    },
    "IMPL": {
        "LUT": 11601,
        "FF": 9542,
        "DSP": 40,
        "BRAM": 0,
        "URAM": 0,
        "SRL": 322,
        "CP": 8.654,
        "PWR": 0.434
    }
}