{
    "LATENCY": {
        "best_latency": 348801,
        "worst_latency": 348801,
        "average_latency": 348801,
        "best_time_latency": "3.488 ms",
        "worst_time_latency": "3.488 ms",
        "average_time_latency": "3.488 ms",
        "min_interval": 348802,
        "max_interval": 348802,
        "Latency": 348801
    },
    "HLS": {
        "LUT": 12642,
        "FF": 4685,
        "DSP": 37,
        "BRAM": 0,
        "URAM": 0,
        "CP": 7.148
    },
    "SYN": {
        "LUT": 9692,
        "FF": 6423,
        "DSP": 37,
        "BRAM": 0,
        "URAM": 0,
        "SRL": 66,
        "CP": 7.223
    },
    "IMPL": {
        "LUT": 9504,
        "FF": 6398,
        "DSP": 37,
        "BRAM": 0,
        "URAM": 0,
        "SRL": 65,
        "CP": 8.788,
        "PWR": 0.565
    }
}