{
    "LATENCY": {
        "best_latency": 39809,
        "worst_latency": 39809,
        "average_latency": 39809,
        "best_time_latency": "0.398 ms",
        "worst_time_latency": "0.398 ms",
        "average_time_latency": "0.398 ms",
        "min_interval": 39810,
        "max_interval": 39810,
        "Latency": 39809
    },
    "HLS": {
        "LUT": 10879,
        "FF": 7911,
        "DSP": 37,
        "BRAM": 0,
        "URAM": 0,
        "CP": 7.148
    },
    "SYN": {
        "LUT": 11865,
        "FF": 9747,
        "DSP": 37,
        "BRAM": 0,
        "URAM": 0,
        "SRL": 580,
        "CP": 7.223
    },
    "IMPL": {
        "LUT": 11399,
        "FF": 9723,
        "DSP": 37,
        "BRAM": 0,
        "URAM": 0,
        "SRL": 323,
        "CP": 8.652,
        "PWR": 0.531
    }
}