{
    "LATENCY": {
        "best_latency": 340737,
        "worst_latency": 340737,
        "average_latency": 340737,
        "best_time_latency": "3.407 ms",
        "worst_time_latency": "3.407 ms",
        "average_time_latency": "3.407 ms",
        "min_interval": 340738,
        "max_interval": 340738,
        "Latency": 340737
    },
    "HLS": {
        "LUT": 15574,
        "FF": 5256,
        "DSP": 37,
        "BRAM": 0,
        "URAM": 0,
        "CP": 7.148
    },
    "SYN": {
        "LUT": 12478,
        "FF": 6736,
        "DSP": 37,
        "BRAM": 0,
        "URAM": 0,
        "SRL": 66,
        "CP": 7.223
    },
    "IMPL": {
        "LUT": 12185,
        "FF": 6704,
        "DSP": 37,
        "BRAM": 0,
        "URAM": 0,
        "SRL": 64,
        "CP": 8.824,
        "PWR": 0.659
    }
}