{
    "LATENCY": {
        "best_latency": 2454,
        "worst_latency": 2454,
        "average_latency": 2454,
        "best_time_latency": "24.540 us",
        "worst_time_latency": "24.540 us",
        "average_time_latency": "24.540 us",
        "min_interval": 2455,
        "max_interval": 2455,
        "Latency": 2454
    },
    "HLS": {
        "LUT": 61475,
        "FF": 47044,
        "DSP": 141,
        "BRAM": 0,
        "URAM": 0,
        "CP": 7.697
    },
    "SYN": {
        "LUT": 69554,
        "FF": 49898,
        "DSP": 141,
        "BRAM": 0,
        "URAM": 0,
        "SRL": 5269,
        "CP": 7.223
    },
    "IMPL": {
        "LUT": 65384,
        "FF": 49877,
        "DSP": 141,
        "BRAM": 0,
        "URAM": 0,
        "SRL": 2700,
        "CP": 9.337,
        "PWR": 1.045
    }
}