{
    "LATENCY": {
        "best_latency": 178945,
        "worst_latency": 178945,
        "average_latency": 178945,
        "best_time_latency": "1.789 ms",
        "worst_time_latency": "1.789 ms",
        "average_time_latency": "1.789 ms",
        "min_interval": 178946,
        "max_interval": 178946,
        "Latency": 178945
    },
    "HLS": {
        "LUT": 25680,
        "FF": 8454,
        "DSP": 48,
        "BRAM": 0,
        "URAM": 0,
        "CP": 7.148
    },
    "SYN": {
        "LUT": 24022,
        "FF": 11712,
        "DSP": 48,
        "BRAM": 0,
        "URAM": 0,
        "SRL": 132,
        "CP": 7.223
    },
    "IMPL": {
        "LUT": 23501,
        "FF": 11668,
        "DSP": 48,
        "BRAM": 0,
        "URAM": 0,
        "SRL": 129,
        "CP": 9.476,
        "PWR": 0.941
    }
}