{
    "LATENCY": {
        "best_latency": 336897,
        "worst_latency": 336897,
        "average_latency": 336897,
        "best_time_latency": "3.369 ms",
        "worst_time_latency": "3.369 ms",
        "average_time_latency": "3.369 ms",
        "min_interval": 336898,
        "max_interval": 336898,
        "Latency": 336897
    },
    "HLS": {
        "LUT": 15792,
        "FF": 4079,
        "DSP": 27,
        "BRAM": 0,
        "URAM": 0,
        "CP": 7.148
    },
    "SYN": {
        "LUT": 12019,
        "FF": 5801,
        "DSP": 27,
        "BRAM": 0,
        "URAM": 0,
        "SRL": 66,
        "CP": 7.223
    },
    "IMPL": {
        "LUT": 11742,
        "FF": 5777,
        "DSP": 27,
        "BRAM": 0,
        "URAM": 0,
        "SRL": 65,
        "CP": 9.01,
        "PWR": 0.707
    }
}