{
    "LATENCY": {
        "best_latency": 2465,
        "worst_latency": 2465,
        "average_latency": 2465,
        "best_time_latency": "24.650 us",
        "worst_time_latency": "24.650 us",
        "average_time_latency": "24.650 us",
        "min_interval": 2466,
        "max_interval": 2466,
        "Latency": 2465
    },
    "HLS": {
        "LUT": 82159,
        "FF": 48585,
        "DSP": 141,
        "BRAM": 0,
        "URAM": 0,
        "CP": 7.697
    },
    "SYN": {
        "LUT": 72228,
        "FF": 51417,
        "DSP": 141,
        "BRAM": 0,
        "URAM": 0,
        "SRL": 5134,
        "CP": 7.223
    },
    "IMPL": {
        "LUT": 68203,
        "FF": 51308,
        "DSP": 141,
        "BRAM": 0,
        "URAM": 0,
        "SRL": 2633,
        "CP": 9.906,
        "PWR": 0.825
    }
}