{
    "LATENCY": {
        "best_latency": 2319,
        "worst_latency": 2319,
        "average_latency": 2319,
        "best_time_latency": "23.190 us",
        "worst_time_latency": "23.190 us",
        "average_time_latency": "23.190 us",
        "min_interval": 2320,
        "max_interval": 2320,
        "Latency": 2319
    },
    "HLS": {
        "LUT": 110571,
        "FF": 66415,
        "DSP": 184,
        "BRAM": 0,
        "URAM": 0,
        "CP": 7.654
    },
    "SYN": {
        "LUT": 82540,
        "FF": 67863,
        "DSP": 184,
        "BRAM": 0,
        "URAM": 0,
        "SRL": 7969,
        "CP": 7.223
    },
    "IMPL": {
        "LUT": 77220,
        "FF": 67827,
        "DSP": 184,
        "BRAM": 0,
        "URAM": 0,
        "SRL": 4053,
        "CP": 9.732,
        "PWR": 0.985
    }
}