{
    "LATENCY": {
        "best_latency": 176897,
        "worst_latency": 176897,
        "average_latency": 176897,
        "best_time_latency": "1.769 ms",
        "worst_time_latency": "1.769 ms",
        "average_time_latency": "1.769 ms",
        "min_interval": 176898,
        "max_interval": 176898,
        "Latency": 176897
    },
    "HLS": {
        "LUT": 21302,
        "FF": 8067,
        "DSP": 48,
        "BRAM": 0,
        "URAM": 0,
        "CP": 7.148
    },
    "SYN": {
        "LUT": 24130,
        "FF": 11207,
        "DSP": 48,
        "BRAM": 0,
        "URAM": 0,
        "SRL": 132,
        "CP": 7.223
    },
    "IMPL": {
        "LUT": 23583,
        "FF": 11155,
        "DSP": 48,
        "BRAM": 0,
        "URAM": 0,
        "SRL": 130,
        "CP": 8.889,
        "PWR": 0.955
    }
}