{
    "LATENCY": {
        "best_latency": 2332,
        "worst_latency": 2332,
        "average_latency": 2332,
        "best_time_latency": "23.320 us",
        "worst_time_latency": "23.320 us",
        "average_time_latency": "23.320 us",
        "min_interval": 2333,
        "max_interval": 2333,
        "Latency": 2332
    },
    "HLS": {
        "LUT": 71713,
        "FF": 61102,
        "DSP": 240,
        "BRAM": 0,
        "URAM": 0,
        "CP": 7.697
    },
    "SYN": {
        "LUT": 65064,
        "FF": 65037,
        "DSP": 240,
        "BRAM": 0,
        "URAM": 0,
        "SRL": 7181,
        "CP": 7.223
    },
    "IMPL": {
        "LUT": 60723,
        "FF": 65005,
        "DSP": 240,
        "BRAM": 0,
        "URAM": 0,
        "SRL": 3656,
        "CP": 9.922,
        "PWR": 1.002
    }
}