{
    "LATENCY": {
        "best_latency": 2319,
        "worst_latency": 2319,
        "average_latency": 2319,
        "best_time_latency": "23.190 us",
        "worst_time_latency": "23.190 us",
        "average_time_latency": "23.190 us",
        "min_interval": 2320,
        "max_interval": 2320,
        "Latency": 2319
    },
    "HLS": {
        "LUT": 115411,
        "FF": 67403,
        "DSP": 150,
        "BRAM": 0,
        "URAM": 0,
        "CP": 7.654
    },
    "SYN": {
        "LUT": 94761,
        "FF": 69812,
        "DSP": 150,
        "BRAM": 0,
        "URAM": 0,
        "SRL": 7508,
        "CP": 7.223
    },
    "IMPL": {
        "LUT": 89278,
        "FF": 69729,
        "DSP": 150,
        "BRAM": 0,
        "URAM": 0,
        "SRL": 3817,
        "CP": 9.997,
        "PWR": 0.99
    }
}