{
    "LATENCY": {
        "best_latency": 2321,
        "worst_latency": 2321,
        "average_latency": 2321,
        "best_time_latency": "23.210 us",
        "worst_time_latency": "23.210 us",
        "average_time_latency": "23.210 us",
        "min_interval": 2322,
        "max_interval": 2322,
        "Latency": 2321
    },
    "HLS": {
        "LUT": 106062,
        "FF": 65102,
        "DSP": 178,
        "BRAM": 0,
        "URAM": 0,
        "CP": 7.654
    },
    "SYN": {
        "LUT": 84493,
        "FF": 67911,
        "DSP": 178,
        "BRAM": 0,
        "URAM": 0,
        "SRL": 7510,
        "CP": 7.223
    },
    "IMPL": {
        "LUT": 79403,
        "FF": 67830,
        "DSP": 178,
        "BRAM": 0,
        "URAM": 0,
        "SRL": 3820,
        "CP": 9.91,
        "PWR": 1.025
    }
}