{
    "LATENCY": {
        "best_latency": 2456,
        "worst_latency": 2456,
        "average_latency": 2456,
        "best_time_latency": "24.560 us",
        "worst_time_latency": "24.560 us",
        "average_time_latency": "24.560 us",
        "min_interval": 2457,
        "max_interval": 2457,
        "Latency": 2456
    },
    "HLS": {
        "LUT": 72390,
        "FF": 48800,
        "DSP": 157,
        "BRAM": 0,
        "URAM": 0,
        "CP": 7.697
    },
    "SYN": {
        "LUT": 65532,
        "FF": 51291,
        "DSP": 157,
        "BRAM": 0,
        "URAM": 0,
        "SRL": 4954,
        "CP": 7.223
    },
    "IMPL": {
        "LUT": 61805,
        "FF": 51258,
        "DSP": 157,
        "BRAM": 0,
        "URAM": 0,
        "SRL": 2543,
        "CP": 9.775,
        "PWR": 0.886
    }
}