{
    "LATENCY": {
        "best_latency": 2465,
        "worst_latency": 2465,
        "average_latency": 2465,
        "best_time_latency": "24.650 us",
        "worst_time_latency": "24.650 us",
        "average_time_latency": "24.650 us",
        "min_interval": 2466,
        "max_interval": 2466,
        "Latency": 2465
    },
    "HLS": {
        "LUT": 81210,
        "FF": 48492,
        "DSP": 147,
        "BRAM": 0,
        "URAM": 0,
        "CP": 7.697
    },
    "SYN": {
        "LUT": 70515,
        "FF": 51171,
        "DSP": 147,
        "BRAM": 0,
        "URAM": 0,
        "SRL": 5147,
        "CP": 7.223
    },
    "IMPL": {
        "LUT": 66479,
        "FF": 51098,
        "DSP": 147,
        "BRAM": 0,
        "URAM": 0,
        "SRL": 2641,
        "CP": 9.491,
        "PWR": 0.85
    }
}