{
    "LATENCY": {
        "best_latency": 2332,
        "worst_latency": 2332,
        "average_latency": 2332,
        "best_time_latency": "23.320 us",
        "worst_time_latency": "23.320 us",
        "average_time_latency": "23.320 us",
        "min_interval": 2333,
        "max_interval": 2333,
        "Latency": 2332
    },
    "HLS": {
        "LUT": 72170,
        "FF": 63277,
        "DSP": 240,
        "BRAM": 0,
        "URAM": 0,
        "CP": 7.697
    },
    "SYN": {
        "LUT": 67122,
        "FF": 67211,
        "DSP": 240,
        "BRAM": 0,
        "URAM": 0,
        "SRL": 7182,
        "CP": 7.223
    },
    "IMPL": {
        "LUT": 62723,
        "FF": 67155,
        "DSP": 240,
        "BRAM": 0,
        "URAM": 0,
        "SRL": 3657,
        "CP": 9.676,
        "PWR": 0.982
    }
}