{
    "LATENCY": {
        "best_latency": 2318,
        "worst_latency": 2318,
        "average_latency": 2318,
        "best_time_latency": "23.180 us",
        "worst_time_latency": "23.180 us",
        "average_time_latency": "23.180 us",
        "min_interval": 2319,
        "max_interval": 2319,
        "Latency": 2318
    },
    "HLS": {
        "LUT": 106396,
        "FF": 67069,
        "DSP": 130,
        "BRAM": 0,
        "URAM": 0,
        "CP": 7.654
    },
    "SYN": {
        "LUT": 98805,
        "FF": 70222,
        "DSP": 130,
        "BRAM": 0,
        "URAM": 0,
        "SRL": 7444,
        "CP": 7.223
    },
    "IMPL": {
        "LUT": 93259,
        "FF": 70217,
        "DSP": 130,
        "BRAM": 0,
        "URAM": 0,
        "SRL": 3787,
        "CP": 9.959,
        "PWR": 0.942
    }
}