{
    "LATENCY": {
        "Latency": 1000
    },
    "HLS": {
        "LUT": 30659,
        "FF": 5893,
        "DSP": 34,
        "BRAM": 0,
        "URAM": 0,
        "CP": 7.148
    },
    "SYN": {
        "LUT": 11109,
        "FF": 4979,
        "DSP": 34,
        "BRAM": 0,
        "URAM": 0,
        "SRL": 0,
        "CP": 7.223
    },
    "IMPL": {
        "LUT": 10831,
        "FF": 4963,
        "DSP": 34,
        "BRAM": 0,
        "URAM": 0,
        "SRL": 0,
        "CP": 9.859,
        "PWR": 0.388
    }
}