{
    "LATENCY": {
        "Latency": 1000
    },
    "HLS": {
        "LUT": 14145,
        "FF": 4605,
        "DSP": 48,
        "BRAM": 0,
        "URAM": 0,
        "CP": 7.148
    },
    "SYN": {
        "LUT": 4125,
        "FF": 3829,
        "DSP": 48,
        "BRAM": 0,
        "URAM": 0,
        "SRL": 0,
        "CP": 7.223
    },
    "IMPL": {
        "LUT": 4059,
        "FF": 3815,
        "DSP": 48,
        "BRAM": 0,
        "URAM": 0,
        "SRL": 0,
        "CP": 8.921,
        "PWR": 0.37
    }
}