{
    "LATENCY": {
        "Latency": 1000
    },
    "HLS": {
        "LUT": 12832,
        "FF": 4143,
        "DSP": 28,
        "BRAM": 0,
        "URAM": 0,
        "CP": 7.148
    },
    "SYN": {
        "LUT": 7893,
        "FF": 3449,
        "DSP": 28,
        "BRAM": 0,
        "URAM": 0,
        "SRL": 0,
        "CP": 7.223
    },
    "IMPL": {
        "LUT": 7664,
        "FF": 3437,
        "DSP": 28,
        "BRAM": 0,
        "URAM": 0,
        "SRL": 0,
        "CP": 8.832,
        "PWR": 0.387
    }
}