{
    "LATENCY": {
        "Latency": 1000
    },
    "HLS": {
        "LUT": 25855,
        "FF": 5683,
        "DSP": 48,
        "BRAM": 0,
        "URAM": 0,
        "CP": 7.148
    },
    "SYN": {
        "LUT": 5370,
        "FF": 4784,
        "DSP": 48,
        "BRAM": 0,
        "URAM": 0,
        "SRL": 0,
        "CP": 7.223
    },
    "IMPL": {
        "LUT": 5297,
        "FF": 4768,
        "DSP": 48,
        "BRAM": 0,
        "URAM": 0,
        "SRL": 0,
        "CP": 9.944,
        "PWR": 0.406
    }
}