{
    "LATENCY": {
        "Latency": 1000
    },
    "HLS": {
        "LUT": 25898,
        "FF": 4796,
        "DSP": 17,
        "BRAM": 0,
        "URAM": 0,
        "CP": 7.148
    },
    "SYN": {
        "LUT": 7435,
        "FF": 3902,
        "DSP": 17,
        "BRAM": 0,
        "URAM": 0,
        "SRL": 0,
        "CP": 7.223
    },
    "IMPL": {
        "LUT": 7279,
        "FF": 3894,
        "DSP": 17,
        "BRAM": 0,
        "URAM": 0,
        "SRL": 0,
        "CP": 8.086,
        "PWR": 0.279
    }
}