{
    "LATENCY": {
        "Latency": 1000
    },
    "HLS": {
        "LUT": 33008,
        "FF": 5941,
        "DSP": 48,
        "BRAM": 0,
        "URAM": 0,
        "CP": 7.148
    },
    "SYN": {
        "LUT": 5811,
        "FF": 5048,
        "DSP": 48,
        "BRAM": 0,
        "URAM": 0,
        "SRL": 0,
        "CP": 7.223
    },
    "IMPL": {
        "LUT": 5743,
        "FF": 5034,
        "DSP": 48,
        "BRAM": 0,
        "URAM": 0,
        "SRL": 0,
        "CP": 9.729,
        "PWR": 0.397
    }
}