{
    "LATENCY": {
        "Latency": 1000
    },
    "HLS": {
        "LUT": 17255,
        "FF": 4554,
        "DSP": 28,
        "BRAM": 0,
        "URAM": 0,
        "CP": 7.148
    },
    "SYN": {
        "LUT": 8298,
        "FF": 3810,
        "DSP": 28,
        "BRAM": 0,
        "URAM": 0,
        "SRL": 0,
        "CP": 7.223
    },
    "IMPL": {
        "LUT": 8062,
        "FF": 3798,
        "DSP": 28,
        "BRAM": 0,
        "URAM": 0,
        "SRL": 0,
        "CP": 8.715,
        "PWR": 0.409
    }
}