{
    "LATENCY": {
        "Latency": 1000
    },
    "HLS": {
        "LUT": 16824,
        "FF": 4586,
        "DSP": 28,
        "BRAM": 0,
        "URAM": 0,
        "CP": 7.148
    },
    "SYN": {
        "LUT": 8217,
        "FF": 3820,
        "DSP": 28,
        "BRAM": 0,
        "URAM": 0,
        "SRL": 0,
        "CP": 7.223
    },
    "IMPL": {
        "LUT": 7986,
        "FF": 3808,
        "DSP": 28,
        "BRAM": 0,
        "URAM": 0,
        "SRL": 0,
        "CP": 8.566,
        "PWR": 0.409
    }
}