{
    "LATENCY": {
        "Latency": 1000
    },
    "HLS": {
        "LUT": 24457,
        "FF": 4539,
        "DSP": 28,
        "BRAM": 0,
        "URAM": 0,
        "CP": 7.148
    },
    "SYN": {
        "LUT": 6935,
        "FF": 3787,
        "DSP": 28,
        "BRAM": 0,
        "URAM": 0,
        "SRL": 0,
        "CP": 7.223
    },
    "IMPL": {
        "LUT": 6785,
        "FF": 3777,
        "DSP": 28,
        "BRAM": 0,
        "URAM": 0,
        "SRL": 0,
        "CP": 7.628,
        "PWR": 0.3
    }
}