{
    "LATENCY": {
        "Latency": 1000
    },
    "HLS": {
        "LUT": 21581,
        "FF": 4965,
        "DSP": 28,
        "BRAM": 0,
        "URAM": 0,
        "CP": 7.148
    },
    "SYN": {
        "LUT": 6961,
        "FF": 4303,
        "DSP": 28,
        "BRAM": 0,
        "URAM": 0,
        "SRL": 0,
        "CP": 7.223
    },
    "IMPL": {
        "LUT": 6801,
        "FF": 4291,
        "DSP": 28,
        "BRAM": 0,
        "URAM": 0,
        "SRL": 0,
        "CP": 7.991,
        "PWR": 0.305
    }
}