{
    "LATENCY": {
        "Latency": 1000
    },
    "HLS": {
        "LUT": 36220,
        "FF": 5867,
        "DSP": 28,
        "BRAM": 0,
        "URAM": 0,
        "CP": 7.148
    },
    "SYN": {
        "LUT": 10539,
        "FF": 5083,
        "DSP": 28,
        "BRAM": 0,
        "URAM": 0,
        "SRL": 0,
        "CP": 7.223
    },
    "IMPL": {
        "LUT": 10300,
        "FF": 5071,
        "DSP": 28,
        "BRAM": 0,
        "URAM": 0,
        "SRL": 0,
        "CP": 9.163,
        "PWR": 0.397
    }
}