{
    "LATENCY": {
        "Latency": 1000
    },
    "HLS": {
        "LUT": 5383,
        "FF": 5060,
        "DSP": 48,
        "BRAM": 0,
        "URAM": 0,
        "CP": 7.148
    },
    "SYN": {
        "LUT": 3832,
        "FF": 4191,
        "DSP": 48,
        "BRAM": 0,
        "URAM": 0,
        "SRL": 0,
        "CP": 7.223
    },
    "IMPL": {
        "LUT": 3766,
        "FF": 4177,
        "DSP": 48,
        "BRAM": 0,
        "URAM": 0,
        "SRL": 0,
        "CP": 8.448,
        "PWR": 0.357
    }
}