{
    "LATENCY": {
        "Latency": 1000
    },
    "HLS": {
        "LUT": 41930,
        "FF": 6694,
        "DSP": 48,
        "BRAM": 0,
        "URAM": 0,
        "CP": 7.241
    },
    "SYN": {
        "LUT": 7408,
        "FF": 5024,
        "DSP": 48,
        "BRAM": 0,
        "URAM": 0,
        "SRL": 0,
        "CP": 7.223
    },
    "IMPL": {
        "LUT": 7332,
        "FF": 5010,
        "DSP": 48,
        "BRAM": 0,
        "URAM": 0,
        "SRL": 0,
        "CP": 8.841,
        "PWR": 0.303
    }
}