{
    "LATENCY": {
        "Latency": 1000
    },
    "HLS": {
        "LUT": 5900,
        "FF": 4995,
        "DSP": 48,
        "BRAM": 0,
        "URAM": 0,
        "CP": 7.148
    },
    "SYN": {
        "LUT": 4257,
        "FF": 3932,
        "DSP": 48,
        "BRAM": 0,
        "URAM": 0,
        "SRL": 0,
        "CP": 7.223
    },
    "IMPL": {
        "LUT": 4176,
        "FF": 3916,
        "DSP": 48,
        "BRAM": 0,
        "URAM": 0,
        "SRL": 0,
        "CP": 8.683,
        "PWR": 0.369
    }
}