{
    "LATENCY": {
        "Latency": 1000
    },
    "HLS": {
        "LUT": 69619,
        "FF": 10477,
        "DSP": 28,
        "BRAM": 0,
        "URAM": 0,
        "CP": 7.241
    },
    "SYN": {
        "LUT": 12823,
        "FF": 8344,
        "DSP": 28,
        "BRAM": 0,
        "URAM": 0,
        "SRL": 0,
        "CP": 7.223
    },
    "IMPL": {
        "LUT": 12634,
        "FF": 8334,
        "DSP": 28,
        "BRAM": 0,
        "URAM": 0,
        "SRL": 0,
        "CP": 8.594,
        "PWR": 0.306
    }
}