{
    "LATENCY": {
        "Latency": 1000
    },
    "HLS": {
        "LUT": 3602,
        "FF": 4124,
        "DSP": 48,
        "BRAM": 0,
        "URAM": 0,
        "CP": 7.148
    },
    "SYN": {
        "LUT": 2923,
        "FF": 3337,
        "DSP": 48,
        "BRAM": 0,
        "URAM": 0,
        "SRL": 0,
        "CP": 7.223
    },
    "IMPL": {
        "LUT": 2866,
        "FF": 3325,
        "DSP": 48,
        "BRAM": 0,
        "URAM": 0,
        "SRL": 0,
        "CP": 9.09,
        "PWR": 0.365
    }
}