{
    "LATENCY": {
        "Latency": 1000
    },
    "HLS": {
        "LUT": 33401,
        "FF": 5545,
        "DSP": 48,
        "BRAM": 0,
        "URAM": 0,
        "CP": 7.148
    },
    "SYN": {
        "LUT": 5311,
        "FF": 4766,
        "DSP": 48,
        "BRAM": 0,
        "URAM": 0,
        "SRL": 0,
        "CP": 7.223
    },
    "IMPL": {
        "LUT": 5257,
        "FF": 4754,
        "DSP": 48,
        "BRAM": 0,
        "URAM": 0,
        "SRL": 0,
        "CP": 9.075,
        "PWR": 0.382
    }
}