{
    "LATENCY": {
        "Latency": 1000
    },
    "HLS": {
        "LUT": 22140,
        "FF": 4473,
        "DSP": 25,
        "BRAM": 0,
        "URAM": 0,
        "CP": 7.148
    },
    "SYN": {
        "LUT": 8415,
        "FF": 3786,
        "DSP": 25,
        "BRAM": 0,
        "URAM": 0,
        "SRL": 0,
        "CP": 7.223
    },
    "IMPL": {
        "LUT": 8192,
        "FF": 3774,
        "DSP": 25,
        "BRAM": 0,
        "URAM": 0,
        "SRL": 0,
        "CP": 8.228,
        "PWR": 0.376
    }
}