{
    "LATENCY": {
        "Latency": 1000
    },
    "HLS": {
        "LUT": 13504,
        "FF": 4730,
        "DSP": 48,
        "BRAM": 0,
        "URAM": 0,
        "CP": 7.148
    },
    "SYN": {
        "LUT": 3706,
        "FF": 3955,
        "DSP": 48,
        "BRAM": 0,
        "URAM": 0,
        "SRL": 0,
        "CP": 7.223
    },
    "IMPL": {
        "LUT": 3649,
        "FF": 3943,
        "DSP": 48,
        "BRAM": 0,
        "URAM": 0,
        "SRL": 0,
        "CP": 8.335,
        "PWR": 0.37
    }
}