{
    "LATENCY": {
        "Latency": 1000
    },
    "HLS": {
        "LUT": 15894,
        "FF": 4738,
        "DSP": 48,
        "BRAM": 0,
        "URAM": 0,
        "CP": 7.148
    },
    "SYN": {
        "LUT": 4257,
        "FF": 3959,
        "DSP": 48,
        "BRAM": 0,
        "URAM": 0,
        "SRL": 0,
        "CP": 7.223
    },
    "IMPL": {
        "LUT": 4190,
        "FF": 3945,
        "DSP": 48,
        "BRAM": 0,
        "URAM": 0,
        "SRL": 0,
        "CP": 8.589,
        "PWR": 0.381
    }
}