{
    "LATENCY": {
        "Latency": 1000
    },
    "HLS": {
        "LUT": 17690,
        "FF": 4276,
        "DSP": 48,
        "BRAM": 0,
        "URAM": 0,
        "CP": 7.148
    },
    "SYN": {
        "LUT": 3373,
        "FF": 3613,
        "DSP": 48,
        "BRAM": 0,
        "URAM": 0,
        "SRL": 0,
        "CP": 7.223
    },
    "IMPL": {
        "LUT": 3320,
        "FF": 3601,
        "DSP": 48,
        "BRAM": 0,
        "URAM": 0,
        "SRL": 0,
        "CP": 8.195,
        "PWR": 0.359
    }
}