{
    "LATENCY": {
        "Latency": 1000
    },
    "HLS": {
        "LUT": 19075,
        "FF": 4772,
        "DSP": 28,
        "BRAM": 0,
        "URAM": 0,
        "CP": 7.148
    },
    "SYN": {
        "LUT": 8422,
        "FF": 3949,
        "DSP": 28,
        "BRAM": 0,
        "URAM": 0,
        "SRL": 0,
        "CP": 7.223
    },
    "IMPL": {
        "LUT": 8183,
        "FF": 3937,
        "DSP": 28,
        "BRAM": 0,
        "URAM": 0,
        "SRL": 0,
        "CP": 9.173,
        "PWR": 0.285
    }
}