{
    "LATENCY": {
        "Latency": 1000
    },
    "HLS": {
        "LUT": 20666,
        "FF": 5356,
        "DSP": 28,
        "BRAM": 0,
        "URAM": 0,
        "CP": 7.148
    },
    "SYN": {
        "LUT": 9166,
        "FF": 4452,
        "DSP": 28,
        "BRAM": 0,
        "URAM": 0,
        "SRL": 0,
        "CP": 7.223
    },
    "IMPL": {
        "LUT": 8929,
        "FF": 4440,
        "DSP": 28,
        "BRAM": 0,
        "URAM": 0,
        "SRL": 0,
        "CP": 9.137,
        "PWR": 0.481
    }
}