{
    "LATENCY": {
        "Latency": 1000
    },
    "HLS": {
        "LUT": 6554,
        "FF": 3756,
        "DSP": 28,
        "BRAM": 0,
        "URAM": 0,
        "CP": 7.148
    },
    "SYN": {
        "LUT": 5018,
        "FF": 3328,
        "DSP": 28,
        "BRAM": 0,
        "URAM": 0,
        "SRL": 0,
        "CP": 7.223
    },
    "IMPL": {
        "LUT": 4872,
        "FF": 3318,
        "DSP": 28,
        "BRAM": 0,
        "URAM": 0,
        "SRL": 0,
        "CP": 7.968,
        "PWR": 0.294
    }
}