{
    "LATENCY": {
        "Latency": 1000
    },
    "HLS": {
        "LUT": 18026,
        "FF": 4296,
        "DSP": 25,
        "BRAM": 0,
        "URAM": 0,
        "CP": 7.148
    },
    "SYN": {
        "LUT": 8275,
        "FF": 3546,
        "DSP": 25,
        "BRAM": 0,
        "URAM": 0,
        "SRL": 0,
        "CP": 7.223
    },
    "IMPL": {
        "LUT": 8047,
        "FF": 3534,
        "DSP": 25,
        "BRAM": 0,
        "URAM": 0,
        "SRL": 0,
        "CP": 9.118,
        "PWR": 0.397
    }
}