{
    "LATENCY": {
        "Latency": 1000
    },
    "HLS": {
        "LUT": 11731,
        "FF": 3904,
        "DSP": 17,
        "BRAM": 0,
        "URAM": 0,
        "CP": 7.148
    },
    "SYN": {
        "LUT": 6050,
        "FF": 3465,
        "DSP": 17,
        "BRAM": 0,
        "URAM": 0,
        "SRL": 0,
        "CP": 7.223
    },
    "IMPL": {
        "LUT": 5889,
        "FF": 3455,
        "DSP": 17,
        "BRAM": 0,
        "URAM": 0,
        "SRL": 0,
        "CP": 8.585,
        "PWR": 0.293
    }
}