{
    "LATENCY": {
        "Latency": 1000
    },
    "HLS": {
        "LUT": 9883,
        "FF": 6651,
        "DSP": 25,
        "BRAM": 0,
        "URAM": 0,
        "CP": 7.148
    },
    "SYN": {
        "LUT": 9937,
        "FF": 5638,
        "DSP": 25,
        "BRAM": 0,
        "URAM": 0,
        "SRL": 0,
        "CP": 7.223
    },
    "IMPL": {
        "LUT": 9698,
        "FF": 5626,
        "DSP": 25,
        "BRAM": 0,
        "URAM": 0,
        "SRL": 0,
        "CP": 8.923,
        "PWR": 0.415
    }
}