{
    "LATENCY": {
        "Latency": 1000
    },
    "HLS": {
        "LUT": 32074,
        "FF": 7710,
        "DSP": 28,
        "BRAM": 0,
        "URAM": 0,
        "CP": 7.241
    },
    "SYN": {
        "LUT": 12451,
        "FF": 6622,
        "DSP": 28,
        "BRAM": 0,
        "URAM": 0,
        "SRL": 0,
        "CP": 7.223
    },
    "IMPL": {
        "LUT": 12183,
        "FF": 6610,
        "DSP": 28,
        "BRAM": 0,
        "URAM": 0,
        "SRL": 0,
        "CP": 8.534,
        "PWR": 0.342
    }
}