{
    "LATENCY": {
        "Latency": 1000
    },
    "HLS": {
        "LUT": 12642,
        "FF": 4226,
        "DSP": 48,
        "BRAM": 0,
        "URAM": 0,
        "CP": 7.148
    },
    "SYN": {
        "LUT": 3547,
        "FF": 3500,
        "DSP": 48,
        "BRAM": 0,
        "URAM": 0,
        "SRL": 0,
        "CP": 7.223
    },
    "IMPL": {
        "LUT": 3485,
        "FF": 3486,
        "DSP": 48,
        "BRAM": 0,
        "URAM": 0,
        "SRL": 0,
        "CP": 8.756,
        "PWR": 0.353
    }
}