{
    "LATENCY": {
        "Latency": 1000
    },
    "HLS": {
        "LUT": 23528,
        "FF": 5888,
        "DSP": 48,
        "BRAM": 0,
        "URAM": 0,
        "CP": 7.148
    },
    "SYN": {
        "LUT": 5268,
        "FF": 4925,
        "DSP": 48,
        "BRAM": 0,
        "URAM": 0,
        "SRL": 0,
        "CP": 7.223
    },
    "IMPL": {
        "LUT": 5198,
        "FF": 4911,
        "DSP": 48,
        "BRAM": 0,
        "URAM": 0,
        "SRL": 0,
        "CP": 8.815,
        "PWR": 0.367
    }
}