{
    "LATENCY": {
        "best_latency": 748271,
        "worst_latency": 748280,
        "average_latency": 748276,
        "best_time_latency": "7.483 ms",
        "worst_time_latency": "7.483 ms",
        "average_time_latency": "7.483 ms",
        "min_interval": 748272,
        "max_interval": 748281,
        "Latency": 748276
    },
    "HLS": {
        "LUT": 145006,
        "FF": 27844,
        "DSP": 6,
        "BRAM": 60,
        "URAM": 0,
        "CP": 7.448
    },
    "SYN": {
        "LUT": 31979,
        "FF": 26958,
        "DSP": 7,
        "BRAM": 64,
        "URAM": 0,
        "SRL": 8,
        "CP": 5.987
    },
    "IMPL": {
        "LUT": 31605,
        "FF": 26950,
        "DSP": 7,
        "BRAM": 64,
        "URAM": 0,
        "SRL": 7,
        "CP": 9.346,
        "PWR": 0.534
    }
}