{
    "LATENCY": {
        "best_latency": 1111891,
        "worst_latency": 1111891,
        "average_latency": 1111891,
        "best_time_latency": "11.119 ms",
        "worst_time_latency": "11.119 ms",
        "average_time_latency": "11.119 ms",
        "min_interval": 1111892,
        "max_interval": 1111892,
        "Latency": 1111891
    },
    "HLS": {
        "LUT": 7686,
        "FF": 5055,
        "DSP": 3,
        "BRAM": 64,
        "URAM": 0,
        "CP": 7.15
    },
    "SYN": {
        "LUT": 4902,
        "FF": 4499,
        "DSP": 6,
        "BRAM": 64,
        "URAM": 0,
        "SRL": 14,
        "CP": 5.864
    },
    "IMPL": {
        "LUT": 4819,
        "FF": 4493,
        "DSP": 6,
        "BRAM": 64,
        "URAM": 0,
        "SRL": 12,
        "CP": 7.544,
        "PWR": 0.393
    }
}