{
    "LATENCY": {
        "best_latency": 641961,
        "worst_latency": 641961,
        "average_latency": 641961,
        "best_time_latency": "6.420 ms",
        "worst_time_latency": "6.420 ms",
        "average_time_latency": "6.420 ms",
        "min_interval": 641962,
        "max_interval": 641962,
        "Latency": 641961
    },
    "HLS": {
        "LUT": 124888,
        "FF": 37339,
        "DSP": 6,
        "BRAM": 64,
        "URAM": 0,
        "CP": 7.346
    },
    "SYN": {
        "LUT": 41787,
        "FF": 36433,
        "DSP": 10,
        "BRAM": 64,
        "URAM": 0,
        "SRL": 24,
        "CP": 5.864
    },
    "IMPL": {
        "LUT": 41277,
        "FF": 36425,
        "DSP": 10,
        "BRAM": 64,
        "URAM": 0,
        "SRL": 21,
        "CP": 9.848,
        "PWR": 0.493
    }
}