{
    "LATENCY": {
        "best_latency": 8025982,
        "worst_latency": 8025982,
        "average_latency": 8025982,
        "best_time_latency": "80.260 ms",
        "worst_time_latency": "80.260 ms",
        "average_time_latency": "80.260 ms",
        "min_interval": 8025983,
        "max_interval": 8025983,
        "Latency": 8025982
    },
    "HLS": {
        "LUT": 28622,
        "FF": 13631,
        "DSP": 3,
        "BRAM": 64,
        "URAM": 0,
        "CP": 7.448
    },
    "SYN": {
        "LUT": 21250,
        "FF": 13548,
        "DSP": 4,
        "BRAM": 64,
        "URAM": 0,
        "SRL": 0,
        "CP": 6.022
    },
    "IMPL": {
        "LUT": 21067,
        "FF": 13544,
        "DSP": 4,
        "BRAM": 64,
        "URAM": 0,
        "SRL": 0,
        "CP": 9.157,
        "PWR": 0.492
    }
}