{
    "LATENCY": {
        "best_latency": 7977917,
        "worst_latency": 7977928,
        "average_latency": 7977923,
        "best_time_latency": "79.779 ms",
        "worst_time_latency": "79.779 ms",
        "average_time_latency": "79.779 ms",
        "min_interval": 7977918,
        "max_interval": 7977929,
        "Latency": 7977923
    },
    "HLS": {
        "LUT": 8724,
        "FF": 4223,
        "DSP": 3,
        "BRAM": 64,
        "URAM": 0,
        "CP": 7.15
    },
    "SYN": {
        "LUT": 3572,
        "FF": 3814,
        "DSP": 3,
        "BRAM": 64,
        "URAM": 0,
        "SRL": 7,
        "CP": 4.992
    },
    "IMPL": {
        "LUT": 3492,
        "FF": 3812,
        "DSP": 3,
        "BRAM": 64,
        "URAM": 0,
        "SRL": 6,
        "CP": 6.705,
        "PWR": 0.449
    }
}