{
    "LATENCY": {
        "best_latency": 1232814,
        "worst_latency": 1232814,
        "average_latency": 1232814,
        "best_time_latency": "12.328 ms",
        "worst_time_latency": "12.328 ms",
        "average_time_latency": "12.328 ms",
        "min_interval": 1232815,
        "max_interval": 1232815,
        "Latency": 1232814
    },
    "HLS": {
        "LUT": 7007,
        "FF": 4480,
        "DSP": 3,
        "BRAM": 64,
        "URAM": 0,
        "CP": 7.15
    },
    "SYN": {
        "LUT": 4844,
        "FF": 4097,
        "DSP": 4,
        "BRAM": 64,
        "URAM": 0,
        "SRL": 11,
        "CP": 5.864
    },
    "IMPL": {
        "LUT": 4700,
        "FF": 4091,
        "DSP": 4,
        "BRAM": 64,
        "URAM": 0,
        "SRL": 8,
        "CP": 7.826,
        "PWR": 0.515
    }
}