{
    "LATENCY": {
        "best_latency": 294974,
        "worst_latency": 294974,
        "average_latency": 294974,
        "best_time_latency": "2.950 ms",
        "worst_time_latency": "2.950 ms",
        "average_time_latency": "2.950 ms",
        "min_interval": 294975,
        "max_interval": 294975,
        "Latency": 294974
    },
    "HLS": {
        "LUT": 31481,
        "FF": 21655,
        "DSP": 6,
        "BRAM": 64,
        "URAM": 0,
        "CP": 7.389
    },
    "SYN": {
        "LUT": 28788,
        "FF": 21065,
        "DSP": 8,
        "BRAM": 64,
        "URAM": 0,
        "SRL": 14,
        "CP": 5.864
    },
    "IMPL": {
        "LUT": 28414,
        "FF": 21053,
        "DSP": 8,
        "BRAM": 64,
        "URAM": 0,
        "SRL": 12,
        "CP": 9.644,
        "PWR": 0.498
    }
}