{
    "LATENCY": {
        "best_latency": 796344,
        "worst_latency": 796344,
        "average_latency": 796344,
        "best_time_latency": "7.963 ms",
        "worst_time_latency": "7.963 ms",
        "average_time_latency": "7.963 ms",
        "min_interval": 796345,
        "max_interval": 796345,
        "Latency": 796344
    },
    "HLS": {
        "LUT": 7480,
        "FF": 3178,
        "DSP": 3,
        "BRAM": 64,
        "URAM": 0,
        "CP": 6.539
    },
    "SYN": {
        "LUT": 3396,
        "FF": 2635,
        "DSP": 5,
        "BRAM": 64,
        "URAM": 0,
        "SRL": 11,
        "CP": 5.864
    },
    "IMPL": {
        "LUT": 3293,
        "FF": 2629,
        "DSP": 5,
        "BRAM": 64,
        "URAM": 0,
        "SRL": 9,
        "CP": 6.919,
        "PWR": 0.39
    }
}