{
    "LATENCY": {
        "best_latency": 697192,
        "worst_latency": 697192,
        "average_latency": 697192,
        "best_time_latency": "6.972 ms",
        "worst_time_latency": "6.972 ms",
        "average_time_latency": "6.972 ms",
        "min_interval": 697193,
        "max_interval": 697193,
        "Latency": 697192
    },
    "HLS": {
        "LUT": 141986,
        "FF": 30237,
        "DSP": 6,
        "BRAM": 60,
        "URAM": 0,
        "CP": 7.15
    },
    "SYN": {
        "LUT": 28565,
        "FF": 27770,
        "DSP": 10,
        "BRAM": 64,
        "URAM": 0,
        "SRL": 17,
        "CP": 5.864
    },
    "IMPL": {
        "LUT": 28318,
        "FF": 27762,
        "DSP": 10,
        "BRAM": 64,
        "URAM": 0,
        "SRL": 15,
        "CP": 9.712,
        "PWR": 0.432
    }
}