{
    "LATENCY": {
        "best_latency": 1088221,
        "worst_latency": 1088221,
        "average_latency": 1088221,
        "best_time_latency": "10.882 ms",
        "worst_time_latency": "10.882 ms",
        "average_time_latency": "10.882 ms",
        "min_interval": 1088222,
        "max_interval": 1088222,
        "Latency": 1088221
    },
    "HLS": {
        "LUT": 8051,
        "FF": 3525,
        "DSP": 3,
        "BRAM": 64,
        "URAM": 0,
        "CP": 7.15
    },
    "SYN": {
        "LUT": 3681,
        "FF": 3058,
        "DSP": 3,
        "BRAM": 64,
        "URAM": 0,
        "SRL": 18,
        "CP": 5.864
    },
    "IMPL": {
        "LUT": 3582,
        "FF": 3052,
        "DSP": 3,
        "BRAM": 64,
        "URAM": 0,
        "SRL": 13,
        "CP": 7.359,
        "PWR": 0.371
    }
}