{
    "LATENCY": {
        "best_latency": 6833688,
        "worst_latency": 6833688,
        "average_latency": 6833688,
        "best_time_latency": "68.337 ms",
        "worst_time_latency": "68.337 ms",
        "average_time_latency": "68.337 ms",
        "min_interval": 6833689,
        "max_interval": 6833689,
        "Latency": 6833688
    },
    "HLS": {
        "LUT": 32212,
        "FF": 23581,
        "DSP": 9,
        "BRAM": 64,
        "URAM": 0,
        "CP": 7.15
    },
    "SYN": {
        "LUT": 24463,
        "FF": 22828,
        "DSP": 12,
        "BRAM": 64,
        "URAM": 0,
        "SRL": 15,
        "CP": 5.864
    },
    "IMPL": {
        "LUT": 24157,
        "FF": 22822,
        "DSP": 12,
        "BRAM": 64,
        "URAM": 0,
        "SRL": 13,
        "CP": 8.9,
        "PWR": 0.781
    }
}