{
    "LATENCY": {
        "best_latency": 692814,
        "worst_latency": 692814,
        "average_latency": 692814,
        "best_time_latency": "6.928 ms",
        "worst_time_latency": "6.928 ms",
        "average_time_latency": "6.928 ms",
        "min_interval": 692815,
        "max_interval": 692815,
        "Latency": 692814
    },
    "HLS": {
        "LUT": 73925,
        "FF": 16388,
        "DSP": 3,
        "BRAM": 60,
        "URAM": 0,
        "CP": 7.372
    },
    "SYN": {
        "LUT": 15568,
        "FF": 13860,
        "DSP": 10,
        "BRAM": 64,
        "URAM": 0,
        "SRL": 22,
        "CP": 5.864
    },
    "IMPL": {
        "LUT": 15423,
        "FF": 13854,
        "DSP": 10,
        "BRAM": 64,
        "URAM": 0,
        "SRL": 17,
        "CP": 9.113,
        "PWR": 0.489
    }
}