{
    "LATENCY": {
        "best_latency": 414594,
        "worst_latency": 414594,
        "average_latency": 414594,
        "best_time_latency": "4.146 ms",
        "worst_time_latency": "4.146 ms",
        "average_time_latency": "4.146 ms",
        "min_interval": 414595,
        "max_interval": 414595,
        "Latency": 414594
    },
    "HLS": {
        "LUT": 30303,
        "FF": 23808,
        "DSP": 15,
        "BRAM": 64,
        "URAM": 0,
        "CP": 7.15
    },
    "SYN": {
        "LUT": 29776,
        "FF": 22342,
        "DSP": 15,
        "BRAM": 64,
        "URAM": 0,
        "SRL": 8,
        "CP": 5.324
    },
    "IMPL": {
        "LUT": 29416,
        "FF": 22331,
        "DSP": 15,
        "BRAM": 64,
        "URAM": 0,
        "SRL": 5,
        "CP": 9.438,
        "PWR": 0.514
    }
}