{
    "LATENCY": {
        "best_latency": 7992947,
        "worst_latency": 7992947,
        "average_latency": 7992947,
        "best_time_latency": "79.929 ms",
        "worst_time_latency": "79.929 ms",
        "average_time_latency": "79.929 ms",
        "min_interval": 7992948,
        "max_interval": 7992948,
        "Latency": 7992947
    },
    "HLS": {
        "LUT": 9458,
        "FF": 3558,
        "DSP": 3,
        "BRAM": 64,
        "URAM": 0,
        "CP": 7.15
    },
    "SYN": {
        "LUT": 3587,
        "FF": 3191,
        "DSP": 6,
        "BRAM": 64,
        "URAM": 0,
        "SRL": 7,
        "CP": 5.864
    },
    "IMPL": {
        "LUT": 3515,
        "FF": 3187,
        "DSP": 6,
        "BRAM": 64,
        "URAM": 0,
        "SRL": 6,
        "CP": 6.893,
        "PWR": 0.417
    }
}