{
    "LATENCY": {
        "best_latency": 7708252,
        "worst_latency": 7708252,
        "average_latency": 7708252,
        "best_time_latency": "77.083 ms",
        "worst_time_latency": "77.083 ms",
        "average_time_latency": "77.083 ms",
        "min_interval": 7708253,
        "max_interval": 7708253,
        "Latency": 7708252
    },
    "HLS": {
        "LUT": 7623,
        "FF": 3197,
        "DSP": 3,
        "BRAM": 64,
        "URAM": 0,
        "CP": 6.396
    },
    "SYN": {
        "LUT": 3448,
        "FF": 2635,
        "DSP": 6,
        "BRAM": 64,
        "URAM": 0,
        "SRL": 29,
        "CP": 5.864
    },
    "IMPL": {
        "LUT": 3390,
        "FF": 2631,
        "DSP": 6,
        "BRAM": 64,
        "URAM": 0,
        "SRL": 24,
        "CP": 6.993,
        "PWR": 0.392
    }
}