{
    "LATENCY": {
        "best_latency": 680318,
        "worst_latency": 680318,
        "average_latency": 680318,
        "best_time_latency": "6.803 ms",
        "worst_time_latency": "6.803 ms",
        "average_time_latency": "6.803 ms",
        "min_interval": 680319,
        "max_interval": 680319,
        "Latency": 680318
    },
    "HLS": {
        "LUT": 17833,
        "FF": 10995,
        "DSP": 3,
        "BRAM": 64,
        "URAM": 0,
        "CP": 8.216
    },
    "SYN": {
        "LUT": 13339,
        "FF": 10240,
        "DSP": 8,
        "BRAM": 64,
        "URAM": 0,
        "SRL": 34,
        "CP": 5.864
    },
    "IMPL": {
        "LUT": 13155,
        "FF": 10234,
        "DSP": 8,
        "BRAM": 64,
        "URAM": 0,
        "SRL": 29,
        "CP": 8.814,
        "PWR": 0.401
    }
}