{
    "LATENCY": {
        "best_latency": 157526,
        "worst_latency": 157526,
        "average_latency": 157526,
        "best_time_latency": "1.575 ms",
        "worst_time_latency": "1.575 ms",
        "average_time_latency": "1.575 ms",
        "min_interval": 157527,
        "max_interval": 157527,
        "Latency": 157526
    },
    "HLS": {
        "LUT": 51906,
        "FF": 42305,
        "DSP": 24,
        "BRAM": 64,
        "URAM": 0,
        "CP": 7.389
    },
    "SYN": {
        "LUT": 48520,
        "FF": 41791,
        "DSP": 26,
        "BRAM": 64,
        "URAM": 0,
        "SRL": 14,
        "CP": 5.864
    },
    "IMPL": {
        "LUT": 47926,
        "FF": 41773,
        "DSP": 26,
        "BRAM": 64,
        "URAM": 0,
        "SRL": 14,
        "CP": 9.518,
        "PWR": 0.682
    }
}