{
    "LATENCY": {
        "best_latency": 303846,
        "worst_latency": 303846,
        "average_latency": 303846,
        "best_time_latency": "3.038 ms",
        "worst_time_latency": "3.038 ms",
        "average_time_latency": "3.038 ms",
        "min_interval": 303847,
        "max_interval": 303847,
        "Latency": 303846
    },
    "HLS": {
        "LUT": 34243,
        "FF": 25715,
        "DSP": 6,
        "BRAM": 64,
        "URAM": 0,
        "CP": 7.389
    },
    "SYN": {
        "LUT": 34124,
        "FF": 24845,
        "DSP": 9,
        "BRAM": 64,
        "URAM": 0,
        "SRL": 28,
        "CP": 5.864
    },
    "IMPL": {
        "LUT": 33674,
        "FF": 24831,
        "DSP": 9,
        "BRAM": 64,
        "URAM": 0,
        "SRL": 26,
        "CP": 9.683,
        "PWR": 0.58
    }
}