{
    "LATENCY": {
        "best_latency": 1112430,
        "worst_latency": 1112430,
        "average_latency": 1112430,
        "best_time_latency": "11.124 ms",
        "worst_time_latency": "11.124 ms",
        "average_time_latency": "11.124 ms",
        "min_interval": 1112431,
        "max_interval": 1112431,
        "Latency": 1112430
    },
    "HLS": {
        "LUT": 38194,
        "FF": 26836,
        "DSP": 6,
        "BRAM": 64,
        "URAM": 0,
        "CP": 7.15
    },
    "SYN": {
        "LUT": 27741,
        "FF": 26001,
        "DSP": 8,
        "BRAM": 64,
        "URAM": 0,
        "SRL": 26,
        "CP": 6.055
    },
    "IMPL": {
        "LUT": 27444,
        "FF": 25993,
        "DSP": 8,
        "BRAM": 64,
        "URAM": 0,
        "SRL": 25,
        "CP": 9.384,
        "PWR": 0.469
    }
}