{
    "LATENCY": {
        "best_latency": 971193,
        "worst_latency": 971193,
        "average_latency": 971193,
        "best_time_latency": "9.712 ms",
        "worst_time_latency": "9.712 ms",
        "average_time_latency": "9.712 ms",
        "min_interval": 971194,
        "max_interval": 971194,
        "Latency": 971193
    },
    "HLS": {
        "LUT": 147565,
        "FF": 31704,
        "DSP": 9,
        "BRAM": 60,
        "URAM": 0,
        "CP": 7.15
    },
    "SYN": {
        "LUT": 31399,
        "FF": 30577,
        "DSP": 15,
        "BRAM": 64,
        "URAM": 0,
        "SRL": 21,
        "CP": 5.864
    },
    "IMPL": {
        "LUT": 31059,
        "FF": 30569,
        "DSP": 15,
        "BRAM": 64,
        "URAM": 0,
        "SRL": 19,
        "CP": 9.36,
        "PWR": 0.498
    }
}