{
    "LATENCY": {
        "Latency": 1000
    },
    "HLS": {
        "LUT": 1079,
        "FF": 894,
        "DSP": 0,
        "BRAM": 0,
        "URAM": 0,
        "CP": 6.237
    },
    "SYN": {
        "LUT": 874,
        "FF": 872,
        "DSP": 0,
        "BRAM": 0,
        "URAM": 0,
        "SRL": 0,
        "CP": 3.594
    },
    "IMPL": {
        "LUT": 871,
        "FF": 872,
        "DSP": 0,
        "BRAM": 0,
        "URAM": 0,
        "SRL": 0,
        "CP": 5.208,
        "PWR": 0.257
    }
}