{
    "LATENCY": {
        "Latency": 1000
    },
    "HLS": {
        "LUT": 2045,
        "FF": 688,
        "DSP": 0,
        "BRAM": 0,
        "URAM": 0,
        "CP": 6.9
    },
    "SYN": {
        "LUT": 605,
        "FF": 679,
        "DSP": 0,
        "BRAM": 0,
        "URAM": 0,
        "SRL": 0,
        "CP": 4.206
    },
    "IMPL": {
        "LUT": 602,
        "FF": 679,
        "DSP": 0,
        "BRAM": 0,
        "URAM": 0,
        "SRL": 0,
        "CP": 5.134,
        "PWR": 0.252
    }
}