{
    "LATENCY": {
        "Latency": 1000
    },
    "HLS": {
        "LUT": 1672,
        "FF": 644,
        "DSP": 0,
        "BRAM": 0,
        "URAM": 0,
        "CP": 6.539
    },
    "SYN": {
        "LUT": 369,
        "FF": 578,
        "DSP": 0,
        "BRAM": 0,
        "URAM": 0,
        "SRL": 0,
        "CP": 2.768
    },
    "IMPL": {
        "LUT": 366,
        "FF": 578,
        "DSP": 0,
        "BRAM": 0,
        "URAM": 0,
        "SRL": 0,
        "CP": 4.111,
        "PWR": 0.248
    }
}