{
    "LATENCY": {
        "Latency": 1000
    },
    "HLS": {
        "LUT": 2651,
        "FF": 1173,
        "DSP": 0,
        "BRAM": 0,
        "URAM": 0,
        "CP": 6.904
    },
    "SYN": {
        "LUT": 570,
        "FF": 1155,
        "DSP": 0,
        "BRAM": 0,
        "URAM": 0,
        "SRL": 0,
        "CP": 3.163
    },
    "IMPL": {
        "LUT": 558,
        "FF": 1155,
        "DSP": 0,
        "BRAM": 0,
        "URAM": 0,
        "SRL": 0,
        "CP": 4.01,
        "PWR": 0.247
    }
}