{
    "LATENCY": {
        "Latency": 1000
    },
    "HLS": {
        "LUT": 1527,
        "FF": 862,
        "DSP": 0,
        "BRAM": 0,
        "URAM": 0,
        "CP": 6.904
    },
    "SYN": {
        "LUT": 596,
        "FF": 673,
        "DSP": 0,
        "BRAM": 0,
        "URAM": 0,
        "SRL": 0,
        "CP": 4.206
    },
    "IMPL": {
        "LUT": 592,
        "FF": 673,
        "DSP": 0,
        "BRAM": 0,
        "URAM": 0,
        "SRL": 0,
        "CP": 5.742,
        "PWR": 0.252
    }
}