{
    "LATENCY": {
        "Latency": 1000
    },
    "HLS": {
        "LUT": 3958,
        "FF": 775,
        "DSP": 0,
        "BRAM": 0,
        "URAM": 0,
        "CP": 6.822
    },
    "SYN": {
        "LUT": 608,
        "FF": 751,
        "DSP": 0,
        "BRAM": 0,
        "URAM": 0,
        "SRL": 0,
        "CP": 2.472
    },
    "IMPL": {
        "LUT": 601,
        "FF": 751,
        "DSP": 0,
        "BRAM": 0,
        "URAM": 0,
        "SRL": 0,
        "CP": 3.539,
        "PWR": 0.253
    }
}