{
    "LATENCY": {
        "Latency": 1000
    },
    "HLS": {
        "LUT": 973,
        "FF": 564,
        "DSP": 0,
        "BRAM": 0,
        "URAM": 0,
        "CP": 6.904
    },
    "SYN": {
        "LUT": 340,
        "FF": 562,
        "DSP": 0,
        "BRAM": 0,
        "URAM": 0,
        "SRL": 0,
        "CP": 2.625
    },
    "IMPL": {
        "LUT": 339,
        "FF": 562,
        "DSP": 0,
        "BRAM": 0,
        "URAM": 0,
        "SRL": 0,
        "CP": 3.782,
        "PWR": 0.248
    }
}