{
    "LATENCY": {
        "Latency": 1000
    },
    "HLS": {
        "LUT": 5402,
        "FF": 2445,
        "DSP": 9,
        "BRAM": 0,
        "URAM": 0,
        "CP": 7.139
    },
    "SYN": {
        "LUT": 835,
        "FF": 1392,
        "DSP": 10,
        "BRAM": 0,
        "URAM": 0,
        "SRL": 0,
        "CP": 6.546
    },
    "IMPL": {
        "LUT": 827,
        "FF": 1392,
        "DSP": 10,
        "BRAM": 0,
        "URAM": 0,
        "SRL": 0,
        "CP": 6.496,
        "PWR": 0.261
    }
}