{
    "LATENCY": {
        "Latency": 1000
    },
    "HLS": {
        "LUT": 1038,
        "FF": 636,
        "DSP": 0,
        "BRAM": 0,
        "URAM": 0,
        "CP": 6.904
    },
    "SYN": {
        "LUT": 444,
        "FF": 635,
        "DSP": 0,
        "BRAM": 0,
        "URAM": 0,
        "SRL": 0,
        "CP": 2.523
    },
    "IMPL": {
        "LUT": 438,
        "FF": 635,
        "DSP": 0,
        "BRAM": 0,
        "URAM": 0,
        "SRL": 0,
        "CP": 3.729,
        "PWR": 0.249
    }
}