{
    "LATENCY": {
        "Latency": 1000
    },
    "HLS": {
        "LUT": 2689,
        "FF": 1003,
        "DSP": 0,
        "BRAM": 0,
        "URAM": 0,
        "CP": 6.237
    },
    "SYN": {
        "LUT": 626,
        "FF": 984,
        "DSP": 0,
        "BRAM": 0,
        "URAM": 0,
        "SRL": 0,
        "CP": 2.768
    },
    "IMPL": {
        "LUT": 623,
        "FF": 984,
        "DSP": 0,
        "BRAM": 0,
        "URAM": 0,
        "SRL": 0,
        "CP": 4.73,
        "PWR": 0.255
    }
}