{
    "LATENCY": {
        "Latency": 1000
    },
    "HLS": {
        "LUT": 4000,
        "FF": 1998,
        "DSP": 9,
        "BRAM": 0,
        "URAM": 0,
        "CP": 7.139
    },
    "SYN": {
        "LUT": 847,
        "FF": 1128,
        "DSP": 10,
        "BRAM": 0,
        "URAM": 0,
        "SRL": 5,
        "CP": 6.546
    },
    "IMPL": {
        "LUT": 845,
        "FF": 1128,
        "DSP": 10,
        "BRAM": 0,
        "URAM": 0,
        "SRL": 5,
        "CP": 6.986,
        "PWR": 0.261
    }
}