{
    "LATENCY": {
        "Latency": 1000
    },
    "HLS": {
        "LUT": 2251,
        "FF": 835,
        "DSP": 0,
        "BRAM": 0,
        "URAM": 0,
        "CP": 6.904
    },
    "SYN": {
        "LUT": 602,
        "FF": 708,
        "DSP": 0,
        "BRAM": 0,
        "URAM": 0,
        "SRL": 0,
        "CP": 2.806
    },
    "IMPL": {
        "LUT": 599,
        "FF": 708,
        "DSP": 0,
        "BRAM": 0,
        "URAM": 0,
        "SRL": 0,
        "CP": 4.553,
        "PWR": 0.252
    }
}