{
    "LATENCY": {
        "Latency": 1000
    },
    "HLS": {
        "LUT": 1423,
        "FF": 557,
        "DSP": 0,
        "BRAM": 0,
        "URAM": 0,
        "CP": 5.482
    },
    "SYN": {
        "LUT": 434,
        "FF": 558,
        "DSP": 0,
        "BRAM": 0,
        "URAM": 0,
        "SRL": 0,
        "CP": 3.846
    },
    "IMPL": {
        "LUT": 432,
        "FF": 558,
        "DSP": 0,
        "BRAM": 0,
        "URAM": 0,
        "SRL": 0,
        "CP": 5.863,
        "PWR": 0.248
    }
}