{
    "LATENCY": {
        "Latency": 1000
    },
    "HLS": {
        "LUT": 4161,
        "FF": 2031,
        "DSP": 6,
        "BRAM": 0,
        "URAM": 0,
        "CP": 7.139
    },
    "SYN": {
        "LUT": 747,
        "FF": 1105,
        "DSP": 10,
        "BRAM": 0,
        "URAM": 0,
        "SRL": 0,
        "CP": 6.546
    },
    "IMPL": {
        "LUT": 744,
        "FF": 1105,
        "DSP": 10,
        "BRAM": 0,
        "URAM": 0,
        "SRL": 0,
        "CP": 6.496,
        "PWR": 0.26
    }
}