{
    "LATENCY": {
        "Latency": 1000
    },
    "HLS": {
        "LUT": 2438,
        "FF": 887,
        "DSP": 0,
        "BRAM": 0,
        "URAM": 0,
        "CP": 6.9
    },
    "SYN": {
        "LUT": 565,
        "FF": 720,
        "DSP": 0,
        "BRAM": 0,
        "URAM": 0,
        "SRL": 0,
        "CP": 2.8
    },
    "IMPL": {
        "LUT": 559,
        "FF": 720,
        "DSP": 0,
        "BRAM": 0,
        "URAM": 0,
        "SRL": 0,
        "CP": 5.15,
        "PWR": 0.252
    }
}