{
    "LATENCY": {
        "Latency": 1000
    },
    "HLS": {
        "LUT": 2250,
        "FF": 933,
        "DSP": 0,
        "BRAM": 0,
        "URAM": 0,
        "CP": 6.237
    },
    "SYN": {
        "LUT": 710,
        "FF": 909,
        "DSP": 0,
        "BRAM": 0,
        "URAM": 0,
        "SRL": 0,
        "CP": 2.786
    },
    "IMPL": {
        "LUT": 707,
        "FF": 909,
        "DSP": 0,
        "BRAM": 0,
        "URAM": 0,
        "SRL": 0,
        "CP": 5.222,
        "PWR": 0.253
    }
}