{
    "LATENCY": {
        "Latency": 1000
    },
    "HLS": {
        "LUT": 11207,
        "FF": 1642,
        "DSP": 32,
        "BRAM": 0,
        "URAM": 0,
        "CP": 7.259
    },
    "SYN": {
        "LUT": 6080,
        "FF": 965,
        "DSP": 16,
        "BRAM": 0,
        "URAM": 0,
        "SRL": 0,
        "CP": 5.254
    },
    "IMPL": {
        "LUT": 6025,
        "FF": 965,
        "DSP": 16,
        "BRAM": 0,
        "URAM": 0,
        "SRL": 0,
        "CP": 8.009,
        "PWR": 0.319
    }
}