{
    "LATENCY": {
        "Latency": 1000
    },
    "HLS": {
        "LUT": 42314,
        "FF": 7002,
        "DSP": 48,
        "BRAM": 0,
        "URAM": 0,
        "CP": 6.808
    },
    "SYN": {
        "LUT": 8037,
        "FF": 5812,
        "DSP": 132,
        "BRAM": 0,
        "URAM": 0,
        "SRL": 0,
        "CP": 5.646
    },
    "IMPL": {
        "LUT": 7603,
        "FF": 5812,
        "DSP": 132,
        "BRAM": 0,
        "URAM": 0,
        "SRL": 0,
        "CP": 9.871,
        "PWR": 0.429
    }
}