{
    "LATENCY": {
        "Latency": 1000
    },
    "HLS": {
        "LUT": 790,
        "FF": 290,
        "DSP": 0,
        "BRAM": 0,
        "URAM": 0,
        "CP": 5.312
    },
    "SYN": {
        "LUT": 203,
        "FF": 204,
        "DSP": 0,
        "BRAM": 0,
        "URAM": 0,
        "SRL": 0,
        "CP": 2.073
    },
    "IMPL": {
        "LUT": 200,
        "FF": 204,
        "DSP": 0,
        "BRAM": 0,
        "URAM": 0,
        "SRL": 0,
        "CP": 3.035,
        "PWR": 0.245
    }
}