{
    "LATENCY": {
        "Latency": 1000
    },
    "HLS": {
        "LUT": 3688,
        "FF": 602,
        "DSP": 8,
        "BRAM": 0,
        "URAM": 0,
        "CP": 7.259
    },
    "SYN": {
        "LUT": 1806,
        "FF": 459,
        "DSP": 3,
        "BRAM": 0,
        "URAM": 0,
        "SRL": 0,
        "CP": 5.229
    },
    "IMPL": {
        "LUT": 1700,
        "FF": 459,
        "DSP": 3,
        "BRAM": 0,
        "URAM": 0,
        "SRL": 0,
        "CP": 6.722,
        "PWR": 0.267
    }
}