{
    "LATENCY": {
        "Latency": 1000
    },
    "HLS": {
        "LUT": 6087,
        "FF": 939,
        "DSP": 6,
        "BRAM": 0,
        "URAM": 0,
        "CP": 7.259
    },
    "SYN": {
        "LUT": 1035,
        "FF": 754,
        "DSP": 6,
        "BRAM": 0,
        "URAM": 0,
        "SRL": 0,
        "CP": 5.606
    },
    "IMPL": {
        "LUT": 1028,
        "FF": 754,
        "DSP": 6,
        "BRAM": 0,
        "URAM": 0,
        "SRL": 0,
        "CP": 5.606,
        "PWR": 0.269
    }
}