{
    "LATENCY": {
        "Latency": 1000
    },
    "HLS": {
        "LUT": 860,
        "FF": 310,
        "DSP": 0,
        "BRAM": 0,
        "URAM": 0,
        "CP": 4.532
    },
    "SYN": {
        "LUT": 324,
        "FF": 295,
        "DSP": 0,
        "BRAM": 0,
        "URAM": 0,
        "SRL": 0,
        "CP": 2.226
    },
    "IMPL": {
        "LUT": 320,
        "FF": 295,
        "DSP": 0,
        "BRAM": 0,
        "URAM": 0,
        "SRL": 0,
        "CP": 2.745,
        "PWR": 0.245
    }
}