{
    "LATENCY": {
        "Latency": 1000
    },
    "HLS": {
        "LUT": 1018,
        "FF": 286,
        "DSP": 0,
        "BRAM": 0,
        "URAM": 0,
        "CP": 5.312
    },
    "SYN": {
        "LUT": 207,
        "FF": 191,
        "DSP": 0,
        "BRAM": 0,
        "URAM": 0,
        "SRL": 0,
        "CP": 2.31
    },
    "IMPL": {
        "LUT": 202,
        "FF": 191,
        "DSP": 0,
        "BRAM": 0,
        "URAM": 0,
        "SRL": 0,
        "CP": 3.023,
        "PWR": 0.244
    }
}