{
    "LATENCY": {
        "Latency": 1000
    },
    "HLS": {
        "LUT": 44560,
        "FF": 8699,
        "DSP": 3,
        "BRAM": 0,
        "URAM": 0,
        "CP": 7.259
    },
    "SYN": {
        "LUT": 7253,
        "FF": 8497,
        "DSP": 0,
        "BRAM": 0,
        "URAM": 0,
        "SRL": 0,
        "CP": 5.347
    },
    "IMPL": {
        "LUT": 7178,
        "FF": 8497,
        "DSP": 0,
        "BRAM": 0,
        "URAM": 0,
        "SRL": 0,
        "CP": 7.628,
        "PWR": 0.275
    }
}