{
    "LATENCY": {
        "Latency": 1000
    },
    "HLS": {
        "LUT": 5713,
        "FF": 315,
        "DSP": 0,
        "BRAM": 0,
        "URAM": 0,
        "CP": 6.465
    },
    "SYN": {
        "LUT": 361,
        "FF": 259,
        "DSP": 0,
        "BRAM": 0,
        "URAM": 0,
        "SRL": 0,
        "CP": 1.924
    },
    "IMPL": {
        "LUT": 353,
        "FF": 259,
        "DSP": 0,
        "BRAM": 0,
        "URAM": 0,
        "SRL": 0,
        "CP": 3.229,
        "PWR": 0.246
    }
}