{
    "LATENCY": {
        "Latency": 1000
    },
    "HLS": {
        "LUT": 100000000.0,
        "FF": 100000000.0,
        "DSP": 100000000.0,
        "BRAM": 100000000.0,
        "URAM": 100000000.0,
        "CP": 100000000.0
    },
    "SYN": {
        "LUT": 100000000.0,
        "FF": 100000000.0,
        "DSP": 100000000.0,
        "BRAM": 100000000.0,
        "URAM": 100000000.0,
        "SRL": 100000000.0,
        "CP": 100000000.0
    },
    "IMPL": {
        "LUT": 100000000.0,
        "FF": 100000000.0,
        "DSP": 100000000.0,
        "BRAM": 100000000.0,
        "URAM": 100000000.0,
        "SRL": 100000000.0,
        "CP": 100000000.0,
        "PWR": 100000000.0
    }
}