{
    "LATENCY": {
        "Latency": 1000
    },
    "HLS": {
        "LUT": 2161,
        "FF": 867,
        "DSP": 22,
        "BRAM": 0,
        "URAM": 0,
        "CP": 7.259
    },
    "SYN": {
        "LUT": 507,
        "FF": 299,
        "DSP": 22,
        "BRAM": 0,
        "URAM": 0,
        "SRL": 0,
        "CP": 6.619
    },
    "IMPL": {
        "LUT": 502,
        "FF": 299,
        "DSP": 22,
        "BRAM": 0,
        "URAM": 0,
        "SRL": 0,
        "CP": 7.19,
        "PWR": 0.266
    }
}