{
    "LATENCY": {
        "Latency": 1000
    },
    "HLS": {
        "LUT": 473,
        "FF": 182,
        "DSP": 0,
        "BRAM": 0,
        "URAM": 0,
        "CP": 5.312
    },
    "SYN": {
        "LUT": 125,
        "FF": 151,
        "DSP": 0,
        "BRAM": 0,
        "URAM": 0,
        "SRL": 0,
        "CP": 2.017
    },
    "IMPL": {
        "LUT": 123,
        "FF": 151,
        "DSP": 0,
        "BRAM": 0,
        "URAM": 0,
        "SRL": 0,
        "CP": 1.951,
        "PWR": 0.243
    }
}