{
    "LATENCY": {
        "Latency": 1000
    },
    "HLS": {
        "LUT": 3191,
        "FF": 1164,
        "DSP": 12,
        "BRAM": 0,
        "URAM": 0,
        "CP": 7.259
    },
    "SYN": {
        "LUT": 1301,
        "FF": 959,
        "DSP": 12,
        "BRAM": 0,
        "URAM": 0,
        "SRL": 0,
        "CP": 6.057
    },
    "IMPL": {
        "LUT": 1242,
        "FF": 959,
        "DSP": 12,
        "BRAM": 0,
        "URAM": 0,
        "SRL": 0,
        "CP": 6.366,
        "PWR": 0.277
    }
}