{
    "LATENCY": {
        "Latency": 1000
    },
    "HLS": {
        "LUT": 16901,
        "FF": 2070,
        "DSP": 32,
        "BRAM": 0,
        "URAM": 0,
        "CP": 7.259
    },
    "SYN": {
        "LUT": 5334,
        "FF": 925,
        "DSP": 12,
        "BRAM": 0,
        "URAM": 0,
        "SRL": 0,
        "CP": 5.36
    },
    "IMPL": {
        "LUT": 5305,
        "FF": 925,
        "DSP": 12,
        "BRAM": 0,
        "URAM": 0,
        "SRL": 0,
        "CP": 8.064,
        "PWR": 0.329
    }
}