{
    "LATENCY": {
        "Latency": 1000
    },
    "HLS": {
        "LUT": 22467,
        "FF": 3338,
        "DSP": 16,
        "BRAM": 0,
        "URAM": 0,
        "CP": 6.886
    },
    "SYN": {
        "LUT": 3387,
        "FF": 2736,
        "DSP": 19,
        "BRAM": 0,
        "URAM": 0,
        "SRL": 0,
        "CP": 5.745
    },
    "IMPL": {
        "LUT": 3279,
        "FF": 2736,
        "DSP": 19,
        "BRAM": 0,
        "URAM": 0,
        "SRL": 0,
        "CP": 6.407,
        "PWR": 0.281
    }
}