{
    "LATENCY": {
        "Latency": 1000
    },
    "HLS": {
        "LUT": 3832,
        "FF": 837,
        "DSP": 16,
        "BRAM": 0,
        "URAM": 0,
        "CP": 7.259
    },
    "SYN": {
        "LUT": 3084,
        "FF": 513,
        "DSP": 8,
        "BRAM": 0,
        "URAM": 0,
        "SRL": 0,
        "CP": 5.247
    },
    "IMPL": {
        "LUT": 3039,
        "FF": 513,
        "DSP": 8,
        "BRAM": 0,
        "URAM": 0,
        "SRL": 0,
        "CP": 7.405,
        "PWR": 0.285
    }
}