{
    "LATENCY": {
        "Latency": 1000
    },
    "HLS": {
        "LUT": 2428,
        "FF": 954,
        "DSP": 12,
        "BRAM": 0,
        "URAM": 0,
        "CP": 7.259
    },
    "SYN": {
        "LUT": 927,
        "FF": 672,
        "DSP": 12,
        "BRAM": 0,
        "URAM": 0,
        "SRL": 0,
        "CP": 6.057
    },
    "IMPL": {
        "LUT": 914,
        "FF": 672,
        "DSP": 12,
        "BRAM": 0,
        "URAM": 0,
        "SRL": 0,
        "CP": 6.333,
        "PWR": 0.269
    }
}