{
    "Option": {
        "INLINE": {
            "-off": [],
            "-recursive": []
        },
        "PIPELINE": {
            "-style": []
        },
        "UNROLL": {
            "-factor": []
        },
        "PARTITION": {
            "-factor": [],
            "-type": []
        },
        "RESHAPE": {
            "-factor": [],
            "-type": []
        },
        "STORAGE": {
            "-type": [],
            "-impl": [],
            "-latency": []
        }
    },
    "Function": {
        "init": {
            "INLINE": "-off"
        },
        "hist": {
            "INLINE": "-recursive"
        },
        "local_scan": {
            "INLINE": "-recursive"
        },
        "sum_scan": {
            "INLINE": "-on"
        },
        "last_step_scan": {
            "INLINE": "-on"
        },
        "update": {
            "INLINE": "-recursive"
        }
    },
    "Loop": {
        "group1": {
            "level": [
                "ss_sort/sort_1"
            ],
            "unroll": [
                "ss_sort/sort_1"
            ],
            "pipeline": [
                null
            ],
            "flatten": [
                null
            ],
            "ss_sort/sort_1": {
                "UNROLL": {
                    "-factor": 0
                }
            }
        },
        "group2": {
            "level": [
                "init/init_1"
            ],
            "unroll": [
                "init/init_1"
            ],
            "pipeline": [
                "init/init_1"
            ],
            "flatten": [
                null
            ],
            "init/init_1": {
                "UNROLL": {
                    "-factor": 2
                },
                "PIPELINE": {
                    "-style": "stp",
                    "-state": "-on"
                }
            }
        },
        "group3": {
            "level": [
                "sum_scan/sum_1"
            ],
            "unroll": [
                "sum_scan/sum_1"
            ],
            "pipeline": [
                "sum_scan/sum_1"
            ],
            "flatten": [
                null
            ],
            "sum_scan/sum_1": {
                "UNROLL": {
                    "-factor": 0
                },
                "PIPELINE": {
                    "-style": "stp",
                    "-state": "-off"
                }
            }
        },
        "group4": {
            "level": [
                "local_scan/local_1",
                "local_scan/local_2"
            ],
            "unroll": [
                "local_scan/local_1",
                "local_scan/local_2"
            ],
            "pipeline": [
                "local_scan/local_1",
                "local_scan/local_2"
            ],
            "flatten": [
                "local_scan/local_1"
            ],
            "local_scan/local_1": {
                "UNROLL": {
                    "-factor": 0
                },
                "PIPELINE": {
                    "-style": "stp",
                    "-state": "-on"
                },
                "FLATTEN": {
                    "-state": "-on"
                }
            },
            "local_scan/local_2": {
                "UNROLL": {
                    "-factor": 2
                },
                "PIPELINE": {
                    "-style": "stp",
                    "-state": "-on"
                }
            }
        },
        "group5": {
            "level": [
                "last_step_scan/last_1",
                "last_step_scan/last_2"
            ],
            "unroll": [
                "last_step_scan/last_1",
                "last_step_scan/last_2"
            ],
            "pipeline": [
                "last_step_scan/last_1",
                "last_step_scan/last_2"
            ],
            "flatten": [
                "last_step_scan/last_1"
            ],
            "last_step_scan/last_1": {
                "UNROLL": {
                    "-factor": 2
                },
                "PIPELINE": {
                    "-style": "stp",
                    "-state": "-off"
                },
                "FLATTEN": {
                    "-state": "-on"
                }
            },
            "last_step_scan/last_2": {
                "UNROLL": {
                    "-factor": 2
                },
                "PIPELINE": {
                    "-style": "stp",
                    "-state": "-on"
                }
            }
        },
        "group6": {
            "level": [
                "hist/hist_1",
                "hist/hist_2"
            ],
            "unroll": [
                "hist/hist_1",
                "hist/hist_2"
            ],
            "pipeline": [
                "hist/hist_1",
                "hist/hist_2"
            ],
            "flatten": [
                "hist/hist_1"
            ],
            "hist/hist_1": {
                "UNROLL": {
                    "-factor": 0
                },
                "PIPELINE": {
                    "-style": "stp",
                    "-state": "-on"
                },
                "FLATTEN": {
                    "-state": "-on"
                }
            },
            "hist/hist_2": {
                "UNROLL": {
                    "-factor": 0
                },
                "PIPELINE": {
                    "-style": "stp",
                    "-state": "-on"
                }
            }
        },
        "group7": {
            "level": [
                "update/update_1",
                "update/update_2"
            ],
            "unroll": [
                "update/update_1",
                "update/update_2"
            ],
            "pipeline": [
                "update/update_1",
                "update/update_2"
            ],
            "flatten": [
                "update/update_1"
            ],
            "update/update_1": {
                "UNROLL": {
                    "-factor": 2
                },
                "PIPELINE": {
                    "-style": "stp",
                    "-state": "-off"
                },
                "FLATTEN": {
                    "-state": "-off"
                }
            },
            "update/update_2": {
                "UNROLL": {
                    "-factor": 0
                },
                "PIPELINE": {
                    "-style": "stp",
                    "-state": "-off"
                }
            }
        }
    },
    "Array": {},
    "Interface": {
        "ss_sort a": {
            "PARTITION": {
                "-factor": 0,
                "-type": "cyclic"
            },
            "RESHAPE": {
                "-factor": 0,
                "-type": "block"
            }
        },
        "ss_sort b": {
            "PARTITION": {
                "-factor": 0,
                "-type": "block"
            },
            "RESHAPE": {
                "-factor": 0,
                "-type": "cyclic"
            }
        },
        "ss_sort bucket": {
            "PARTITION": {
                "-factor": 0,
                "-type": "cyclic"
            },
            "RESHAPE": {
                "-factor": 0,
                "-type": "block"
            }
        },
        "ss_sort sum": {
            "PARTITION": {
                "-factor": 2,
                "-type": "block"
            },
            "RESHAPE": {
                "-factor": 0,
                "-type": "block"
            }
        }
    },
    "Operation": {
        "ss_sort/sort_1 exp": {
            "add": {
                "-impl": "dsp",
                "-latency": -1
            }
        },
        "init/init_1 i": {
            "add": {
                "-impl": "dsp",
                "-latency": -1
            }
        },
        "hist/hist_1 blockID": {
            "add": {
                "-impl": "dsp",
                "-latency": -1
            }
        },
        "hist/hist_2 i": {
            "add": {
                "-impl": "dsp",
                "-latency": -1
            }
        },
        "hist/hist_2 bucket_indx": {
            "mul": {
                "-impl": "fabric",
                "-latency": -1
            }
        },
        "hist/hist_2 a_indx": {
            "mul": {
                "-impl": "dsp",
                "-latency": -1
            }
        },
        "local_scan/local_1 radixID": {
            "add": {
                "-impl": "fabric",
                "-latency": -1
            }
        },
        "local_scan/local_2 i": {
            "add": {
                "-impl": "dsp",
                "-latency": -1
            }
        },
        "local_scan/local_2 bucket_indx": {
            "mul": {
                "-impl": "dsp",
                "-latency": -1
            }
        },
        "sum_scan/sum_1 radixID": {
            "add": {
                "-impl": "dsp",
                "-latency": -1
            }
        },
        "sum_scan/sum_1 bucket_indx": {
            "mul": {
                "-impl": "dsp",
                "-latency": -1
            }
        },
        "last_step_scan/last_1 radixID": {
            "add": {
                "-impl": "dsp",
                "-latency": -1
            }
        },
        "last_step_scan/last_2 i": {
            "add": {
                "-impl": "fabric",
                "-latency": -1
            }
        },
        "last_step_scan/last_2 bucket_indx": {
            "mul": {
                "-impl": "dsp",
                "-latency": -1
            }
        },
        "update/update_1 blockID": {
            "add": {
                "-impl": "fabric",
                "-latency": -1
            }
        },
        "update/update_2 bucket_indx": {
            "mul": {
                "-impl": "fabric",
                "-latency": -1
            }
        },
        "update/update_2 i": {
            "add": {
                "-impl": "dsp",
                "-latency": -1
            }
        },
        "update/update_2 a_indx": {
            "mul": {
                "-impl": "fabric",
                "-latency": -1
            }
        }
    }
}