{
    "LATENCY": {
        "best_latency": 274769,
        "worst_latency": 274769,
        "average_latency": 274769,
        "best_time_latency": "2.748 ms",
        "worst_time_latency": "2.748 ms",
        "average_time_latency": "2.748 ms",
        "min_interval": 274770,
        "max_interval": 274770,
        "Latency": 274769
    },
    "HLS": {
        "LUT": 2303,
        "FF": 674,
        "DSP": 0,
        "BRAM": 0,
        "URAM": 0,
        "CP": 6.89
    },
    "SYN": {
        "LUT": 844,
        "FF": 482,
        "DSP": 0,
        "BRAM": 0,
        "URAM": 0,
        "SRL": 0,
        "CP": 3.203
    },
    "IMPL": {
        "LUT": 837,
        "FF": 482,
        "DSP": 0,
        "BRAM": 0,
        "URAM": 0,
        "SRL": 0,
        "CP": 3.696,
        "PWR": 0.25
    }
}