{
    "LATENCY": {
        "best_latency": 274817,
        "worst_latency": 274817,
        "average_latency": 274817,
        "best_time_latency": "2.748 ms",
        "worst_time_latency": "2.748 ms",
        "average_time_latency": "2.748 ms",
        "min_interval": 274818,
        "max_interval": 274818,
        "Latency": 274817
    },
    "HLS": {
        "LUT": 1972,
        "FF": 533,
        "DSP": 0,
        "BRAM": 0,
        "URAM": 0,
        "CP": 6.89
    },
    "SYN": {
        "LUT": 708,
        "FF": 400,
        "DSP": 0,
        "BRAM": 0,
        "URAM": 0,
        "SRL": 0,
        "CP": 2.957
    },
    "IMPL": {
        "LUT": 698,
        "FF": 400,
        "DSP": 0,
        "BRAM": 0,
        "URAM": 0,
        "SRL": 0,
        "CP": 3.667,
        "PWR": 0.248
    }
}