{
    "LATENCY": {
        "best_latency": 311521,
        "worst_latency": 311521,
        "average_latency": 311521,
        "best_time_latency": "3.115 ms",
        "worst_time_latency": "3.115 ms",
        "average_time_latency": "3.115 ms",
        "min_interval": 311522,
        "max_interval": 311522,
        "Latency": 311521
    },
    "HLS": {
        "LUT": 3880,
        "FF": 774,
        "DSP": 0,
        "BRAM": 0,
        "URAM": 0,
        "CP": 7.266
    },
    "SYN": {
        "LUT": 1009,
        "FF": 655,
        "DSP": 0,
        "BRAM": 0,
        "URAM": 0,
        "SRL": 0,
        "CP": 3.531
    },
    "IMPL": {
        "LUT": 1003,
        "FF": 655,
        "DSP": 0,
        "BRAM": 0,
        "URAM": 0,
        "SRL": 0,
        "CP": 4.299,
        "PWR": 0.255
    }
}