{
    "LATENCY": {
        "best_latency": 291169,
        "worst_latency": 291169,
        "average_latency": 291169,
        "best_time_latency": "2.912 ms",
        "worst_time_latency": "2.912 ms",
        "average_time_latency": "2.912 ms",
        "min_interval": 291170,
        "max_interval": 291170,
        "Latency": 291169
    },
    "HLS": {
        "LUT": 2431,
        "FF": 453,
        "DSP": 0,
        "BRAM": 0,
        "URAM": 0,
        "CP": 6.89
    },
    "SYN": {
        "LUT": 811,
        "FF": 381,
        "DSP": 0,
        "BRAM": 0,
        "URAM": 0,
        "SRL": 0,
        "CP": 2.958
    },
    "IMPL": {
        "LUT": 784,
        "FF": 381,
        "DSP": 0,
        "BRAM": 0,
        "URAM": 0,
        "SRL": 0,
        "CP": 3.345,
        "PWR": 0.25
    }
}