{
    "LATENCY": {
        "best_latency": 444785,
        "worst_latency": 477553,
        "average_latency": 461169,
        "best_time_latency": "4.448 ms",
        "worst_time_latency": "4.776 ms",
        "average_time_latency": "4.612 ms",
        "min_interval": 444786,
        "max_interval": 477554,
        "Latency": 461169
    },
    "HLS": {
        "LUT": 13249,
        "FF": 1844,
        "DSP": 0,
        "BRAM": 0,
        "URAM": 0,
        "CP": 6.886
    },
    "SYN": {
        "LUT": 1838,
        "FF": 1613,
        "DSP": 0,
        "BRAM": 0,
        "URAM": 0,
        "SRL": 0,
        "CP": 2.972
    },
    "IMPL": {
        "LUT": 1796,
        "FF": 1613,
        "DSP": 0,
        "BRAM": 0,
        "URAM": 0,
        "SRL": 0,
        "CP": 3.968,
        "PWR": 0.257
    }
}