{
    "LATENCY": {
        "best_latency": 239953,
        "worst_latency": 239953,
        "average_latency": 239953,
        "best_time_latency": "2.400 ms",
        "worst_time_latency": "2.400 ms",
        "average_time_latency": "2.400 ms",
        "min_interval": 239954,
        "max_interval": 239954,
        "Latency": 239953
    },
    "HLS": {
        "LUT": 3984,
        "FF": 646,
        "DSP": 0,
        "BRAM": 0,
        "URAM": 0,
        "CP": 6.978
    },
    "SYN": {
        "LUT": 907,
        "FF": 554,
        "DSP": 0,
        "BRAM": 0,
        "URAM": 0,
        "SRL": 0,
        "CP": 2.725
    },
    "IMPL": {
        "LUT": 894,
        "FF": 554,
        "DSP": 0,
        "BRAM": 0,
        "URAM": 0,
        "SRL": 0,
        "CP": 3.756,
        "PWR": 0.253
    }
}