{
    "LATENCY": {
        "best_latency": 266513,
        "worst_latency": 266513,
        "average_latency": 266513,
        "best_time_latency": "2.665 ms",
        "worst_time_latency": "2.665 ms",
        "average_time_latency": "2.665 ms",
        "min_interval": 266514,
        "max_interval": 266514,
        "Latency": 266513
    },
    "HLS": {
        "LUT": 1938,
        "FF": 444,
        "DSP": 0,
        "BRAM": 0,
        "URAM": 0,
        "CP": 6.89
    },
    "SYN": {
        "LUT": 732,
        "FF": 344,
        "DSP": 0,
        "BRAM": 0,
        "URAM": 0,
        "SRL": 0,
        "CP": 2.583
    },
    "IMPL": {
        "LUT": 728,
        "FF": 344,
        "DSP": 0,
        "BRAM": 0,
        "URAM": 0,
        "SRL": 0,
        "CP": 3.441,
        "PWR": 0.247
    }
}