{
    "LATENCY": {
        "best_latency": 201089,
        "worst_latency": 201089,
        "average_latency": 201089,
        "best_time_latency": "2.011 ms",
        "worst_time_latency": "2.011 ms",
        "average_time_latency": "2.011 ms",
        "min_interval": 201090,
        "max_interval": 201090,
        "Latency": 201089
    },
    "HLS": {
        "LUT": 2991,
        "FF": 1222,
        "DSP": 0,
        "BRAM": 0,
        "URAM": 0,
        "CP": 6.89
    },
    "SYN": {
        "LUT": 1461,
        "FF": 1083,
        "DSP": 0,
        "BRAM": 0,
        "URAM": 0,
        "SRL": 0,
        "CP": 2.726
    },
    "IMPL": {
        "LUT": 1452,
        "FF": 1083,
        "DSP": 0,
        "BRAM": 0,
        "URAM": 0,
        "SRL": 0,
        "CP": 3.422,
        "PWR": 0.254
    }
}