{
    "LATENCY": {
        "best_latency": 244049,
        "worst_latency": 260433,
        "average_latency": 252241,
        "best_time_latency": "2.440 ms",
        "worst_time_latency": "2.604 ms",
        "average_time_latency": "2.522 ms",
        "min_interval": 244050,
        "max_interval": 260434,
        "Latency": 252241
    },
    "HLS": {
        "LUT": 5476,
        "FF": 962,
        "DSP": 0,
        "BRAM": 0,
        "URAM": 0,
        "CP": 6.89
    },
    "SYN": {
        "LUT": 1155,
        "FF": 775,
        "DSP": 0,
        "BRAM": 0,
        "URAM": 0,
        "SRL": 0,
        "CP": 2.743
    },
    "IMPL": {
        "LUT": 1142,
        "FF": 775,
        "DSP": 0,
        "BRAM": 0,
        "URAM": 0,
        "SRL": 0,
        "CP": 3.301,
        "PWR": 0.257
    }
}