{
    "LATENCY": {
        "best_latency": 340241,
        "worst_latency": 340241,
        "average_latency": 340241,
        "best_time_latency": "3.402 ms",
        "worst_time_latency": "3.402 ms",
        "average_time_latency": "3.402 ms",
        "min_interval": 340242,
        "max_interval": 340242,
        "Latency": 340241
    },
    "HLS": {
        "LUT": 2323,
        "FF": 463,
        "DSP": 0,
        "BRAM": 0,
        "URAM": 0,
        "CP": 6.89
    },
    "SYN": {
        "LUT": 829,
        "FF": 384,
        "DSP": 0,
        "BRAM": 0,
        "URAM": 0,
        "SRL": 0,
        "CP": 2.679
    },
    "IMPL": {
        "LUT": 772,
        "FF": 384,
        "DSP": 0,
        "BRAM": 0,
        "URAM": 0,
        "SRL": 0,
        "CP": 3.647,
        "PWR": 0.251
    }
}