{
    "LATENCY": {
        "best_latency": 274721,
        "worst_latency": 274721,
        "average_latency": 274721,
        "best_time_latency": "2.747 ms",
        "worst_time_latency": "2.747 ms",
        "average_time_latency": "2.747 ms",
        "min_interval": 274722,
        "max_interval": 274722,
        "Latency": 274721
    },
    "HLS": {
        "LUT": 2315,
        "FF": 678,
        "DSP": 0,
        "BRAM": 0,
        "URAM": 0,
        "CP": 6.89
    },
    "SYN": {
        "LUT": 887,
        "FF": 475,
        "DSP": 0,
        "BRAM": 0,
        "URAM": 0,
        "SRL": 0,
        "CP": 2.95
    },
    "IMPL": {
        "LUT": 875,
        "FF": 475,
        "DSP": 0,
        "BRAM": 0,
        "URAM": 0,
        "SRL": 0,
        "CP": 4.157,
        "PWR": 0.25
    }
}