{
    "LATENCY": {
        "best_latency": 240033,
        "worst_latency": 240033,
        "average_latency": 240033,
        "best_time_latency": "2.400 ms",
        "worst_time_latency": "2.400 ms",
        "average_time_latency": "2.400 ms",
        "min_interval": 240034,
        "max_interval": 240034,
        "Latency": 240033
    },
    "HLS": {
        "LUT": 5673,
        "FF": 752,
        "DSP": 0,
        "BRAM": 0,
        "URAM": 0,
        "CP": 6.978
    },
    "SYN": {
        "LUT": 940,
        "FF": 634,
        "DSP": 0,
        "BRAM": 0,
        "URAM": 0,
        "SRL": 0,
        "CP": 2.774
    },
    "IMPL": {
        "LUT": 931,
        "FF": 634,
        "DSP": 0,
        "BRAM": 0,
        "URAM": 0,
        "SRL": 0,
        "CP": 3.029,
        "PWR": 0.255
    }
}