{
    "LATENCY": {
        "best_latency": 307569,
        "worst_latency": 307569,
        "average_latency": 307569,
        "best_time_latency": "3.076 ms",
        "worst_time_latency": "3.076 ms",
        "average_time_latency": "3.076 ms",
        "min_interval": 307570,
        "max_interval": 307570,
        "Latency": 307569
    },
    "HLS": {
        "LUT": 2067,
        "FF": 386,
        "DSP": 0,
        "BRAM": 0,
        "URAM": 0,
        "CP": 6.89
    },
    "SYN": {
        "LUT": 657,
        "FF": 327,
        "DSP": 0,
        "BRAM": 0,
        "URAM": 0,
        "SRL": 0,
        "CP": 2.971
    },
    "IMPL": {
        "LUT": 635,
        "FF": 327,
        "DSP": 0,
        "BRAM": 0,
        "URAM": 0,
        "SRL": 0,
        "CP": 3.529,
        "PWR": 0.248
    }
}