{
    "LATENCY": {
        "Latency": 1000
    },
    "HLS": {
        "LUT": 13813,
        "FF": 1494,
        "DSP": 6,
        "BRAM": 0,
        "URAM": 0,
        "CP": 7.259
    },
    "SYN": {
        "LUT": 4194,
        "FF": 1197,
        "DSP": 0,
        "BRAM": 0,
        "URAM": 0,
        "SRL": 0,
        "CP": 5.332
    },
    "IMPL": {
        "LUT": 4163,
        "FF": 1197,
        "DSP": 0,
        "BRAM": 0,
        "URAM": 0,
        "SRL": 0,
        "CP": 6.785,
        "PWR": 0.266
    }
}