{
    "LATENCY": {
        "Latency": 1000
    },
    "HLS": {
        "LUT": 1866,
        "FF": 302,
        "DSP": 0,
        "BRAM": 0,
        "URAM": 0,
        "CP": 6.465
    },
    "SYN": {
        "LUT": 475,
        "FF": 261,
        "DSP": 0,
        "BRAM": 0,
        "URAM": 0,
        "SRL": 0,
        "CP": 2.064
    },
    "IMPL": {
        "LUT": 470,
        "FF": 261,
        "DSP": 0,
        "BRAM": 0,
        "URAM": 0,
        "SRL": 0,
        "CP": 3.004,
        "PWR": 0.247
    }
}