{
    "LATENCY": {
        "Latency": 1000
    },
    "HLS": {
        "LUT": 4183,
        "FF": 1861,
        "DSP": 22,
        "BRAM": 0,
        "URAM": 0,
        "CP": 7.259
    },
    "SYN": {
        "LUT": 1431,
        "FF": 1379,
        "DSP": 20,
        "BRAM": 0,
        "URAM": 0,
        "SRL": 0,
        "CP": 6.619
    },
    "IMPL": {
        "LUT": 1420,
        "FF": 1379,
        "DSP": 20,
        "BRAM": 0,
        "URAM": 0,
        "SRL": 0,
        "CP": 7.192,
        "PWR": 0.273
    }
}