{
    "LATENCY": {
        "Latency": 1000
    },
    "HLS": {
        "LUT": 4577,
        "FF": 1256,
        "DSP": 12,
        "BRAM": 0,
        "URAM": 0,
        "CP": 7.259
    },
    "SYN": {
        "LUT": 1362,
        "FF": 981,
        "DSP": 12,
        "BRAM": 0,
        "URAM": 0,
        "SRL": 0,
        "CP": 6.057
    },
    "IMPL": {
        "LUT": 1315,
        "FF": 981,
        "DSP": 12,
        "BRAM": 0,
        "URAM": 0,
        "SRL": 0,
        "CP": 6.558,
        "PWR": 0.271
    }
}