{
    "LATENCY": {
        "Latency": 1000
    },
    "HLS": {
        "LUT": 11238,
        "FF": 1617,
        "DSP": 22,
        "BRAM": 0,
        "URAM": 0,
        "CP": 7.259
    },
    "SYN": {
        "LUT": 1383,
        "FF": 770,
        "DSP": 19,
        "BRAM": 0,
        "URAM": 0,
        "SRL": 0,
        "CP": 6.619
    },
    "IMPL": {
        "LUT": 1374,
        "FF": 770,
        "DSP": 19,
        "BRAM": 0,
        "URAM": 0,
        "SRL": 0,
        "CP": 7.209,
        "PWR": 0.276
    }
}