{
    "LATENCY": {
        "Latency": 1000
    },
    "HLS": {
        "LUT": 68838,
        "FF": 14478,
        "DSP": 404,
        "BRAM": 0,
        "URAM": 0,
        "CP": 6.282
    },
    "SYN": {
        "LUT": 5213,
        "FF": 3879,
        "DSP": 512,
        "BRAM": 0,
        "URAM": 0,
        "SRL": 0,
        "CP": 5.745
    },
    "IMPL": {
        "LUT": 5155,
        "FF": 3879,
        "DSP": 512,
        "BRAM": 0,
        "URAM": 0,
        "SRL": 0,
        "CP": 7.079,
        "PWR": 0.774
    }
}