{
    "LATENCY": {
        "Latency": 1000
    },
    "HLS": {
        "LUT": 8999,
        "FF": 1020,
        "DSP": 6,
        "BRAM": 0,
        "URAM": 0,
        "CP": 6.465
    },
    "SYN": {
        "LUT": 4731,
        "FF": 841,
        "DSP": 5,
        "BRAM": 0,
        "URAM": 0,
        "SRL": 0,
        "CP": 4.796
    },
    "IMPL": {
        "LUT": 4712,
        "FF": 841,
        "DSP": 5,
        "BRAM": 0,
        "URAM": 0,
        "SRL": 0,
        "CP": 6.489,
        "PWR": 0.335
    }
}