{
    "LATENCY": {
        "Latency": 1000
    },
    "HLS": {
        "LUT": 207842,
        "FF": 29673,
        "DSP": 16,
        "BRAM": 0,
        "URAM": 0,
        "CP": 7.259
    },
    "SYN": {
        "LUT": 29740,
        "FF": 28899,
        "DSP": 6,
        "BRAM": 0,
        "URAM": 0,
        "SRL": 0,
        "CP": 5.247
    },
    "IMPL": {
        "LUT": 28896,
        "FF": 28899,
        "DSP": 6,
        "BRAM": 0,
        "URAM": 0,
        "SRL": 0,
        "CP": 9.248,
        "PWR": 0.723
    }
}