{
    "LATENCY": {
        "Latency": 1000
    },
    "HLS": {
        "LUT": 69749,
        "FF": 10349,
        "DSP": 0,
        "BRAM": 0,
        "URAM": 0,
        "CP": 6.808
    },
    "SYN": {
        "LUT": 42323,
        "FF": 9082,
        "DSP": 0,
        "BRAM": 0,
        "URAM": 0,
        "SRL": 0,
        "CP": 5.246
    },
    "IMPL": {
        "LUT": 42113,
        "FF": 9082,
        "DSP": 0,
        "BRAM": 0,
        "URAM": 0,
        "SRL": 0,
        "CP": 9.355,
        "PWR": 0.294
    }
}