{
    "LATENCY": {
        "Latency": 1000
    },
    "HLS": {
        "LUT": 16822,
        "FF": 1542,
        "DSP": 0,
        "BRAM": 0,
        "URAM": 0,
        "CP": 6.974
    },
    "SYN": {
        "LUT": 4696,
        "FF": 1392,
        "DSP": 0,
        "BRAM": 0,
        "URAM": 0,
        "SRL": 0,
        "CP": 4.796
    },
    "IMPL": {
        "LUT": 4658,
        "FF": 1392,
        "DSP": 0,
        "BRAM": 0,
        "URAM": 0,
        "SRL": 0,
        "CP": 6.695,
        "PWR": 0.307
    }
}