{
    "LATENCY": {
        "Latency": 1000
    },
    "HLS": {
        "LUT": 9712,
        "FF": 1192,
        "DSP": 6,
        "BRAM": 0,
        "URAM": 0,
        "CP": 7.259
    },
    "SYN": {
        "LUT": 3778,
        "FF": 987,
        "DSP": 0,
        "BRAM": 0,
        "URAM": 0,
        "SRL": 0,
        "CP": 5.247
    },
    "IMPL": {
        "LUT": 3733,
        "FF": 987,
        "DSP": 0,
        "BRAM": 0,
        "URAM": 0,
        "SRL": 0,
        "CP": 6.988,
        "PWR": 0.268
    }
}