{
    "LATENCY": {
        "Latency": 1000
    },
    "HLS": {
        "LUT": 52833,
        "FF": 5532,
        "DSP": 70,
        "BRAM": 0,
        "URAM": 0,
        "CP": 6.886
    },
    "SYN": {
        "LUT": 22201,
        "FF": 3660,
        "DSP": 45,
        "BRAM": 0,
        "URAM": 0,
        "SRL": 0,
        "CP": 4.803
    },
    "IMPL": {
        "LUT": 21580,
        "FF": 3660,
        "DSP": 45,
        "BRAM": 0,
        "URAM": 0,
        "SRL": 0,
        "CP": 9.363,
        "PWR": 0.461
    }
}