{
    "LATENCY": {
        "Latency": 1000
    },
    "HLS": {
        "LUT": 9267,
        "FF": 1152,
        "DSP": 6,
        "BRAM": 0,
        "URAM": 0,
        "CP": 7.259
    },
    "SYN": {
        "LUT": 1345,
        "FF": 914,
        "DSP": 6,
        "BRAM": 0,
        "URAM": 0,
        "SRL": 0,
        "CP": 6.057
    },
    "IMPL": {
        "LUT": 1326,
        "FF": 914,
        "DSP": 6,
        "BRAM": 0,
        "URAM": 0,
        "SRL": 0,
        "CP": 6.132,
        "PWR": 0.27
    }
}