{
    "LATENCY": {
        "Latency": 1000
    },
    "HLS": {
        "LUT": 8308,
        "FF": 2909,
        "DSP": 16,
        "BRAM": 0,
        "URAM": 0,
        "CP": 7.259
    },
    "SYN": {
        "LUT": 4574,
        "FF": 2437,
        "DSP": 8,
        "BRAM": 0,
        "URAM": 0,
        "SRL": 0,
        "CP": 5.247
    },
    "IMPL": {
        "LUT": 4323,
        "FF": 2437,
        "DSP": 8,
        "BRAM": 0,
        "URAM": 0,
        "SRL": 0,
        "CP": 7.077,
        "PWR": 0.29
    }
}