{
    "LATENCY": {
        "Latency": 1000
    },
    "HLS": {
        "LUT": 46189,
        "FF": 6806,
        "DSP": 5,
        "BRAM": 0,
        "URAM": 0,
        "CP": 6.465
    },
    "SYN": {
        "LUT": 5855,
        "FF": 5360,
        "DSP": 4,
        "BRAM": 0,
        "URAM": 0,
        "SRL": 0,
        "CP": 4.876
    },
    "IMPL": {
        "LUT": 5742,
        "FF": 5360,
        "DSP": 4,
        "BRAM": 0,
        "URAM": 0,
        "SRL": 0,
        "CP": 6.621,
        "PWR": 0.281
    }
}