{
    "LATENCY": {
        "Latency": 1000
    },
    "HLS": {
        "LUT": 21781,
        "FF": 6771,
        "DSP": 6,
        "BRAM": 0,
        "URAM": 0,
        "CP": 7.259
    },
    "SYN": {
        "LUT": 6361,
        "FF": 5567,
        "DSP": 0,
        "BRAM": 0,
        "URAM": 0,
        "SRL": 0,
        "CP": 5.351
    },
    "IMPL": {
        "LUT": 6319,
        "FF": 5567,
        "DSP": 0,
        "BRAM": 0,
        "URAM": 0,
        "SRL": 0,
        "CP": 8.161,
        "PWR": 0.279
    }
}