{
    "LATENCY": {
        "Latency": 1000
    },
    "HLS": {
        "LUT": 45018,
        "FF": 6908,
        "DSP": 84,
        "BRAM": 0,
        "URAM": 0,
        "CP": 6.465
    },
    "SYN": {
        "LUT": 7193,
        "FF": 4716,
        "DSP": 168,
        "BRAM": 0,
        "URAM": 0,
        "SRL": 0,
        "CP": 5.183
    },
    "IMPL": {
        "LUT": 6953,
        "FF": 4716,
        "DSP": 168,
        "BRAM": 0,
        "URAM": 0,
        "SRL": 0,
        "CP": 8.462,
        "PWR": 0.471
    }
}