{
    "LATENCY": {
        "Latency": 1000
    },
    "HLS": {
        "LUT": 12849,
        "FF": 1011,
        "DSP": 10,
        "BRAM": 0,
        "URAM": 0,
        "CP": 6.282
    },
    "SYN": {
        "LUT": 3481,
        "FF": 647,
        "DSP": 7,
        "BRAM": 0,
        "URAM": 0,
        "SRL": 0,
        "CP": 4.796
    },
    "IMPL": {
        "LUT": 3426,
        "FF": 647,
        "DSP": 7,
        "BRAM": 0,
        "URAM": 0,
        "SRL": 0,
        "CP": 6.802,
        "PWR": 0.297
    }
}