{
    "LATENCY": {
        "Latency": 1000
    },
    "HLS": {
        "LUT": 6545,
        "FF": 899,
        "DSP": 0,
        "BRAM": 0,
        "URAM": 0,
        "CP": 6.282
    },
    "SYN": {
        "LUT": 3460,
        "FF": 799,
        "DSP": 0,
        "BRAM": 0,
        "URAM": 0,
        "SRL": 0,
        "CP": 4.796
    },
    "IMPL": {
        "LUT": 3420,
        "FF": 799,
        "DSP": 0,
        "BRAM": 0,
        "URAM": 0,
        "SRL": 0,
        "CP": 7.107,
        "PWR": 0.276
    }
}