{
    "LATENCY": {
        "Latency": 1000
    },
    "HLS": {
        "LUT": 140647,
        "FF": 12549,
        "DSP": 0,
        "BRAM": 0,
        "URAM": 0,
        "CP": 6.886
    },
    "SYN": {
        "LUT": 76962,
        "FF": 13029,
        "DSP": 0,
        "BRAM": 0,
        "URAM": 0,
        "SRL": 0,
        "CP": 5.266
    },
    "IMPL": {
        "LUT": 76670,
        "FF": 13029,
        "DSP": 0,
        "BRAM": 0,
        "URAM": 0,
        "SRL": 0,
        "CP": 9.811,
        "PWR": 0.678
    }
}