{
    "LATENCY": {
        "Latency": 1000
    },
    "HLS": {
        "LUT": 71945,
        "FF": 14652,
        "DSP": 0,
        "BRAM": 0,
        "URAM": 0,
        "CP": 6.978
    },
    "SYN": {
        "LUT": 17171,
        "FF": 14232,
        "DSP": 0,
        "BRAM": 0,
        "URAM": 0,
        "SRL": 0,
        "CP": 4.796
    },
    "IMPL": {
        "LUT": 17118,
        "FF": 14226,
        "DSP": 0,
        "BRAM": 0,
        "URAM": 0,
        "SRL": 0,
        "CP": 7.993,
        "PWR": 0.335
    }
}