{
    "LATENCY": {
        "Latency": 1000
    },
    "HLS": {
        "LUT": 10581,
        "FF": 1880,
        "DSP": 12,
        "BRAM": 0,
        "URAM": 0,
        "CP": 6.808
    },
    "SYN": {
        "LUT": 1838,
        "FF": 1069,
        "DSP": 24,
        "BRAM": 0,
        "URAM": 0,
        "SRL": 0,
        "CP": 5.183
    },
    "IMPL": {
        "LUT": 1702,
        "FF": 1069,
        "DSP": 24,
        "BRAM": 0,
        "URAM": 0,
        "SRL": 0,
        "CP": 5.127,
        "PWR": 0.285
    }
}