{
    "LATENCY": {
        "Latency": 1000
    },
    "HLS": {
        "LUT": 9467,
        "FF": 977,
        "DSP": 12,
        "BRAM": 0,
        "URAM": 0,
        "CP": 7.259
    },
    "SYN": {
        "LUT": 1369,
        "FF": 655,
        "DSP": 12,
        "BRAM": 0,
        "URAM": 0,
        "SRL": 0,
        "CP": 6.057
    },
    "IMPL": {
        "LUT": 1359,
        "FF": 655,
        "DSP": 12,
        "BRAM": 0,
        "URAM": 0,
        "SRL": 0,
        "CP": 6.22,
        "PWR": 0.273
    }
}