{
    "LATENCY": {
        "Latency": 1000
    },
    "HLS": {
        "LUT": 15270,
        "FF": 11094,
        "DSP": 289,
        "BRAM": 0,
        "URAM": 0,
        "CP": 7.259
    },
    "SYN": {
        "LUT": 5585,
        "FF": 6053,
        "DSP": 254,
        "BRAM": 0,
        "URAM": 0,
        "SRL": 0,
        "CP": 6.619
    },
    "IMPL": {
        "LUT": 5502,
        "FF": 6053,
        "DSP": 254,
        "BRAM": 0,
        "URAM": 0,
        "SRL": 0,
        "CP": 9.56,
        "PWR": 0.516
    }
}