{
    "LATENCY": {
        "Latency": 1000
    },
    "HLS": {
        "LUT": 49004,
        "FF": 7449,
        "DSP": 0,
        "BRAM": 0,
        "URAM": 0,
        "CP": 6.465
    },
    "SYN": {
        "LUT": 7656,
        "FF": 7162,
        "DSP": 0,
        "BRAM": 0,
        "URAM": 0,
        "SRL": 0,
        "CP": 4.894
    },
    "IMPL": {
        "LUT": 7605,
        "FF": 7162,
        "DSP": 0,
        "BRAM": 0,
        "URAM": 0,
        "SRL": 0,
        "CP": 8.88,
        "PWR": 0.322
    }
}