{
    "LATENCY": {
        "Latency": 1000
    },
    "HLS": {
        "LUT": 5606,
        "FF": 1217,
        "DSP": 10,
        "BRAM": 0,
        "URAM": 0,
        "CP": 6.822
    },
    "SYN": {
        "LUT": 3264,
        "FF": 804,
        "DSP": 8,
        "BRAM": 0,
        "URAM": 0,
        "SRL": 0,
        "CP": 4.796
    },
    "IMPL": {
        "LUT": 3248,
        "FF": 804,
        "DSP": 8,
        "BRAM": 0,
        "URAM": 0,
        "SRL": 0,
        "CP": 6.67,
        "PWR": 0.291
    }
}