{
    "LATENCY": {
        "Latency": 1000
    },
    "HLS": {
        "LUT": 19632,
        "FF": 4857,
        "DSP": 84,
        "BRAM": 0,
        "URAM": 0,
        "CP": 7.259
    },
    "SYN": {
        "LUT": 27651,
        "FF": 4953,
        "DSP": 0,
        "BRAM": 0,
        "URAM": 0,
        "SRL": 0,
        "CP": 5.254
    },
    "IMPL": {
        "LUT": 27531,
        "FF": 4953,
        "DSP": 0,
        "BRAM": 0,
        "URAM": 0,
        "SRL": 0,
        "CP": 9.921,
        "PWR": 0.431
    }
}