{
    "LATENCY": {
        "Latency": 1000
    },
    "HLS": {
        "LUT": 9816,
        "FF": 3781,
        "DSP": 6,
        "BRAM": 0,
        "URAM": 0,
        "CP": 7.259
    },
    "SYN": {
        "LUT": 2391,
        "FF": 2725,
        "DSP": 6,
        "BRAM": 0,
        "URAM": 0,
        "SRL": 0,
        "CP": 6.057
    },
    "IMPL": {
        "LUT": 2370,
        "FF": 2725,
        "DSP": 6,
        "BRAM": 0,
        "URAM": 0,
        "SRL": 0,
        "CP": 6.279,
        "PWR": 0.263
    }
}