{
    "LATENCY": {
        "Latency": 1000
    },
    "HLS": {
        "LUT": 67326,
        "FF": 8211,
        "DSP": 107,
        "BRAM": 0,
        "URAM": 0,
        "CP": 6.465
    },
    "SYN": {
        "LUT": 38436,
        "FF": 4793,
        "DSP": 95,
        "BRAM": 0,
        "URAM": 0,
        "SRL": 0,
        "CP": 4.803
    },
    "IMPL": {
        "LUT": 38148,
        "FF": 4793,
        "DSP": 95,
        "BRAM": 0,
        "URAM": 0,
        "SRL": 0,
        "CP": 9.793,
        "PWR": 0.808
    }
}