{
    "LATENCY": {
        "Latency": 1000
    },
    "HLS": {
        "LUT": 15505,
        "FF": 3706,
        "DSP": 94,
        "BRAM": 0,
        "URAM": 0,
        "CP": 7.259
    },
    "SYN": {
        "LUT": 17286,
        "FF": 1904,
        "DSP": 48,
        "BRAM": 0,
        "URAM": 0,
        "SRL": 0,
        "CP": 5.254
    },
    "IMPL": {
        "LUT": 17198,
        "FF": 1904,
        "DSP": 48,
        "BRAM": 0,
        "URAM": 0,
        "SRL": 0,
        "CP": 8.434,
        "PWR": 0.527
    }
}