{
    "LATENCY": {
        "Latency": 1000
    },
    "HLS": {
        "LUT": 14599,
        "FF": 3943,
        "DSP": 44,
        "BRAM": 0,
        "URAM": 0,
        "CP": 7.259
    },
    "SYN": {
        "LUT": 4954,
        "FF": 2598,
        "DSP": 42,
        "BRAM": 0,
        "URAM": 0,
        "SRL": 0,
        "CP": 6.619
    },
    "IMPL": {
        "LUT": 4618,
        "FF": 2598,
        "DSP": 42,
        "BRAM": 0,
        "URAM": 0,
        "SRL": 0,
        "CP": 7.26,
        "PWR": 0.3
    }
}