{
    "LATENCY": {
        "Latency": 1000
    },
    "HLS": {
        "LUT": 8136,
        "FF": 1370,
        "DSP": 22,
        "BRAM": 0,
        "URAM": 0,
        "CP": 7.259
    },
    "SYN": {
        "LUT": 1218,
        "FF": 652,
        "DSP": 18,
        "BRAM": 0,
        "URAM": 0,
        "SRL": 0,
        "CP": 6.619
    },
    "IMPL": {
        "LUT": 1037,
        "FF": 652,
        "DSP": 18,
        "BRAM": 0,
        "URAM": 0,
        "SRL": 0,
        "CP": 7.493,
        "PWR": 0.272
    }
}