{
    "LATENCY": {
        "Latency": 1000
    },
    "HLS": {
        "LUT": 11637,
        "FF": 1424,
        "DSP": 12,
        "BRAM": 0,
        "URAM": 0,
        "CP": 7.259
    },
    "SYN": {
        "LUT": 1582,
        "FF": 1124,
        "DSP": 12,
        "BRAM": 0,
        "URAM": 0,
        "SRL": 0,
        "CP": 6.057
    },
    "IMPL": {
        "LUT": 1573,
        "FF": 1124,
        "DSP": 12,
        "BRAM": 0,
        "URAM": 0,
        "SRL": 0,
        "CP": 6.381,
        "PWR": 0.271
    }
}