{
    "LATENCY": {
        "Latency": 1000
    },
    "HLS": {
        "LUT": 5939,
        "FF": 2190,
        "DSP": 5,
        "BRAM": 0,
        "URAM": 0,
        "CP": 6.886
    },
    "SYN": {
        "LUT": 2995,
        "FF": 1880,
        "DSP": 3,
        "BRAM": 0,
        "URAM": 0,
        "SRL": 0,
        "CP": 4.778
    },
    "IMPL": {
        "LUT": 2918,
        "FF": 1880,
        "DSP": 3,
        "BRAM": 0,
        "URAM": 0,
        "SRL": 0,
        "CP": 6.196,
        "PWR": 0.276
    }
}