{
    "LATENCY": {
        "Latency": 1000
    },
    "HLS": {
        "LUT": 4288,
        "FF": 692,
        "DSP": 0,
        "BRAM": 0,
        "URAM": 0,
        "CP": 6.886
    },
    "SYN": {
        "LUT": 796,
        "FF": 532,
        "DSP": 0,
        "BRAM": 0,
        "URAM": 0,
        "SRL": 0,
        "CP": 2.225
    },
    "IMPL": {
        "LUT": 786,
        "FF": 532,
        "DSP": 0,
        "BRAM": 0,
        "URAM": 0,
        "SRL": 0,
        "CP": 4.24,
        "PWR": 0.251
    }
}