{
    "LATENCY": {
        "Latency": 1000
    },
    "HLS": {
        "LUT": 12280,
        "FF": 2084,
        "DSP": 0,
        "BRAM": 0,
        "URAM": 0,
        "CP": 6.465
    },
    "SYN": {
        "LUT": 5500,
        "FF": 1877,
        "DSP": 0,
        "BRAM": 0,
        "URAM": 0,
        "SRL": 0,
        "CP": 4.796
    },
    "IMPL": {
        "LUT": 5403,
        "FF": 1877,
        "DSP": 0,
        "BRAM": 0,
        "URAM": 0,
        "SRL": 0,
        "CP": 6.595,
        "PWR": 0.304
    }
}