{
    "LATENCY": {
        "Latency": 1000
    },
    "HLS": {
        "LUT": 35049,
        "FF": 6979,
        "DSP": 10,
        "BRAM": 0,
        "URAM": 0,
        "CP": 6.886
    },
    "SYN": {
        "LUT": 10789,
        "FF": 6010,
        "DSP": 6,
        "BRAM": 0,
        "URAM": 0,
        "SRL": 0,
        "CP": 4.88
    },
    "IMPL": {
        "LUT": 10591,
        "FF": 6010,
        "DSP": 6,
        "BRAM": 0,
        "URAM": 0,
        "SRL": 0,
        "CP": 8.304,
        "PWR": 0.447
    }
}