{
    "LATENCY": {
        "Latency": 1000
    },
    "HLS": {
        "LUT": 16431,
        "FF": 1686,
        "DSP": 12,
        "BRAM": 0,
        "URAM": 0,
        "CP": 7.259
    },
    "SYN": {
        "LUT": 6776,
        "FF": 1597,
        "DSP": 0,
        "BRAM": 0,
        "URAM": 0,
        "SRL": 0,
        "CP": 5.502
    },
    "IMPL": {
        "LUT": 6748,
        "FF": 1597,
        "DSP": 0,
        "BRAM": 0,
        "URAM": 0,
        "SRL": 0,
        "CP": 8.132,
        "PWR": 0.373
    }
}