{
    "LATENCY": {
        "Latency": 1000
    },
    "HLS": {
        "LUT": 10088,
        "FF": 1831,
        "DSP": 6,
        "BRAM": 0,
        "URAM": 0,
        "CP": 7.259
    },
    "SYN": {
        "LUT": 4307,
        "FF": 1682,
        "DSP": 0,
        "BRAM": 0,
        "URAM": 0,
        "SRL": 0,
        "CP": 5.247
    },
    "IMPL": {
        "LUT": 4256,
        "FF": 1682,
        "DSP": 0,
        "BRAM": 0,
        "URAM": 0,
        "SRL": 0,
        "CP": 6.987,
        "PWR": 0.286
    }
}