{
    "LATENCY": {
        "Latency": 1000
    },
    "HLS": {
        "LUT": 6882,
        "FF": 1341,
        "DSP": 10,
        "BRAM": 0,
        "URAM": 0,
        "CP": 7.152
    },
    "SYN": {
        "LUT": 3636,
        "FF": 631,
        "DSP": 9,
        "BRAM": 0,
        "URAM": 0,
        "SRL": 0,
        "CP": 5.227
    },
    "IMPL": {
        "LUT": 3509,
        "FF": 631,
        "DSP": 9,
        "BRAM": 0,
        "URAM": 0,
        "SRL": 0,
        "CP": 6.973,
        "PWR": 0.294
    }
}