{
    "LATENCY": {
        "Latency": 1000
    },
    "HLS": {
        "LUT": 13221,
        "FF": 1559,
        "DSP": 0,
        "BRAM": 0,
        "URAM": 0,
        "CP": 7.152
    },
    "SYN": {
        "LUT": 3836,
        "FF": 1346,
        "DSP": 0,
        "BRAM": 0,
        "URAM": 0,
        "SRL": 0,
        "CP": 5.227
    },
    "IMPL": {
        "LUT": 3808,
        "FF": 1346,
        "DSP": 0,
        "BRAM": 0,
        "URAM": 0,
        "SRL": 0,
        "CP": 6.916,
        "PWR": 0.277
    }
}