{
    "Option": {
        "INLINE": {
            "-off": [],
            "-recursive": []
        },
        "PIPELINE": {
            "-style": []
        },
        "UNROLL": {
            "-factor": []
        },
        "PARTITION": {
            "-factor": [],
            "-type": []
        },
        "RESHAPE": {
            "-factor": [],
            "-type": []
        },
        "STORAGE": {
            "-type": [],
            "-impl": [],
            "-latency": []
        }
    },
    "Function": {},
    "Loop": {
        "group1": {
            "level": [
                "viterbi/L_init"
            ],
            "unroll": [
                "viterbi/L_init"
            ],
            "pipeline": [
                "viterbi/L_init"
            ],
            "flatten": [
                null
            ],
            "viterbi/L_init": {
                "UNROLL": {
                    "-factor": 0
                },
                "PIPELINE": {
                    "-style": "stp",
                    "-state": "-on"
                }
            }
        },
        "group2": {
            "level": [
                "viterbi/L_end"
            ],
            "unroll": [
                "viterbi/L_end"
            ],
            "pipeline": [
                "viterbi/L_end"
            ],
            "flatten": [
                null
            ],
            "viterbi/L_end": {
                "UNROLL": {
                    "-factor": 2
                },
                "PIPELINE": {
                    "-style": "stp",
                    "-state": "-on"
                }
            }
        },
        "group3": {
            "level": [
                "viterbi/L_backtrack",
                "viterbi/L_state"
            ],
            "unroll": [
                "viterbi/L_backtrack",
                "viterbi/L_state"
            ],
            "pipeline": [
                "viterbi/L_backtrack",
                "viterbi/L_state"
            ],
            "flatten": [
                null
            ],
            "viterbi/L_backtrack": {
                "UNROLL": {
                    "-factor": 0
                },
                "PIPELINE": {
                    "-style": "stp",
                    "-state": "-off"
                }
            },
            "viterbi/L_state": {
                "UNROLL": {
                    "-factor": 0
                },
                "PIPELINE": {
                    "-style": "stp",
                    "-state": "-off"
                }
            }
        },
        "group4": {
            "level": [
                "viterbi/L_timestep",
                "viterbi/L_curr_state",
                "viterbi/L_prev_state"
            ],
            "unroll": [
                "viterbi/L_timestep",
                "viterbi/L_curr_state",
                "viterbi/L_prev_state"
            ],
            "pipeline": [
                "viterbi/L_curr_state",
                "viterbi/L_prev_state"
            ],
            "flatten": [
                "viterbi/L_timestep"
            ],
            "viterbi/L_timestep": {
                "UNROLL": {
                    "-factor": 0
                },
                "FLATTEN": {
                    "-state": "-off"
                }
            },
            "viterbi/L_curr_state": {
                "UNROLL": {
                    "-factor": 2
                },
                "PIPELINE": {
                    "-style": "stp",
                    "-state": "-off"
                }
            },
            "viterbi/L_prev_state": {
                "UNROLL": {
                    "-factor": 2
                },
                "PIPELINE": {
                    "-style": "stp",
                    "-state": "-off"
                }
            }
        }
    },
    "Array": {
        "viterbi llike": {
            "PARTITION": {
                "-factor": 2,
                "-type": "block"
            },
            "RESHAPE": {
                "-factor": 0,
                "-type": "block"
            },
            "STORAGE": {
                "-type": "ram_1p",
                "-impl": "bram",
                "-latency": -1
            }
        }
    },
    "Interface": {
        "viterbi obs": {
            "PARTITION": {
                "-factor": 0,
                "-type": "block"
            },
            "RESHAPE": {
                "-factor": 0,
                "-type": "cyclic"
            }
        },
        "viterbi init": {
            "PARTITION": {
                "-factor": 2,
                "-type": "cyclic"
            },
            "RESHAPE": {
                "-factor": 2,
                "-type": "cyclic"
            }
        },
        "viterbi transition": {
            "PARTITION": {
                "-factor": 0,
                "-type": "block"
            },
            "RESHAPE": {
                "-factor": 0,
                "-type": "block"
            }
        },
        "viterbi emission": {
            "PARTITION": {
                "-factor": 2,
                "-type": "block"
            },
            "RESHAPE": {
                "-factor": 0,
                "-type": "cyclic"
            }
        },
        "viterbi path": {
            "PARTITION": {
                "-factor": 2,
                "-type": "block"
            },
            "RESHAPE": {
                "-factor": 2,
                "-type": "block"
            }
        }
    },
    "Operation": {
        "viterbi/L_timestep t": {
            "add": {
                "-impl": "dsp",
                "-latency": -1
            }
        },
        "viterbi/L_backtrack t": {
            "sub": {
                "-impl": "fabric",
                "-latency": -1
            }
        },
        "viterbi/L_prev_state prev": {
            "add": {
                "-impl": "dsp",
                "-latency": -1
            }
        },
        "viterbi/L_curr_state curr": {
            "add": {
                "-impl": "dsp",
                "-latency": -1
            }
        },
        "viterbi/L_init s": {
            "add": {
                "-impl": "fabric",
                "-latency": -1
            }
        },
        "viterbi/L_end s": {
            "add": {
                "-impl": "fabric",
                "-latency": -1
            }
        },
        "viterbi/L_state s": {
            "add": {
                "-impl": "dsp",
                "-latency": -1
            }
        },
        "viterbi/L_curr_state min_p": {
            "dadd": {
                "-impl": "fabric",
                "-latency": -1
            }
        },
        "viterbi/L_backtrack min_p": {
            "dadd": {
                "-impl": "fulldsp",
                "-latency": -1
            }
        },
        "viterbi/L_prev_state p": {
            "dadd": {
                "-impl": "fulldsp",
                "-latency": -1
            }
        },
        "viterbi/L_state p": {
            "dadd": {
                "-impl": "fabric",
                "-latency": -1
            }
        }
    }
}