{
    "LATENCY": {
        "best_latency": 307247,
        "worst_latency": 307247,
        "average_latency": 307247,
        "best_time_latency": "3.072 ms",
        "worst_time_latency": "3.072 ms",
        "average_time_latency": "3.072 ms",
        "min_interval": 307248,
        "max_interval": 307248,
        "Latency": 307247
    },
    "HLS": {
        "LUT": 18443,
        "FF": 15943,
        "DSP": 3,
        "BRAM": 64,
        "URAM": 0,
        "CP": 7.355
    },
    "SYN": {
        "LUT": 18882,
        "FF": 15633,
        "DSP": 5,
        "BRAM": 64,
        "URAM": 0,
        "SRL": 9,
        "CP": 5.864
    },
    "IMPL": {
        "LUT": 18664,
        "FF": 15623,
        "DSP": 5,
        "BRAM": 64,
        "URAM": 0,
        "SRL": 7,
        "CP": 8.85,
        "PWR": 0.472
    }
}