{
    "LATENCY": {
        "best_latency": 844504,
        "worst_latency": 844504,
        "average_latency": 844504,
        "best_time_latency": "8.445 ms",
        "worst_time_latency": "8.445 ms",
        "average_time_latency": "8.445 ms",
        "min_interval": 844505,
        "max_interval": 844505,
        "Latency": 844504
    },
    "HLS": {
        "LUT": 94759,
        "FF": 37861,
        "DSP": 51,
        "BRAM": 60,
        "URAM": 0,
        "CP": 7.448
    },
    "SYN": {
        "LUT": 29185,
        "FF": 32312,
        "DSP": 73,
        "BRAM": 64,
        "URAM": 0,
        "SRL": 26,
        "CP": 7.223
    },
    "IMPL": {
        "LUT": 28782,
        "FF": 32306,
        "DSP": 73,
        "BRAM": 64,
        "URAM": 0,
        "SRL": 26,
        "CP": 9.426,
        "PWR": 0.624
    }
}