{
    "LATENCY": {
        "best_latency": 6660030,
        "worst_latency": 6660030,
        "average_latency": 6660030,
        "best_time_latency": "66.600 ms",
        "worst_time_latency": "66.600 ms",
        "average_time_latency": "66.600 ms",
        "min_interval": 6660031,
        "max_interval": 6660031,
        "Latency": 6660030
    },
    "HLS": {
        "LUT": 91304,
        "FF": 35453,
        "DSP": 3,
        "BRAM": 60,
        "URAM": 0,
        "CP": 7.448
    },
    "SYN": {
        "LUT": 31281,
        "FF": 34590,
        "DSP": 9,
        "BRAM": 64,
        "URAM": 0,
        "SRL": 33,
        "CP": 5.864
    },
    "IMPL": {
        "LUT": 30918,
        "FF": 34586,
        "DSP": 9,
        "BRAM": 64,
        "URAM": 0,
        "SRL": 32,
        "CP": 9.412,
        "PWR": 0.622
    }
}