{
    "LATENCY": {
        "best_latency": 6897022,
        "worst_latency": 6897022,
        "average_latency": 6897022,
        "best_time_latency": "68.970 ms",
        "worst_time_latency": "68.970 ms",
        "average_time_latency": "68.970 ms",
        "min_interval": 6897023,
        "max_interval": 6897023,
        "Latency": 6897022
    },
    "HLS": {
        "LUT": 8484,
        "FF": 2486,
        "DSP": 6,
        "BRAM": 64,
        "URAM": 0,
        "CP": 7.139
    },
    "SYN": {
        "LUT": 2833,
        "FF": 2042,
        "DSP": 8,
        "BRAM": 64,
        "URAM": 0,
        "SRL": 0,
        "CP": 5.864
    },
    "IMPL": {
        "LUT": 2757,
        "FF": 2038,
        "DSP": 8,
        "BRAM": 64,
        "URAM": 0,
        "SRL": 0,
        "CP": 7.223,
        "PWR": 0.409
    }
}