{
    "LATENCY": {
        "best_latency": 794756,
        "worst_latency": 794766,
        "average_latency": 794762,
        "best_time_latency": "7.948 ms",
        "worst_time_latency": "7.948 ms",
        "average_time_latency": "7.948 ms",
        "min_interval": 794757,
        "max_interval": 794767,
        "Latency": 794762
    },
    "HLS": {
        "LUT": 9287,
        "FF": 3650,
        "DSP": 3,
        "BRAM": 64,
        "URAM": 0,
        "CP": 6.291
    },
    "SYN": {
        "LUT": 3815,
        "FF": 2815,
        "DSP": 3,
        "BRAM": 64,
        "URAM": 0,
        "SRL": 18,
        "CP": 5.864
    },
    "IMPL": {
        "LUT": 3708,
        "FF": 2809,
        "DSP": 3,
        "BRAM": 64,
        "URAM": 0,
        "SRL": 14,
        "CP": 7.487,
        "PWR": 0.381
    }
}