{
    "LATENCY": {
        "best_latency": 794774,
        "worst_latency": 794785,
        "average_latency": 794780,
        "best_time_latency": "7.948 ms",
        "worst_time_latency": "7.948 ms",
        "average_time_latency": "7.948 ms",
        "min_interval": 794775,
        "max_interval": 794786,
        "Latency": 794780
    },
    "HLS": {
        "LUT": 11091,
        "FF": 3986,
        "DSP": 3,
        "BRAM": 64,
        "URAM": 0,
        "CP": 6.291
    },
    "SYN": {
        "LUT": 4174,
        "FF": 3271,
        "DSP": 3,
        "BRAM": 64,
        "URAM": 0,
        "SRL": 18,
        "CP": 5.864
    },
    "IMPL": {
        "LUT": 4052,
        "FF": 3265,
        "DSP": 3,
        "BRAM": 64,
        "URAM": 0,
        "SRL": 14,
        "CP": 7.821,
        "PWR": 0.366
    }
}