{
    "LATENCY": {
        "best_latency": 101100,
        "worst_latency": 101100,
        "average_latency": 101100,
        "best_time_latency": "1.011 ms",
        "worst_time_latency": "1.011 ms",
        "average_time_latency": "1.011 ms",
        "min_interval": 101101,
        "max_interval": 101101,
        "Latency": 101100
    },
    "HLS": {
        "LUT": 33147,
        "FF": 28384,
        "DSP": 3,
        "BRAM": 384,
        "URAM": 0,
        "CP": 7.15
    },
    "SYN": {
        "LUT": 32427,
        "FF": 28810,
        "DSP": 3,
        "BRAM": 384,
        "URAM": 0,
        "SRL": 1887,
        "CP": 5.864
    },
    "IMPL": {
        "LUT": 31132,
        "FF": 28823,
        "DSP": 3,
        "BRAM": 384,
        "URAM": 0,
        "SRL": 946,
        "CP": 9.909,
        "PWR": 0.851
    }
}