{
    "LATENCY": {
        "best_latency": 7003899,
        "worst_latency": 7003909,
        "average_latency": 7003905,
        "best_time_latency": "70.039 ms",
        "worst_time_latency": "70.039 ms",
        "average_time_latency": "70.039 ms",
        "min_interval": 7003900,
        "max_interval": 7003910,
        "Latency": 7003905
    },
    "HLS": {
        "LUT": 10801,
        "FF": 4782,
        "DSP": 9,
        "BRAM": 64,
        "URAM": 0,
        "CP": 7.139
    },
    "SYN": {
        "LUT": 4161,
        "FF": 3754,
        "DSP": 14,
        "BRAM": 64,
        "URAM": 0,
        "SRL": 18,
        "CP": 5.864
    },
    "IMPL": {
        "LUT": 4037,
        "FF": 3748,
        "DSP": 14,
        "BRAM": 64,
        "URAM": 0,
        "SRL": 14,
        "CP": 7.842,
        "PWR": 0.391
    }
}