{
    "LATENCY": {
        "best_latency": 892821,
        "worst_latency": 892821,
        "average_latency": 892821,
        "best_time_latency": "8.928 ms",
        "worst_time_latency": "8.928 ms",
        "average_time_latency": "8.928 ms",
        "min_interval": 892822,
        "max_interval": 892822,
        "Latency": 892821
    },
    "HLS": {
        "LUT": 10778,
        "FF": 3491,
        "DSP": 3,
        "BRAM": 64,
        "URAM": 0,
        "CP": 6.539
    },
    "SYN": {
        "LUT": 3760,
        "FF": 2872,
        "DSP": 7,
        "BRAM": 64,
        "URAM": 0,
        "SRL": 11,
        "CP": 5.864
    },
    "IMPL": {
        "LUT": 3682,
        "FF": 2866,
        "DSP": 7,
        "BRAM": 64,
        "URAM": 0,
        "SRL": 9,
        "CP": 7.5,
        "PWR": 0.408
    }
}