{
    "LATENCY": {
        "best_latency": 875157,
        "worst_latency": 875157,
        "average_latency": 875157,
        "best_time_latency": "8.752 ms",
        "worst_time_latency": "8.752 ms",
        "average_time_latency": "8.752 ms",
        "min_interval": 875158,
        "max_interval": 875158,
        "Latency": 875157
    },
    "HLS": {
        "LUT": 8307,
        "FF": 3051,
        "DSP": 3,
        "BRAM": 64,
        "URAM": 0,
        "CP": 6.539
    },
    "SYN": {
        "LUT": 3455,
        "FF": 2639,
        "DSP": 4,
        "BRAM": 64,
        "URAM": 0,
        "SRL": 11,
        "CP": 5.864
    },
    "IMPL": {
        "LUT": 3345,
        "FF": 2633,
        "DSP": 4,
        "BRAM": 64,
        "URAM": 0,
        "SRL": 9,
        "CP": 7.013,
        "PWR": 0.426
    }
}