{
    "LATENCY": {
        "Latency": 1000
    },
    "HLS": {
        "LUT": 36632,
        "FF": 5319,
        "DSP": 186,
        "BRAM": 0,
        "URAM": 0,
        "CP": 6.282
    },
    "SYN": {
        "LUT": 3202,
        "FF": 1435,
        "DSP": 241,
        "BRAM": 0,
        "URAM": 0,
        "SRL": 0,
        "CP": 5.745
    },
    "IMPL": {
        "LUT": 3022,
        "FF": 1435,
        "DSP": 241,
        "BRAM": 0,
        "URAM": 0,
        "SRL": 0,
        "CP": 8.407,
        "PWR": 0.514
    }
}