{
    "LATENCY": {
        "Latency": 1000
    },
    "HLS": {
        "LUT": 100628,
        "FF": 21107,
        "DSP": 102,
        "BRAM": 0,
        "URAM": 0,
        "CP": 7.259
    },
    "SYN": {
        "LUT": 28879,
        "FF": 18688,
        "DSP": 49,
        "BRAM": 0,
        "URAM": 0,
        "SRL": 0,
        "CP": 5.254
    },
    "IMPL": {
        "LUT": 28510,
        "FF": 18688,
        "DSP": 49,
        "BRAM": 0,
        "URAM": 0,
        "SRL": 0,
        "CP": 9.19,
        "PWR": 0.503
    }
}