{
    "LATENCY": {
        "Latency": 1000
    },
    "HLS": {
        "LUT": 4047,
        "FF": 1875,
        "DSP": 24,
        "BRAM": 0,
        "URAM": 0,
        "CP": 7.259
    },
    "SYN": {
        "LUT": 1682,
        "FF": 1476,
        "DSP": 24,
        "BRAM": 0,
        "URAM": 0,
        "SRL": 0,
        "CP": 6.057
    },
    "IMPL": {
        "LUT": 1610,
        "FF": 1476,
        "DSP": 24,
        "BRAM": 0,
        "URAM": 0,
        "SRL": 0,
        "CP": 6.69,
        "PWR": 0.286
    }
}