{
    "LATENCY": {
        "Latency": 1000
    },
    "HLS": {
        "LUT": 6057,
        "FF": 963,
        "DSP": 6,
        "BRAM": 0,
        "URAM": 0,
        "CP": 7.259
    },
    "SYN": {
        "LUT": 945,
        "FF": 578,
        "DSP": 6,
        "BRAM": 0,
        "URAM": 0,
        "SRL": 0,
        "CP": 6.057
    },
    "IMPL": {
        "LUT": 938,
        "FF": 578,
        "DSP": 6,
        "BRAM": 0,
        "URAM": 0,
        "SRL": 0,
        "CP": 6.235,
        "PWR": 0.265
    }
}