{
    "LATENCY": {
        "Latency": 1000
    },
    "HLS": {
        "LUT": 2480,
        "FF": 533,
        "DSP": 8,
        "BRAM": 0,
        "URAM": 0,
        "CP": 6.862
    },
    "SYN": {
        "LUT": 438,
        "FF": 253,
        "DSP": 10,
        "BRAM": 0,
        "URAM": 0,
        "SRL": 0,
        "CP": 4.671
    },
    "IMPL": {
        "LUT": 432,
        "FF": 253,
        "DSP": 10,
        "BRAM": 0,
        "URAM": 0,
        "SRL": 0,
        "CP": 4.833,
        "PWR": 0.254
    }
}