{
    "LATENCY": {
        "Latency": 1000
    },
    "HLS": {
        "LUT": 70125,
        "FF": 16908,
        "DSP": 207,
        "BRAM": 0,
        "URAM": 0,
        "CP": 7.259
    },
    "SYN": {
        "LUT": 38958,
        "FF": 13045,
        "DSP": 92,
        "BRAM": 0,
        "URAM": 0,
        "SRL": 0,
        "CP": 5.266
    },
    "IMPL": {
        "LUT": 38535,
        "FF": 13045,
        "DSP": 92,
        "BRAM": 0,
        "URAM": 0,
        "SRL": 0,
        "CP": 9.671,
        "PWR": 0.869
    }
}