{
    "LATENCY": {
        "Latency": 1000
    },
    "HLS": {
        "LUT": 767,
        "FF": 103,
        "DSP": 0,
        "BRAM": 0,
        "URAM": 0,
        "CP": 6.465
    },
    "SYN": {
        "LUT": 117,
        "FF": 72,
        "DSP": 0,
        "BRAM": 0,
        "URAM": 0,
        "SRL": 0,
        "CP": 1.334
    },
    "IMPL": {
        "LUT": 115,
        "FF": 72,
        "DSP": 0,
        "BRAM": 0,
        "URAM": 0,
        "SRL": 0,
        "CP": 1.924,
        "PWR": 0.243
    }
}