{
    "LATENCY": {
        "Latency": 1000
    },
    "HLS": {
        "LUT": 18513,
        "FF": 6203,
        "DSP": 95,
        "BRAM": 0,
        "URAM": 0,
        "CP": 7.259
    },
    "SYN": {
        "LUT": 20244,
        "FF": 4218,
        "DSP": 43,
        "BRAM": 0,
        "URAM": 0,
        "SRL": 0,
        "CP": 5.711
    },
    "IMPL": {
        "LUT": 20101,
        "FF": 4218,
        "DSP": 43,
        "BRAM": 0,
        "URAM": 0,
        "SRL": 0,
        "CP": 9.357,
        "PWR": 0.468
    }
}