{
    "LATENCY": {
        "Latency": 1000
    },
    "HLS": {
        "LUT": 18845,
        "FF": 801,
        "DSP": 11,
        "BRAM": 0,
        "URAM": 0,
        "CP": 7.259
    },
    "SYN": {
        "LUT": 1480,
        "FF": 462,
        "DSP": 10,
        "BRAM": 0,
        "URAM": 0,
        "SRL": 0,
        "CP": 6.619
    },
    "IMPL": {
        "LUT": 1352,
        "FF": 462,
        "DSP": 10,
        "BRAM": 0,
        "URAM": 0,
        "SRL": 0,
        "CP": 6.766,
        "PWR": 0.259
    }
}