{
    "LATENCY": {
        "Latency": 1000
    },
    "HLS": {
        "LUT": 11877,
        "FF": 1314,
        "DSP": 6,
        "BRAM": 0,
        "URAM": 0,
        "CP": 7.259
    },
    "SYN": {
        "LUT": 3973,
        "FF": 1244,
        "DSP": 0,
        "BRAM": 0,
        "URAM": 0,
        "SRL": 0,
        "CP": 5.247
    },
    "IMPL": {
        "LUT": 3939,
        "FF": 1244,
        "DSP": 0,
        "BRAM": 0,
        "URAM": 0,
        "SRL": 0,
        "CP": 6.936,
        "PWR": 0.277
    }
}