{
    "LATENCY": {
        "Latency": 1000
    },
    "HLS": {
        "LUT": 1963,
        "FF": 616,
        "DSP": 2,
        "BRAM": 0,
        "URAM": 0,
        "CP": 7.108
    },
    "SYN": {
        "LUT": 760,
        "FF": 479,
        "DSP": 2,
        "BRAM": 0,
        "URAM": 0,
        "SRL": 0,
        "CP": 4.33
    },
    "IMPL": {
        "LUT": 757,
        "FF": 479,
        "DSP": 2,
        "BRAM": 0,
        "URAM": 0,
        "SRL": 0,
        "CP": 5.941,
        "PWR": 0.251
    }
}