{
    "LATENCY": {
        "Latency": 1000
    },
    "HLS": {
        "LUT": 2181,
        "FF": 576,
        "DSP": 4,
        "BRAM": 0,
        "URAM": 0,
        "CP": 7.043
    },
    "SYN": {
        "LUT": 801,
        "FF": 456,
        "DSP": 4,
        "BRAM": 0,
        "URAM": 0,
        "SRL": 0,
        "CP": 3.273
    },
    "IMPL": {
        "LUT": 782,
        "FF": 456,
        "DSP": 4,
        "BRAM": 0,
        "URAM": 0,
        "SRL": 0,
        "CP": 4.105,
        "PWR": 0.252
    }
}