{
    "LATENCY": {
        "Latency": 1000
    },
    "HLS": {
        "LUT": 3155,
        "FF": 1154,
        "DSP": 4,
        "BRAM": 0,
        "URAM": 0,
        "CP": 7.043
    },
    "SYN": {
        "LUT": 1309,
        "FF": 957,
        "DSP": 4,
        "BRAM": 0,
        "URAM": 0,
        "SRL": 0,
        "CP": 4.687
    },
    "IMPL": {
        "LUT": 1265,
        "FF": 957,
        "DSP": 4,
        "BRAM": 0,
        "URAM": 0,
        "SRL": 0,
        "CP": 6.297,
        "PWR": 0.266
    }
}