{
    "LATENCY": {
        "Latency": 1000
    },
    "HLS": {
        "LUT": 2211,
        "FF": 778,
        "DSP": 3,
        "BRAM": 0,
        "URAM": 0,
        "CP": 6.812
    },
    "SYN": {
        "LUT": 838,
        "FF": 558,
        "DSP": 3,
        "BRAM": 0,
        "URAM": 0,
        "SRL": 0,
        "CP": 5.145
    },
    "IMPL": {
        "LUT": 831,
        "FF": 558,
        "DSP": 3,
        "BRAM": 0,
        "URAM": 0,
        "SRL": 0,
        "CP": 6.586,
        "PWR": 0.254
    }
}