{
    "LATENCY": {
        "Latency": 1000
    },
    "HLS": {
        "LUT": 4115,
        "FF": 2160,
        "DSP": 5,
        "BRAM": 0,
        "URAM": 0,
        "CP": 7.108
    },
    "SYN": {
        "LUT": 1232,
        "FF": 1032,
        "DSP": 6,
        "BRAM": 0,
        "URAM": 0,
        "SRL": 127,
        "CP": 5.818
    },
    "IMPL": {
        "LUT": 1143,
        "FF": 1032,
        "DSP": 6,
        "BRAM": 0,
        "URAM": 0,
        "SRL": 68,
        "CP": 5.945,
        "PWR": 0.265
    }
}