{
    "LATENCY": {
        "Latency": 1000
    },
    "HLS": {
        "LUT": 7933,
        "FF": 2326,
        "DSP": 13,
        "BRAM": 0,
        "URAM": 0,
        "CP": 7.14
    },
    "SYN": {
        "LUT": 1623,
        "FF": 1385,
        "DSP": 15,
        "BRAM": 0,
        "URAM": 0,
        "SRL": 4,
        "CP": 5.948
    },
    "IMPL": {
        "LUT": 1606,
        "FF": 1385,
        "DSP": 15,
        "BRAM": 0,
        "URAM": 0,
        "SRL": 4,
        "CP": 7.425,
        "PWR": 0.27
    }
}