{
    "LATENCY": {
        "Latency": 1000
    },
    "HLS": {
        "LUT": 2167,
        "FF": 624,
        "DSP": 4,
        "BRAM": 0,
        "URAM": 0,
        "CP": 7.043
    },
    "SYN": {
        "LUT": 959,
        "FF": 567,
        "DSP": 4,
        "BRAM": 0,
        "URAM": 0,
        "SRL": 0,
        "CP": 3.753
    },
    "IMPL": {
        "LUT": 947,
        "FF": 567,
        "DSP": 4,
        "BRAM": 0,
        "URAM": 0,
        "SRL": 0,
        "CP": 4.384,
        "PWR": 0.257
    }
}