{
    "LATENCY": {
        "Latency": 1000
    },
    "HLS": {
        "LUT": 2222,
        "FF": 583,
        "DSP": 4,
        "BRAM": 0,
        "URAM": 0,
        "CP": 6.526
    },
    "SYN": {
        "LUT": 1067,
        "FF": 542,
        "DSP": 4,
        "BRAM": 0,
        "URAM": 0,
        "SRL": 0,
        "CP": 3.776
    },
    "IMPL": {
        "LUT": 1056,
        "FF": 542,
        "DSP": 4,
        "BRAM": 0,
        "URAM": 0,
        "SRL": 0,
        "CP": 4.244,
        "PWR": 0.256
    }
}