{
    "LATENCY": {
        "Latency": 1000
    },
    "HLS": {
        "LUT": 9897,
        "FF": 1719,
        "DSP": 6,
        "BRAM": 0,
        "URAM": 0,
        "CP": 6.978
    },
    "SYN": {
        "LUT": 2021,
        "FF": 1308,
        "DSP": 6,
        "BRAM": 0,
        "URAM": 0,
        "SRL": 0,
        "CP": 4.707
    },
    "IMPL": {
        "LUT": 1999,
        "FF": 1308,
        "DSP": 6,
        "BRAM": 0,
        "URAM": 0,
        "SRL": 0,
        "CP": 6.253,
        "PWR": 0.26
    }
}