{
    "LATENCY": {
        "Latency": 1000
    },
    "HLS": {
        "LUT": 1646,
        "FF": 594,
        "DSP": 2,
        "BRAM": 0,
        "URAM": 0,
        "CP": 7.108
    },
    "SYN": {
        "LUT": 702,
        "FF": 514,
        "DSP": 2,
        "BRAM": 0,
        "URAM": 0,
        "SRL": 0,
        "CP": 3.243
    },
    "IMPL": {
        "LUT": 698,
        "FF": 514,
        "DSP": 2,
        "BRAM": 0,
        "URAM": 0,
        "SRL": 0,
        "CP": 3.988,
        "PWR": 0.251
    }
}