{
    "LATENCY": {
        "Latency": 1000
    },
    "HLS": {
        "LUT": 1441,
        "FF": 576,
        "DSP": 2,
        "BRAM": 0,
        "URAM": 0,
        "CP": 7.043
    },
    "SYN": {
        "LUT": 636,
        "FF": 496,
        "DSP": 2,
        "BRAM": 0,
        "URAM": 0,
        "SRL": 0,
        "CP": 3.007
    },
    "IMPL": {
        "LUT": 632,
        "FF": 496,
        "DSP": 2,
        "BRAM": 0,
        "URAM": 0,
        "SRL": 0,
        "CP": 3.889,
        "PWR": 0.249
    }
}