{
    "LATENCY": {
        "Latency": 1000
    },
    "HLS": {
        "LUT": 5736,
        "FF": 2650,
        "DSP": 11,
        "BRAM": 0,
        "URAM": 0,
        "CP": 7.199
    },
    "SYN": {
        "LUT": 1407,
        "FF": 1015,
        "DSP": 11,
        "BRAM": 0,
        "URAM": 0,
        "SRL": 57,
        "CP": 3.686
    },
    "IMPL": {
        "LUT": 1322,
        "FF": 1015,
        "DSP": 11,
        "BRAM": 0,
        "URAM": 0,
        "SRL": 38,
        "CP": 4.823,
        "PWR": 0.269
    }
}