{
    "LATENCY": {
        "Latency": 1000
    },
    "HLS": {
        "LUT": 2104,
        "FF": 772,
        "DSP": 3,
        "BRAM": 0,
        "URAM": 0,
        "CP": 6.812
    },
    "SYN": {
        "LUT": 914,
        "FF": 584,
        "DSP": 3,
        "BRAM": 0,
        "URAM": 0,
        "SRL": 0,
        "CP": 5.145
    },
    "IMPL": {
        "LUT": 908,
        "FF": 584,
        "DSP": 3,
        "BRAM": 0,
        "URAM": 0,
        "SRL": 0,
        "CP": 6.312,
        "PWR": 0.253
    }
}