{
    "LATENCY": {
        "Latency": 1000
    },
    "HLS": {
        "LUT": 1876,
        "FF": 658,
        "DSP": 3,
        "BRAM": 0,
        "URAM": 0,
        "CP": 7.043
    },
    "SYN": {
        "LUT": 723,
        "FF": 593,
        "DSP": 3,
        "BRAM": 0,
        "URAM": 0,
        "SRL": 0,
        "CP": 3.043
    },
    "IMPL": {
        "LUT": 704,
        "FF": 593,
        "DSP": 3,
        "BRAM": 0,
        "URAM": 0,
        "SRL": 0,
        "CP": 3.845,
        "PWR": 0.255
    }
}