{
    "LATENCY": {
        "Latency": 1000
    },
    "HLS": {
        "LUT": 2799,
        "FF": 687,
        "DSP": 3,
        "BRAM": 0,
        "URAM": 0,
        "CP": 7.043
    },
    "SYN": {
        "LUT": 1018,
        "FF": 654,
        "DSP": 3,
        "BRAM": 0,
        "URAM": 0,
        "SRL": 0,
        "CP": 2.997
    },
    "IMPL": {
        "LUT": 999,
        "FF": 654,
        "DSP": 3,
        "BRAM": 0,
        "URAM": 0,
        "SRL": 0,
        "CP": 4.242,
        "PWR": 0.258
    }
}