{
    "LATENCY": {
        "Latency": 1000
    },
    "HLS": {
        "LUT": 7620,
        "FF": 3646,
        "DSP": 15,
        "BRAM": 0,
        "URAM": 0,
        "CP": 7.199
    },
    "SYN": {
        "LUT": 1767,
        "FF": 1482,
        "DSP": 15,
        "BRAM": 0,
        "URAM": 0,
        "SRL": 61,
        "CP": 3.686
    },
    "IMPL": {
        "LUT": 1661,
        "FF": 1482,
        "DSP": 15,
        "BRAM": 0,
        "URAM": 0,
        "SRL": 42,
        "CP": 5.139,
        "PWR": 0.28
    }
}