{
    "LATENCY": {
        "Latency": 1000
    },
    "HLS": {
        "LUT": 8874,
        "FF": 2577,
        "DSP": 12,
        "BRAM": 0,
        "URAM": 0,
        "CP": 6.978
    },
    "SYN": {
        "LUT": 1737,
        "FF": 1568,
        "DSP": 12,
        "BRAM": 0,
        "URAM": 0,
        "SRL": 7,
        "CP": 4.707
    },
    "IMPL": {
        "LUT": 1727,
        "FF": 1568,
        "DSP": 12,
        "BRAM": 0,
        "URAM": 0,
        "SRL": 7,
        "CP": 6.148,
        "PWR": 0.269
    }
}