{
    "LATENCY": {
        "Latency": 1000
    },
    "HLS": {
        "LUT": 2144,
        "FF": 705,
        "DSP": 3,
        "BRAM": 0,
        "URAM": 0,
        "CP": 7.043
    },
    "SYN": {
        "LUT": 899,
        "FF": 597,
        "DSP": 3,
        "BRAM": 0,
        "URAM": 0,
        "SRL": 0,
        "CP": 2.839
    },
    "IMPL": {
        "LUT": 892,
        "FF": 597,
        "DSP": 3,
        "BRAM": 0,
        "URAM": 0,
        "SRL": 0,
        "CP": 3.737,
        "PWR": 0.256
    }
}