{
    "LATENCY": {
        "Latency": 1000
    },
    "HLS": {
        "LUT": 2533,
        "FF": 1143,
        "DSP": 1,
        "BRAM": 0,
        "URAM": 0,
        "CP": 7.043
    },
    "SYN": {
        "LUT": 1142,
        "FF": 962,
        "DSP": 1,
        "BRAM": 0,
        "URAM": 0,
        "SRL": 0,
        "CP": 3.661
    },
    "IMPL": {
        "LUT": 1130,
        "FF": 962,
        "DSP": 1,
        "BRAM": 0,
        "URAM": 0,
        "SRL": 0,
        "CP": 4.636,
        "PWR": 0.263
    }
}