{
    "LATENCY": {
        "Latency": 1000
    },
    "HLS": {
        "LUT": 8293,
        "FF": 1604,
        "DSP": 6,
        "BRAM": 0,
        "URAM": 0,
        "CP": 7.039
    },
    "SYN": {
        "LUT": 1288,
        "FF": 1025,
        "DSP": 7,
        "BRAM": 0,
        "URAM": 0,
        "SRL": 2,
        "CP": 5.818
    },
    "IMPL": {
        "LUT": 1280,
        "FF": 1025,
        "DSP": 7,
        "BRAM": 0,
        "URAM": 0,
        "SRL": 2,
        "CP": 6.554,
        "PWR": 0.265
    }
}