{
    "LATENCY": {
        "Latency": 1000
    },
    "HLS": {
        "LUT": 2460,
        "FF": 627,
        "DSP": 1,
        "BRAM": 0,
        "URAM": 0,
        "CP": 7.108
    },
    "SYN": {
        "LUT": 809,
        "FF": 543,
        "DSP": 1,
        "BRAM": 0,
        "URAM": 0,
        "SRL": 0,
        "CP": 5.299
    },
    "IMPL": {
        "LUT": 801,
        "FF": 543,
        "DSP": 1,
        "BRAM": 0,
        "URAM": 0,
        "SRL": 0,
        "CP": 7.158,
        "PWR": 0.251
    }
}