{
    "LATENCY": {
        "Latency": 1000
    },
    "HLS": {
        "LUT": 5410,
        "FF": 3619,
        "DSP": 8,
        "BRAM": 0,
        "URAM": 0,
        "CP": 7.039
    },
    "SYN": {
        "LUT": 1768,
        "FF": 1447,
        "DSP": 10,
        "BRAM": 0,
        "URAM": 0,
        "SRL": 34,
        "CP": 5.818
    },
    "IMPL": {
        "LUT": 1753,
        "FF": 1447,
        "DSP": 10,
        "BRAM": 0,
        "URAM": 0,
        "SRL": 30,
        "CP": 6.643,
        "PWR": 0.278
    }
}