{
    "LATENCY": {
        "Latency": 1000
    },
    "HLS": {
        "LUT": 2269,
        "FF": 746,
        "DSP": 5,
        "BRAM": 0,
        "URAM": 0,
        "CP": 7.011
    },
    "SYN": {
        "LUT": 1023,
        "FF": 689,
        "DSP": 5,
        "BRAM": 0,
        "URAM": 0,
        "SRL": 0,
        "CP": 3.566
    },
    "IMPL": {
        "LUT": 946,
        "FF": 689,
        "DSP": 5,
        "BRAM": 0,
        "URAM": 0,
        "SRL": 0,
        "CP": 5.074,
        "PWR": 0.271
    }
}