{
    "LATENCY": {
        "Latency": 1000
    },
    "HLS": {
        "LUT": 1893,
        "FF": 736,
        "DSP": 2,
        "BRAM": 0,
        "URAM": 0,
        "CP": 7.043
    },
    "SYN": {
        "LUT": 787,
        "FF": 603,
        "DSP": 2,
        "BRAM": 0,
        "URAM": 0,
        "SRL": 0,
        "CP": 4.687
    },
    "IMPL": {
        "LUT": 763,
        "FF": 603,
        "DSP": 2,
        "BRAM": 0,
        "URAM": 0,
        "SRL": 0,
        "CP": 5.381,
        "PWR": 0.253
    }
}