{
    "LATENCY": {
        "Latency": 1000
    },
    "HLS": {
        "LUT": 4401,
        "FF": 3609,
        "DSP": 17,
        "BRAM": 0,
        "URAM": 0,
        "CP": 7.139
    },
    "SYN": {
        "LUT": 1461,
        "FF": 1587,
        "DSP": 31,
        "BRAM": 0,
        "URAM": 0,
        "SRL": 6,
        "CP": 7.223
    },
    "IMPL": {
        "LUT": 1424,
        "FF": 1587,
        "DSP": 31,
        "BRAM": 0,
        "URAM": 0,
        "SRL": 6,
        "CP": 7.479,
        "PWR": 0.283
    }
}