{
    "LATENCY": {
        "Latency": 1000
    },
    "HLS": {
        "LUT": 1636,
        "FF": 589,
        "DSP": 2,
        "BRAM": 0,
        "URAM": 0,
        "CP": 7.043
    },
    "SYN": {
        "LUT": 622,
        "FF": 509,
        "DSP": 2,
        "BRAM": 0,
        "URAM": 0,
        "SRL": 0,
        "CP": 3.014
    },
    "IMPL": {
        "LUT": 619,
        "FF": 509,
        "DSP": 2,
        "BRAM": 0,
        "URAM": 0,
        "SRL": 0,
        "CP": 3.837,
        "PWR": 0.251
    }
}