{
    "LATENCY": {
        "Latency": 1000
    },
    "HLS": {
        "LUT": 1869,
        "FF": 634,
        "DSP": 3,
        "BRAM": 0,
        "URAM": 0,
        "CP": 7.043
    },
    "SYN": {
        "LUT": 801,
        "FF": 529,
        "DSP": 3,
        "BRAM": 0,
        "URAM": 0,
        "SRL": 0,
        "CP": 3.35
    },
    "IMPL": {
        "LUT": 794,
        "FF": 529,
        "DSP": 3,
        "BRAM": 0,
        "URAM": 0,
        "SRL": 0,
        "CP": 4.701,
        "PWR": 0.254
    }
}