{
    "LATENCY": {
        "Latency": 1000
    },
    "HLS": {
        "LUT": 3835,
        "FF": 1769,
        "DSP": 8,
        "BRAM": 0,
        "URAM": 0,
        "CP": 7.108
    },
    "SYN": {
        "LUT": 1049,
        "FF": 1065,
        "DSP": 10,
        "BRAM": 0,
        "URAM": 0,
        "SRL": 4,
        "CP": 5.818
    },
    "IMPL": {
        "LUT": 1044,
        "FF": 1065,
        "DSP": 10,
        "BRAM": 0,
        "URAM": 0,
        "SRL": 4,
        "CP": 6.558,
        "PWR": 0.263
    }
}