{
    "LATENCY": {
        "Latency": 1000
    },
    "HLS": {
        "LUT": 10462,
        "FF": 2647,
        "DSP": 0,
        "BRAM": 0,
        "URAM": 0,
        "CP": 5.482
    },
    "SYN": {
        "LUT": 1689,
        "FF": 1878,
        "DSP": 0,
        "BRAM": 0,
        "URAM": 0,
        "SRL": 2,
        "CP": 3.537
    },
    "IMPL": {
        "LUT": 1673,
        "FF": 1878,
        "DSP": 0,
        "BRAM": 0,
        "URAM": 0,
        "SRL": 2,
        "CP": 5.61,
        "PWR": 0.261
    }
}