{
    "LATENCY": {
        "Latency": 1000
    },
    "HLS": {
        "LUT": 3008,
        "FF": 752,
        "DSP": 0,
        "BRAM": 0,
        "URAM": 0,
        "CP": 6.822
    },
    "SYN": {
        "LUT": 612,
        "FF": 742,
        "DSP": 0,
        "BRAM": 0,
        "URAM": 0,
        "SRL": 0,
        "CP": 3.568
    },
    "IMPL": {
        "LUT": 608,
        "FF": 742,
        "DSP": 0,
        "BRAM": 0,
        "URAM": 0,
        "SRL": 0,
        "CP": 5.51,
        "PWR": 0.252
    }
}