{
    "LATENCY": {
        "Latency": 1000
    },
    "HLS": {
        "LUT": 3870,
        "FF": 1818,
        "DSP": 0,
        "BRAM": 0,
        "URAM": 0,
        "CP": 6.9
    },
    "SYN": {
        "LUT": 1097,
        "FF": 1784,
        "DSP": 0,
        "BRAM": 0,
        "URAM": 0,
        "SRL": 0,
        "CP": 3.479
    },
    "IMPL": {
        "LUT": 1082,
        "FF": 1784,
        "DSP": 0,
        "BRAM": 0,
        "URAM": 0,
        "SRL": 0,
        "CP": 4.96,
        "PWR": 0.252
    }
}