{
    "LATENCY": {
        "Latency": 1000
    },
    "HLS": {
        "LUT": 963,
        "FF": 1027,
        "DSP": 0,
        "BRAM": 0,
        "URAM": 0,
        "CP": 5.393
    },
    "SYN": {
        "LUT": 726,
        "FF": 1027,
        "DSP": 0,
        "BRAM": 0,
        "URAM": 0,
        "SRL": 0,
        "CP": 3.019
    },
    "IMPL": {
        "LUT": 717,
        "FF": 1027,
        "DSP": 0,
        "BRAM": 0,
        "URAM": 0,
        "SRL": 0,
        "CP": 5.553,
        "PWR": 0.249
    }
}