{
    "LATENCY": {
        "Latency": 1000
    },
    "HLS": {
        "LUT": 3380,
        "FF": 655,
        "DSP": 0,
        "BRAM": 0,
        "URAM": 0,
        "CP": 5.393
    },
    "SYN": {
        "LUT": 518,
        "FF": 647,
        "DSP": 0,
        "BRAM": 0,
        "URAM": 0,
        "SRL": 0,
        "CP": 4.415
    },
    "IMPL": {
        "LUT": 515,
        "FF": 647,
        "DSP": 0,
        "BRAM": 0,
        "URAM": 0,
        "SRL": 0,
        "CP": 5.866,
        "PWR": 0.25
    }
}