{
    "LATENCY": {
        "Latency": 1000
    },
    "HLS": {
        "LUT": 10195,
        "FF": 1283,
        "DSP": 0,
        "BRAM": 0,
        "URAM": 0,
        "CP": 6.822
    },
    "SYN": {
        "LUT": 1210,
        "FF": 1161,
        "DSP": 0,
        "BRAM": 0,
        "URAM": 0,
        "SRL": 2,
        "CP": 2.983
    },
    "IMPL": {
        "LUT": 1196,
        "FF": 1161,
        "DSP": 0,
        "BRAM": 0,
        "URAM": 0,
        "SRL": 2,
        "CP": 4.247,
        "PWR": 0.255
    }
}