{
    "LATENCY": {
        "Latency": 1000
    },
    "HLS": {
        "LUT": 2098,
        "FF": 722,
        "DSP": 0,
        "BRAM": 0,
        "URAM": 0,
        "CP": 6.904
    },
    "SYN": {
        "LUT": 517,
        "FF": 723,
        "DSP": 0,
        "BRAM": 0,
        "URAM": 0,
        "SRL": 0,
        "CP": 4.401
    },
    "IMPL": {
        "LUT": 511,
        "FF": 723,
        "DSP": 0,
        "BRAM": 0,
        "URAM": 0,
        "SRL": 0,
        "CP": 5.392,
        "PWR": 0.253
    }
}