{
    "LATENCY": {
        "Latency": 1000
    },
    "HLS": {
        "LUT": 13117,
        "FF": 3342,
        "DSP": 0,
        "BRAM": 0,
        "URAM": 0,
        "CP": 6.904
    },
    "SYN": {
        "LUT": 1959,
        "FF": 3202,
        "DSP": 0,
        "BRAM": 0,
        "URAM": 0,
        "SRL": 2,
        "CP": 3.542
    },
    "IMPL": {
        "LUT": 1921,
        "FF": 3202,
        "DSP": 0,
        "BRAM": 0,
        "URAM": 0,
        "SRL": 2,
        "CP": 6.438,
        "PWR": 0.262
    }
}