{
    "LATENCY": {
        "Latency": 1000
    },
    "HLS": {
        "LUT": 4899,
        "FF": 1683,
        "DSP": 0,
        "BRAM": 0,
        "URAM": 0,
        "CP": 6.539
    },
    "SYN": {
        "LUT": 1260,
        "FF": 1247,
        "DSP": 0,
        "BRAM": 0,
        "URAM": 0,
        "SRL": 2,
        "CP": 4.05
    },
    "IMPL": {
        "LUT": 1252,
        "FF": 1247,
        "DSP": 0,
        "BRAM": 0,
        "URAM": 0,
        "SRL": 2,
        "CP": 6.065,
        "PWR": 0.255
    }
}