{
    "LATENCY": {
        "Latency": 1000
    },
    "HLS": {
        "LUT": 13051,
        "FF": 2893,
        "DSP": 0,
        "BRAM": 0,
        "URAM": 0,
        "CP": 6.904
    },
    "SYN": {
        "LUT": 1769,
        "FF": 2036,
        "DSP": 0,
        "BRAM": 0,
        "URAM": 0,
        "SRL": 2,
        "CP": 2.968
    },
    "IMPL": {
        "LUT": 1755,
        "FF": 2036,
        "DSP": 0,
        "BRAM": 0,
        "URAM": 0,
        "SRL": 2,
        "CP": 4.511,
        "PWR": 0.258
    }
}