{
    "LATENCY": {
        "Latency": 1000
    },
    "HLS": {
        "LUT": 12585,
        "FF": 2476,
        "DSP": 0,
        "BRAM": 0,
        "URAM": 0,
        "CP": 6.904
    },
    "SYN": {
        "LUT": 2082,
        "FF": 2345,
        "DSP": 0,
        "BRAM": 0,
        "URAM": 0,
        "SRL": 2,
        "CP": 4.409
    },
    "IMPL": {
        "LUT": 2065,
        "FF": 2345,
        "DSP": 0,
        "BRAM": 0,
        "URAM": 0,
        "SRL": 2,
        "CP": 6.59,
        "PWR": 0.261
    }
}