{
    "LATENCY": {
        "Latency": 1000
    },
    "HLS": {
        "LUT": 9255,
        "FF": 2645,
        "DSP": 0,
        "BRAM": 0,
        "URAM": 0,
        "CP": 6.9
    },
    "SYN": {
        "LUT": 1717,
        "FF": 1941,
        "DSP": 0,
        "BRAM": 0,
        "URAM": 0,
        "SRL": 0,
        "CP": 3.602
    },
    "IMPL": {
        "LUT": 1709,
        "FF": 1941,
        "DSP": 0,
        "BRAM": 0,
        "URAM": 0,
        "SRL": 0,
        "CP": 6.136,
        "PWR": 0.265
    }
}