{
    "LATENCY": {
        "Latency": 1000
    },
    "HLS": {
        "LUT": 1661,
        "FF": 642,
        "DSP": 0,
        "BRAM": 0,
        "URAM": 0,
        "CP": 6.9
    },
    "SYN": {
        "LUT": 589,
        "FF": 636,
        "DSP": 0,
        "BRAM": 0,
        "URAM": 0,
        "SRL": 0,
        "CP": 2.806
    },
    "IMPL": {
        "LUT": 585,
        "FF": 636,
        "DSP": 0,
        "BRAM": 0,
        "URAM": 0,
        "SRL": 0,
        "CP": 5.01,
        "PWR": 0.25
    }
}