{
    "LATENCY": {
        "Latency": 1000
    },
    "HLS": {
        "LUT": 7369,
        "FF": 3505,
        "DSP": 6,
        "BRAM": 0,
        "URAM": 0,
        "CP": 7.139
    },
    "SYN": {
        "LUT": 1325,
        "FF": 1812,
        "DSP": 10,
        "BRAM": 0,
        "URAM": 0,
        "SRL": 4,
        "CP": 6.546
    },
    "IMPL": {
        "LUT": 1320,
        "FF": 1812,
        "DSP": 10,
        "BRAM": 0,
        "URAM": 0,
        "SRL": 4,
        "CP": 6.496,
        "PWR": 0.266
    }
}