{
    "LATENCY": {
        "Latency": 1000
    },
    "HLS": {
        "LUT": 3506,
        "FF": 977,
        "DSP": 0,
        "BRAM": 0,
        "URAM": 0,
        "CP": 5.393
    },
    "SYN": {
        "LUT": 690,
        "FF": 972,
        "DSP": 0,
        "BRAM": 0,
        "URAM": 0,
        "SRL": 0,
        "CP": 3.005
    },
    "IMPL": {
        "LUT": 686,
        "FF": 972,
        "DSP": 0,
        "BRAM": 0,
        "URAM": 0,
        "SRL": 0,
        "CP": 4.618,
        "PWR": 0.258
    }
}