{
    "LATENCY": {
        "Latency": 1000
    },
    "HLS": {
        "LUT": 3474,
        "FF": 1856,
        "DSP": 0,
        "BRAM": 0,
        "URAM": 0,
        "CP": 6.904
    },
    "SYN": {
        "LUT": 1242,
        "FF": 1731,
        "DSP": 0,
        "BRAM": 0,
        "URAM": 0,
        "SRL": 4,
        "CP": 3.005
    },
    "IMPL": {
        "LUT": 1233,
        "FF": 1731,
        "DSP": 0,
        "BRAM": 0,
        "URAM": 0,
        "SRL": 4,
        "CP": 5.015,
        "PWR": 0.251
    }
}