{
    "LATENCY": {
        "Latency": 1000
    },
    "HLS": {
        "LUT": 11401,
        "FF": 2140,
        "DSP": 0,
        "BRAM": 0,
        "URAM": 0,
        "CP": 6.904
    },
    "SYN": {
        "LUT": 2006,
        "FF": 2031,
        "DSP": 0,
        "BRAM": 0,
        "URAM": 0,
        "SRL": 2,
        "CP": 3.609
    },
    "IMPL": {
        "LUT": 1992,
        "FF": 2031,
        "DSP": 0,
        "BRAM": 0,
        "URAM": 0,
        "SRL": 2,
        "CP": 6.662,
        "PWR": 0.263
    }
}