{
    "LATENCY": {
        "Latency": 1000
    },
    "HLS": {
        "LUT": 5055,
        "FF": 1745,
        "DSP": 0,
        "BRAM": 0,
        "URAM": 0,
        "CP": 6.237
    },
    "SYN": {
        "LUT": 1309,
        "FF": 1706,
        "DSP": 0,
        "BRAM": 0,
        "URAM": 0,
        "SRL": 0,
        "CP": 3.006
    },
    "IMPL": {
        "LUT": 1305,
        "FF": 1706,
        "DSP": 0,
        "BRAM": 0,
        "URAM": 0,
        "SRL": 0,
        "CP": 4.82,
        "PWR": 0.249
    }
}