{
    "LATENCY": {
        "Latency": 1000
    },
    "HLS": {
        "LUT": 4921,
        "FF": 888,
        "DSP": 0,
        "BRAM": 0,
        "URAM": 0,
        "CP": 5.499
    },
    "SYN": {
        "LUT": 1061,
        "FF": 879,
        "DSP": 0,
        "BRAM": 0,
        "URAM": 0,
        "SRL": 0,
        "CP": 3.007
    },
    "IMPL": {
        "LUT": 1056,
        "FF": 879,
        "DSP": 0,
        "BRAM": 0,
        "URAM": 0,
        "SRL": 0,
        "CP": 4.309,
        "PWR": 0.258
    }
}