{
    "LATENCY": {
        "Latency": 1000
    },
    "HLS": {
        "LUT": 2533,
        "FF": 629,
        "DSP": 0,
        "BRAM": 0,
        "URAM": 0,
        "CP": 6.237
    },
    "SYN": {
        "LUT": 472,
        "FF": 621,
        "DSP": 0,
        "BRAM": 0,
        "URAM": 0,
        "SRL": 0,
        "CP": 3.245
    },
    "IMPL": {
        "LUT": 469,
        "FF": 621,
        "DSP": 0,
        "BRAM": 0,
        "URAM": 0,
        "SRL": 0,
        "CP": 4.706,
        "PWR": 0.249
    }
}