{
    "LATENCY": {
        "Latency": 1000
    },
    "HLS": {
        "LUT": 5488,
        "FF": 2511,
        "DSP": 9,
        "BRAM": 0,
        "URAM": 0,
        "CP": 7.139
    },
    "SYN": {
        "LUT": 1295,
        "FF": 1627,
        "DSP": 10,
        "BRAM": 0,
        "URAM": 0,
        "SRL": 5,
        "CP": 6.546
    },
    "IMPL": {
        "LUT": 1289,
        "FF": 1627,
        "DSP": 10,
        "BRAM": 0,
        "URAM": 0,
        "SRL": 5,
        "CP": 6.666,
        "PWR": 0.267
    }
}