{
    "LATENCY": {
        "Latency": 1000
    },
    "HLS": {
        "LUT": 12512,
        "FF": 2430,
        "DSP": 0,
        "BRAM": 0,
        "URAM": 0,
        "CP": 6.904
    },
    "SYN": {
        "LUT": 1871,
        "FF": 2289,
        "DSP": 0,
        "BRAM": 0,
        "URAM": 0,
        "SRL": 2,
        "CP": 4.366
    },
    "IMPL": {
        "LUT": 1854,
        "FF": 2289,
        "DSP": 0,
        "BRAM": 0,
        "URAM": 0,
        "SRL": 2,
        "CP": 6.029,
        "PWR": 0.26
    }
}