{
    "LATENCY": {
        "Latency": 1000
    },
    "HLS": {
        "LUT": 3017,
        "FF": 753,
        "DSP": 0,
        "BRAM": 0,
        "URAM": 0,
        "CP": 6.822
    },
    "SYN": {
        "LUT": 615,
        "FF": 743,
        "DSP": 0,
        "BRAM": 0,
        "URAM": 0,
        "SRL": 0,
        "CP": 3.568
    },
    "IMPL": {
        "LUT": 609,
        "FF": 743,
        "DSP": 0,
        "BRAM": 0,
        "URAM": 0,
        "SRL": 0,
        "CP": 4.495,
        "PWR": 0.252
    }
}