{
    "LATENCY": {
        "Latency": 1000
    },
    "HLS": {
        "LUT": 2633,
        "FF": 637,
        "DSP": 0,
        "BRAM": 0,
        "URAM": 0,
        "CP": 6.237
    },
    "SYN": {
        "LUT": 577,
        "FF": 630,
        "DSP": 0,
        "BRAM": 0,
        "URAM": 0,
        "SRL": 0,
        "CP": 2.595
    },
    "IMPL": {
        "LUT": 574,
        "FF": 630,
        "DSP": 0,
        "BRAM": 0,
        "URAM": 0,
        "SRL": 0,
        "CP": 3.58,
        "PWR": 0.25
    }
}