{
    "LATENCY": {
        "Latency": 1000
    },
    "HLS": {
        "LUT": 1627,
        "FF": 1844,
        "DSP": 6,
        "BRAM": 0,
        "URAM": 0,
        "CP": 7.139
    },
    "SYN": {
        "LUT": 690,
        "FF": 978,
        "DSP": 10,
        "BRAM": 0,
        "URAM": 0,
        "SRL": 4,
        "CP": 6.546
    },
    "IMPL": {
        "LUT": 687,
        "FF": 978,
        "DSP": 10,
        "BRAM": 0,
        "URAM": 0,
        "SRL": 4,
        "CP": 6.496,
        "PWR": 0.268
    }
}