{
    "LATENCY": {
        "best_latency": 10204,
        "worst_latency": 10204,
        "average_latency": 10204,
        "best_time_latency": "0.102 ms",
        "worst_time_latency": "0.102 ms",
        "average_time_latency": "0.102 ms",
        "min_interval": 10205,
        "max_interval": 10205,
        "Latency": 10204
    },
    "HLS": {
        "LUT": 62009,
        "FF": 69971,
        "DSP": 110,
        "BRAM": 0,
        "URAM": 0,
        "CP": 7.534
    },
    "SYN": {
        "LUT": 18573,
        "FF": 18353,
        "DSP": 131,
        "BRAM": 0,
        "URAM": 0,
        "SRL": 1083,
        "CP": 6.496
    },
    "IMPL": {
        "LUT": 18304,
        "FF": 18322,
        "DSP": 131,
        "BRAM": 0,
        "URAM": 0,
        "SRL": 877,
        "CP": 7.993,
        "PWR": 0.686
    }
}