{
    "LATENCY": {
        "best_latency": 10169,
        "worst_latency": 10169,
        "average_latency": 10169,
        "best_time_latency": "0.102 ms",
        "worst_time_latency": "0.102 ms",
        "average_time_latency": "0.102 ms",
        "min_interval": 10170,
        "max_interval": 10170,
        "Latency": 10169
    },
    "HLS": {
        "LUT": 43699,
        "FF": 23457,
        "DSP": 50,
        "BRAM": 0,
        "URAM": 0,
        "CP": 7.534
    },
    "SYN": {
        "LUT": 6288,
        "FF": 7287,
        "DSP": 51,
        "BRAM": 0,
        "URAM": 0,
        "SRL": 433,
        "CP": 6.496
    },
    "IMPL": {
        "LUT": 6062,
        "FF": 7276,
        "DSP": 51,
        "BRAM": 0,
        "URAM": 0,
        "SRL": 275,
        "CP": 7.751,
        "PWR": 0.355
    }
}