{
    "LATENCY": {
        "best_latency": 10215,
        "worst_latency": 10215,
        "average_latency": 10215,
        "best_time_latency": "0.102 ms",
        "worst_time_latency": "0.102 ms",
        "average_time_latency": "0.102 ms",
        "min_interval": 10216,
        "max_interval": 10216,
        "Latency": 10215
    },
    "HLS": {
        "LUT": 73253,
        "FF": 62401,
        "DSP": 90,
        "BRAM": 0,
        "URAM": 0,
        "CP": 7.534
    },
    "SYN": {
        "LUT": 19142,
        "FF": 18082,
        "DSP": 111,
        "BRAM": 0,
        "URAM": 0,
        "SRL": 845,
        "CP": 6.496
    },
    "IMPL": {
        "LUT": 18652,
        "FF": 18071,
        "DSP": 111,
        "BRAM": 0,
        "URAM": 0,
        "SRL": 726,
        "CP": 8.231,
        "PWR": 0.453
    }
}