{
    "LATENCY": {
        "best_latency": 12623,
        "worst_latency": 12623,
        "average_latency": 12623,
        "best_time_latency": "0.126 ms",
        "worst_time_latency": "0.126 ms",
        "average_time_latency": "0.126 ms",
        "min_interval": 12624,
        "max_interval": 12624,
        "Latency": 12623
    },
    "HLS": {
        "LUT": 30672,
        "FF": 15078,
        "DSP": 33,
        "BRAM": 0,
        "URAM": 0,
        "CP": 7.534
    },
    "SYN": {
        "LUT": 5524,
        "FF": 6353,
        "DSP": 34,
        "BRAM": 0,
        "URAM": 0,
        "SRL": 223,
        "CP": 6.496
    },
    "IMPL": {
        "LUT": 5371,
        "FF": 6341,
        "DSP": 34,
        "BRAM": 0,
        "URAM": 0,
        "SRL": 138,
        "CP": 6.945,
        "PWR": 0.29
    }
}