{
    "LATENCY": {
        "best_latency": 10169,
        "worst_latency": 10169,
        "average_latency": 10169,
        "best_time_latency": "0.102 ms",
        "worst_time_latency": "0.102 ms",
        "average_time_latency": "0.102 ms",
        "min_interval": 10170,
        "max_interval": 10170,
        "Latency": 10169
    },
    "HLS": {
        "LUT": 26994,
        "FF": 23193,
        "DSP": 50,
        "BRAM": 0,
        "URAM": 0,
        "CP": 7.534
    },
    "SYN": {
        "LUT": 5754,
        "FF": 7095,
        "DSP": 51,
        "BRAM": 0,
        "URAM": 0,
        "SRL": 445,
        "CP": 6.496
    },
    "IMPL": {
        "LUT": 5532,
        "FF": 7068,
        "DSP": 51,
        "BRAM": 0,
        "URAM": 0,
        "SRL": 284,
        "CP": 7.988,
        "PWR": 0.28
    }
}