{
    "LATENCY": {
        "best_latency": 10153,
        "worst_latency": 10153,
        "average_latency": 10153,
        "best_time_latency": "0.102 ms",
        "worst_time_latency": "0.102 ms",
        "average_time_latency": "0.102 ms",
        "min_interval": 10154,
        "max_interval": 10154,
        "Latency": 10153
    },
    "HLS": {
        "LUT": 30652,
        "FF": 14823,
        "DSP": 30,
        "BRAM": 0,
        "URAM": 0,
        "CP": 7.534
    },
    "SYN": {
        "LUT": 5577,
        "FF": 6093,
        "DSP": 31,
        "BRAM": 0,
        "URAM": 0,
        "SRL": 223,
        "CP": 6.496
    },
    "IMPL": {
        "LUT": 5444,
        "FF": 6081,
        "DSP": 31,
        "BRAM": 0,
        "URAM": 0,
        "SRL": 135,
        "CP": 7.014,
        "PWR": 0.282
    }
}