{
    "LATENCY": {
        "best_latency": 12639,
        "worst_latency": 12639,
        "average_latency": 12639,
        "best_time_latency": "0.126 ms",
        "worst_time_latency": "0.126 ms",
        "average_time_latency": "0.126 ms",
        "min_interval": 12640,
        "max_interval": 12640,
        "Latency": 12639
    },
    "HLS": {
        "LUT": 26836,
        "FF": 23065,
        "DSP": 53,
        "BRAM": 0,
        "URAM": 0,
        "CP": 7.534
    },
    "SYN": {
        "LUT": 5594,
        "FF": 7180,
        "DSP": 54,
        "BRAM": 0,
        "URAM": 0,
        "SRL": 440,
        "CP": 6.496
    },
    "IMPL": {
        "LUT": 5366,
        "FF": 7169,
        "DSP": 54,
        "BRAM": 0,
        "URAM": 0,
        "SRL": 282,
        "CP": 6.697,
        "PWR": 0.297
    }
}