{
    "LATENCY": {
        "best_latency": 7678787,
        "worst_latency": 7678787,
        "average_latency": 7678787,
        "best_time_latency": "76.788 ms",
        "worst_time_latency": "76.788 ms",
        "average_time_latency": "76.788 ms",
        "min_interval": 7678788,
        "max_interval": 7678788,
        "Latency": 7678787
    },
    "HLS": {
        "LUT": 50291,
        "FF": 16949,
        "DSP": 6,
        "BRAM": 64,
        "URAM": 0,
        "CP": 7.389
    },
    "SYN": {
        "LUT": 15868,
        "FF": 16695,
        "DSP": 6,
        "BRAM": 64,
        "URAM": 0,
        "SRL": 6,
        "CP": 5.864
    },
    "IMPL": {
        "LUT": 15661,
        "FF": 16689,
        "DSP": 6,
        "BRAM": 64,
        "URAM": 0,
        "SRL": 5,
        "CP": 9.342,
        "PWR": 0.457
    }
}