{
    "LATENCY": {
        "best_latency": 7751951,
        "worst_latency": 7751951,
        "average_latency": 7751951,
        "best_time_latency": "77.520 ms",
        "worst_time_latency": "77.520 ms",
        "average_time_latency": "77.520 ms",
        "min_interval": 7751952,
        "max_interval": 7751952,
        "Latency": 7751951
    },
    "HLS": {
        "LUT": 35154,
        "FF": 22875,
        "DSP": 6,
        "BRAM": 64,
        "URAM": 0,
        "CP": 7.448
    },
    "SYN": {
        "LUT": 25490,
        "FF": 22690,
        "DSP": 6,
        "BRAM": 64,
        "URAM": 0,
        "SRL": 6,
        "CP": 6.164
    },
    "IMPL": {
        "LUT": 25348,
        "FF": 22684,
        "DSP": 6,
        "BRAM": 64,
        "URAM": 0,
        "SRL": 5,
        "CP": 9.684,
        "PWR": 0.579
    }
}