{
    "LATENCY": {
        "best_latency": 695951,
        "worst_latency": 695951,
        "average_latency": 695951,
        "best_time_latency": "6.960 ms",
        "worst_time_latency": "6.960 ms",
        "average_time_latency": "6.960 ms",
        "min_interval": 695952,
        "max_interval": 695952,
        "Latency": 695951
    },
    "HLS": {
        "LUT": 84383,
        "FF": 26009,
        "DSP": 6,
        "BRAM": 64,
        "URAM": 0,
        "CP": 7.15
    },
    "SYN": {
        "LUT": 27330,
        "FF": 24498,
        "DSP": 6,
        "BRAM": 64,
        "URAM": 0,
        "SRL": 6,
        "CP": 5.864
    },
    "IMPL": {
        "LUT": 27115,
        "FF": 24492,
        "DSP": 6,
        "BRAM": 64,
        "URAM": 0,
        "SRL": 5,
        "CP": 9.607,
        "PWR": 0.488
    }
}