{
    "LATENCY": {
        "best_latency": 695673,
        "worst_latency": 695673,
        "average_latency": 695673,
        "best_time_latency": "6.957 ms",
        "worst_time_latency": "6.957 ms",
        "average_time_latency": "6.957 ms",
        "min_interval": 695674,
        "max_interval": 695674,
        "Latency": 695673
    },
    "HLS": {
        "LUT": 86277,
        "FF": 30238,
        "DSP": 6,
        "BRAM": 64,
        "URAM": 0,
        "CP": 7.389
    },
    "SYN": {
        "LUT": 30989,
        "FF": 28696,
        "DSP": 6,
        "BRAM": 64,
        "URAM": 0,
        "SRL": 6,
        "CP": 5.864
    },
    "IMPL": {
        "LUT": 30733,
        "FF": 28688,
        "DSP": 6,
        "BRAM": 64,
        "URAM": 0,
        "SRL": 5,
        "CP": 9.086,
        "PWR": 0.395
    }
}