{
    "LATENCY": {
        "best_latency": 695982,
        "worst_latency": 695982,
        "average_latency": 695982,
        "best_time_latency": "6.960 ms",
        "worst_time_latency": "6.960 ms",
        "average_time_latency": "6.960 ms",
        "min_interval": 695983,
        "max_interval": 695983,
        "Latency": 695982
    },
    "HLS": {
        "LUT": 84537,
        "FF": 26219,
        "DSP": 6,
        "BRAM": 64,
        "URAM": 0,
        "CP": 7.389
    },
    "SYN": {
        "LUT": 28153,
        "FF": 24705,
        "DSP": 6,
        "BRAM": 64,
        "URAM": 0,
        "SRL": 6,
        "CP": 5.864
    },
    "IMPL": {
        "LUT": 27933,
        "FF": 24699,
        "DSP": 6,
        "BRAM": 64,
        "URAM": 0,
        "SRL": 5,
        "CP": 9.847,
        "PWR": 0.44
    }
}