{
    "LATENCY": {
        "best_latency": 756556,
        "worst_latency": 756556,
        "average_latency": 756556,
        "best_time_latency": "7.566 ms",
        "worst_time_latency": "7.566 ms",
        "average_time_latency": "7.566 ms",
        "min_interval": 756557,
        "max_interval": 756557,
        "Latency": 756556
    },
    "HLS": {
        "LUT": 46971,
        "FF": 14523,
        "DSP": 6,
        "BRAM": 64,
        "URAM": 0,
        "CP": 7.15
    },
    "SYN": {
        "LUT": 17289,
        "FF": 14270,
        "DSP": 6,
        "BRAM": 64,
        "URAM": 0,
        "SRL": 12,
        "CP": 5.864
    },
    "IMPL": {
        "LUT": 17137,
        "FF": 14264,
        "DSP": 6,
        "BRAM": 64,
        "URAM": 0,
        "SRL": 9,
        "CP": 9.249,
        "PWR": 0.423
    }
}