{
    "LATENCY": {
        "best_latency": 695675,
        "worst_latency": 695675,
        "average_latency": 695675,
        "best_time_latency": "6.957 ms",
        "worst_time_latency": "6.957 ms",
        "average_time_latency": "6.957 ms",
        "min_interval": 695676,
        "max_interval": 695676,
        "Latency": 695675
    },
    "HLS": {
        "LUT": 86465,
        "FF": 26227,
        "DSP": 6,
        "BRAM": 64,
        "URAM": 0,
        "CP": 7.15
    },
    "SYN": {
        "LUT": 28812,
        "FF": 24601,
        "DSP": 6,
        "BRAM": 64,
        "URAM": 0,
        "SRL": 6,
        "CP": 5.864
    },
    "IMPL": {
        "LUT": 28572,
        "FF": 24593,
        "DSP": 6,
        "BRAM": 64,
        "URAM": 0,
        "SRL": 5,
        "CP": 9.484,
        "PWR": 0.402
    }
}