{
    "LATENCY": {
        "best_latency": 756867,
        "worst_latency": 756876,
        "average_latency": 756872,
        "best_time_latency": "7.569 ms",
        "worst_time_latency": "7.569 ms",
        "average_time_latency": "7.569 ms",
        "min_interval": 756868,
        "max_interval": 756877,
        "Latency": 756872
    },
    "HLS": {
        "LUT": 45075,
        "FF": 15051,
        "DSP": 6,
        "BRAM": 64,
        "URAM": 0,
        "CP": 7.15
    },
    "SYN": {
        "LUT": 15901,
        "FF": 14632,
        "DSP": 7,
        "BRAM": 64,
        "URAM": 0,
        "SRL": 20,
        "CP": 5.864
    },
    "IMPL": {
        "LUT": 15680,
        "FF": 14626,
        "DSP": 7,
        "BRAM": 64,
        "URAM": 0,
        "SRL": 18,
        "CP": 9.447,
        "PWR": 0.417
    }
}