{
    "LATENCY": {
        "best_latency": 695844,
        "worst_latency": 695844,
        "average_latency": 695844,
        "best_time_latency": "6.958 ms",
        "worst_time_latency": "6.958 ms",
        "average_time_latency": "6.958 ms",
        "min_interval": 695845,
        "max_interval": 695845,
        "Latency": 695844
    },
    "HLS": {
        "LUT": 86278,
        "FF": 30795,
        "DSP": 6,
        "BRAM": 64,
        "URAM": 0,
        "CP": 7.389
    },
    "SYN": {
        "LUT": 28403,
        "FF": 29282,
        "DSP": 6,
        "BRAM": 64,
        "URAM": 0,
        "SRL": 6,
        "CP": 5.864
    },
    "IMPL": {
        "LUT": 28194,
        "FF": 29276,
        "DSP": 6,
        "BRAM": 64,
        "URAM": 0,
        "SRL": 5,
        "CP": 9.561,
        "PWR": 0.385
    }
}