{
    "LATENCY": {
        "best_latency": 695813,
        "worst_latency": 695813,
        "average_latency": 695813,
        "best_time_latency": "6.958 ms",
        "worst_time_latency": "6.958 ms",
        "average_time_latency": "6.958 ms",
        "min_interval": 695814,
        "max_interval": 695814,
        "Latency": 695813
    },
    "HLS": {
        "LUT": 85630,
        "FF": 26075,
        "DSP": 6,
        "BRAM": 64,
        "URAM": 0,
        "CP": 7.389
    },
    "SYN": {
        "LUT": 27502,
        "FF": 24532,
        "DSP": 6,
        "BRAM": 64,
        "URAM": 0,
        "SRL": 6,
        "CP": 5.864
    },
    "IMPL": {
        "LUT": 27254,
        "FF": 24526,
        "DSP": 6,
        "BRAM": 64,
        "URAM": 0,
        "SRL": 5,
        "CP": 9.406,
        "PWR": 0.399
    }
}