{
    "LATENCY": {
        "best_latency": 695813,
        "worst_latency": 695813,
        "average_latency": 695813,
        "best_time_latency": "6.958 ms",
        "worst_time_latency": "6.958 ms",
        "average_time_latency": "6.958 ms",
        "min_interval": 695814,
        "max_interval": 695814,
        "Latency": 695813
    },
    "HLS": {
        "LUT": 86101,
        "FF": 30585,
        "DSP": 6,
        "BRAM": 64,
        "URAM": 0,
        "CP": 7.389
    },
    "SYN": {
        "LUT": 27513,
        "FF": 29066,
        "DSP": 7,
        "BRAM": 64,
        "URAM": 0,
        "SRL": 6,
        "CP": 5.864
    },
    "IMPL": {
        "LUT": 27314,
        "FF": 29060,
        "DSP": 7,
        "BRAM": 64,
        "URAM": 0,
        "SRL": 5,
        "CP": 9.875,
        "PWR": 0.402
    }
}