{
    "LATENCY": {
        "best_latency": 696054,
        "worst_latency": 696054,
        "average_latency": 696054,
        "best_time_latency": "6.961 ms",
        "worst_time_latency": "6.961 ms",
        "average_time_latency": "6.961 ms",
        "min_interval": 696055,
        "max_interval": 696055,
        "Latency": 696054
    },
    "HLS": {
        "LUT": 69291,
        "FF": 34295,
        "DSP": 6,
        "BRAM": 64,
        "URAM": 0,
        "CP": 7.448
    },
    "SYN": {
        "LUT": 38335,
        "FF": 32874,
        "DSP": 6,
        "BRAM": 64,
        "URAM": 0,
        "SRL": 6,
        "CP": 6.033
    },
    "IMPL": {
        "LUT": 38199,
        "FF": 32868,
        "DSP": 6,
        "BRAM": 64,
        "URAM": 0,
        "SRL": 5,
        "CP": 9.902,
        "PWR": 0.5
    }
}