{
    "LATENCY": {
        "Latency": 1000
    },
    "HLS": {
        "LUT": 14374,
        "FF": 4351,
        "DSP": 48,
        "BRAM": 0,
        "URAM": 0,
        "CP": 7.148
    },
    "SYN": {
        "LUT": 3745,
        "FF": 3547,
        "DSP": 48,
        "BRAM": 0,
        "URAM": 0,
        "SRL": 0,
        "CP": 7.223
    },
    "IMPL": {
        "LUT": 3677,
        "FF": 3533,
        "DSP": 48,
        "BRAM": 0,
        "URAM": 0,
        "SRL": 0,
        "CP": 8.1,
        "PWR": 0.373
    }
}