{
    "LATENCY": {
        "Latency": 1000
    },
    "HLS": {
        "LUT": 34761,
        "FF": 5722,
        "DSP": 48,
        "BRAM": 0,
        "URAM": 0,
        "CP": 7.148
    },
    "SYN": {
        "LUT": 5518,
        "FF": 4830,
        "DSP": 48,
        "BRAM": 0,
        "URAM": 0,
        "SRL": 0,
        "CP": 7.223
    },
    "IMPL": {
        "LUT": 5460,
        "FF": 4818,
        "DSP": 48,
        "BRAM": 0,
        "URAM": 0,
        "SRL": 0,
        "CP": 9.29,
        "PWR": 0.392
    }
}