{
    "LATENCY": {
        "Latency": 1000
    },
    "HLS": {
        "LUT": 18487,
        "FF": 4641,
        "DSP": 48,
        "BRAM": 0,
        "URAM": 0,
        "CP": 7.148
    },
    "SYN": {
        "LUT": 3997,
        "FF": 3865,
        "DSP": 48,
        "BRAM": 0,
        "URAM": 0,
        "SRL": 0,
        "CP": 7.223
    },
    "IMPL": {
        "LUT": 3933,
        "FF": 3851,
        "DSP": 48,
        "BRAM": 0,
        "URAM": 0,
        "SRL": 0,
        "CP": 8.721,
        "PWR": 0.375
    }
}