{
    "LATENCY": {
        "Latency": 1000
    },
    "HLS": {
        "LUT": 25782,
        "FF": 5917,
        "DSP": 54,
        "BRAM": 0,
        "URAM": 0,
        "CP": 7.148
    },
    "SYN": {
        "LUT": 5665,
        "FF": 4970,
        "DSP": 54,
        "BRAM": 0,
        "URAM": 0,
        "SRL": 0,
        "CP": 7.223
    },
    "IMPL": {
        "LUT": 5572,
        "FF": 4954,
        "DSP": 54,
        "BRAM": 0,
        "URAM": 0,
        "SRL": 0,
        "CP": 8.667,
        "PWR": 0.396
    }
}