{
    "LATENCY": {
        "Latency": 1000
    },
    "HLS": {
        "LUT": 14374,
        "FF": 4343,
        "DSP": 48,
        "BRAM": 0,
        "URAM": 0,
        "CP": 7.148
    },
    "SYN": {
        "LUT": 3744,
        "FF": 3546,
        "DSP": 48,
        "BRAM": 0,
        "URAM": 0,
        "SRL": 0,
        "CP": 7.223
    },
    "IMPL": {
        "LUT": 3676,
        "FF": 3532,
        "DSP": 48,
        "BRAM": 0,
        "URAM": 0,
        "SRL": 0,
        "CP": 9.017,
        "PWR": 0.374
    }
}