{
    "LATENCY": {
        "Latency": 1000
    },
    "HLS": {
        "LUT": 19342,
        "FF": 4642,
        "DSP": 48,
        "BRAM": 0,
        "URAM": 0,
        "CP": 7.148
    },
    "SYN": {
        "LUT": 4062,
        "FF": 3866,
        "DSP": 48,
        "BRAM": 0,
        "URAM": 0,
        "SRL": 0,
        "CP": 7.223
    },
    "IMPL": {
        "LUT": 3998,
        "FF": 3852,
        "DSP": 48,
        "BRAM": 0,
        "URAM": 0,
        "SRL": 0,
        "CP": 8.957,
        "PWR": 0.377
    }
}