{
    "LATENCY": {
        "Latency": 1000
    },
    "HLS": {
        "LUT": 18469,
        "FF": 4296,
        "DSP": 25,
        "BRAM": 0,
        "URAM": 0,
        "CP": 7.148
    },
    "SYN": {
        "LUT": 8157,
        "FF": 3528,
        "DSP": 25,
        "BRAM": 0,
        "URAM": 0,
        "SRL": 0,
        "CP": 7.223
    },
    "IMPL": {
        "LUT": 7934,
        "FF": 3516,
        "DSP": 25,
        "BRAM": 0,
        "URAM": 0,
        "SRL": 0,
        "CP": 9.739,
        "PWR": 0.409
    }
}