{
    "LATENCY": {
        "Latency": 1000
    },
    "HLS": {
        "LUT": 15102,
        "FF": 5333,
        "DSP": 54,
        "BRAM": 0,
        "URAM": 0,
        "CP": 7.148
    },
    "SYN": {
        "LUT": 4714,
        "FF": 4277,
        "DSP": 54,
        "BRAM": 0,
        "URAM": 0,
        "SRL": 0,
        "CP": 7.223
    },
    "IMPL": {
        "LUT": 4616,
        "FF": 4261,
        "DSP": 54,
        "BRAM": 0,
        "URAM": 0,
        "SRL": 0,
        "CP": 8.382,
        "PWR": 0.376
    }
}