{
    "LATENCY": {
        "Latency": 1000
    },
    "HLS": {
        "LUT": 18910,
        "FF": 4641,
        "DSP": 48,
        "BRAM": 0,
        "URAM": 0,
        "CP": 7.148
    },
    "SYN": {
        "LUT": 4029,
        "FF": 3865,
        "DSP": 48,
        "BRAM": 0,
        "URAM": 0,
        "SRL": 0,
        "CP": 7.223
    },
    "IMPL": {
        "LUT": 3965,
        "FF": 3851,
        "DSP": 48,
        "BRAM": 0,
        "URAM": 0,
        "SRL": 0,
        "CP": 8.67,
        "PWR": 0.375
    }
}