{
    "LATENCY": {
        "Latency": 1000
    },
    "HLS": {
        "LUT": 16201,
        "FF": 4936,
        "DSP": 48,
        "BRAM": 0,
        "URAM": 0,
        "CP": 7.148
    },
    "SYN": {
        "LUT": 3985,
        "FF": 4057,
        "DSP": 48,
        "BRAM": 0,
        "URAM": 0,
        "SRL": 0,
        "CP": 7.223
    },
    "IMPL": {
        "LUT": 3925,
        "FF": 4045,
        "DSP": 48,
        "BRAM": 0,
        "URAM": 0,
        "SRL": 0,
        "CP": 8.509,
        "PWR": 0.366
    }
}