{
    "LATENCY": {
        "Latency": 1000
    },
    "HLS": {
        "LUT": 18025,
        "FF": 4295,
        "DSP": 25,
        "BRAM": 0,
        "URAM": 0,
        "CP": 7.148
    },
    "SYN": {
        "LUT": 8272,
        "FF": 3518,
        "DSP": 25,
        "BRAM": 0,
        "URAM": 0,
        "SRL": 0,
        "CP": 7.223
    },
    "IMPL": {
        "LUT": 8047,
        "FF": 3506,
        "DSP": 25,
        "BRAM": 0,
        "URAM": 0,
        "SRL": 0,
        "CP": 8.974,
        "PWR": 0.438
    }
}