{
    "LATENCY": {
        "Latency": 1000
    },
    "HLS": {
        "LUT": 8776,
        "FF": 3721,
        "DSP": 48,
        "BRAM": 0,
        "URAM": 0,
        "CP": 7.148
    },
    "SYN": {
        "LUT": 2860,
        "FF": 3058,
        "DSP": 48,
        "BRAM": 0,
        "URAM": 0,
        "SRL": 0,
        "CP": 7.223
    },
    "IMPL": {
        "LUT": 2799,
        "FF": 3046,
        "DSP": 48,
        "BRAM": 0,
        "URAM": 0,
        "SRL": 0,
        "CP": 7.831,
        "PWR": 0.354
    }
}