{
    "LATENCY": {
        "Latency": 1000
    },
    "HLS": {
        "LUT": 15908,
        "FF": 5366,
        "DSP": 54,
        "BRAM": 0,
        "URAM": 0,
        "CP": 7.148
    },
    "SYN": {
        "LUT": 4869,
        "FF": 4337,
        "DSP": 54,
        "BRAM": 0,
        "URAM": 0,
        "SRL": 0,
        "CP": 7.223
    },
    "IMPL": {
        "LUT": 4774,
        "FF": 4321,
        "DSP": 54,
        "BRAM": 0,
        "URAM": 0,
        "SRL": 0,
        "CP": 8.734,
        "PWR": 0.385
    }
}