{
    "LATENCY": {
        "Latency": 1000
    },
    "HLS": {
        "LUT": 9686,
        "FF": 3807,
        "DSP": 48,
        "BRAM": 0,
        "URAM": 0,
        "CP": 7.148
    },
    "SYN": {
        "LUT": 2942,
        "FF": 3085,
        "DSP": 48,
        "BRAM": 0,
        "URAM": 0,
        "SRL": 0,
        "CP": 7.223
    },
    "IMPL": {
        "LUT": 2874,
        "FF": 3073,
        "DSP": 48,
        "BRAM": 0,
        "URAM": 0,
        "SRL": 0,
        "CP": 8.603,
        "PWR": 0.354
    }
}