{
    "LATENCY": {
        "Latency": 1000
    },
    "HLS": {
        "LUT": 10487,
        "FF": 4130,
        "DSP": 48,
        "BRAM": 0,
        "URAM": 0,
        "CP": 7.148
    },
    "SYN": {
        "LUT": 3546,
        "FF": 3347,
        "DSP": 48,
        "BRAM": 0,
        "URAM": 0,
        "SRL": 0,
        "CP": 7.223
    },
    "IMPL": {
        "LUT": 3468,
        "FF": 3333,
        "DSP": 48,
        "BRAM": 0,
        "URAM": 0,
        "SRL": 0,
        "CP": 8.328,
        "PWR": 0.378
    }
}