{
    "LATENCY": {
        "Latency": 1000
    },
    "HLS": {
        "LUT": 13426,
        "FF": 4351,
        "DSP": 48,
        "BRAM": 0,
        "URAM": 0,
        "CP": 7.148
    },
    "SYN": {
        "LUT": 3716,
        "FF": 3639,
        "DSP": 48,
        "BRAM": 0,
        "URAM": 0,
        "SRL": 0,
        "CP": 7.223
    },
    "IMPL": {
        "LUT": 3661,
        "FF": 3627,
        "DSP": 48,
        "BRAM": 0,
        "URAM": 0,
        "SRL": 0,
        "CP": 8.522,
        "PWR": 0.361
    }
}