{
    "LATENCY": {
        "Latency": 1000
    },
    "HLS": {
        "LUT": 18037,
        "FF": 4295,
        "DSP": 25,
        "BRAM": 0,
        "URAM": 0,
        "CP": 7.148
    },
    "SYN": {
        "LUT": 8125,
        "FF": 3527,
        "DSP": 25,
        "BRAM": 0,
        "URAM": 0,
        "SRL": 0,
        "CP": 7.223
    },
    "IMPL": {
        "LUT": 7904,
        "FF": 3515,
        "DSP": 25,
        "BRAM": 0,
        "URAM": 0,
        "SRL": 0,
        "CP": 9.107,
        "PWR": 0.411
    }
}