{
    "LATENCY": {
        "Latency": 1000
    },
    "HLS": {
        "LUT": 8856,
        "FF": 3792,
        "DSP": 48,
        "BRAM": 0,
        "URAM": 0,
        "CP": 7.148
    },
    "SYN": {
        "LUT": 2905,
        "FF": 3085,
        "DSP": 48,
        "BRAM": 0,
        "URAM": 0,
        "SRL": 0,
        "CP": 7.223
    },
    "IMPL": {
        "LUT": 2835,
        "FF": 3073,
        "DSP": 48,
        "BRAM": 0,
        "URAM": 0,
        "SRL": 0,
        "CP": 8.713,
        "PWR": 0.364
    }
}