{
    "LATENCY": {
        "Latency": 1000
    },
    "HLS": {
        "LUT": 18575,
        "FF": 4337,
        "DSP": 48,
        "BRAM": 0,
        "URAM": 0,
        "CP": 7.148
    },
    "SYN": {
        "LUT": 3502,
        "FF": 3630,
        "DSP": 48,
        "BRAM": 0,
        "URAM": 0,
        "SRL": 0,
        "CP": 7.223
    },
    "IMPL": {
        "LUT": 3447,
        "FF": 3618,
        "DSP": 48,
        "BRAM": 0,
        "URAM": 0,
        "SRL": 0,
        "CP": 8.539,
        "PWR": 0.36
    }
}