{
    "LATENCY": {
        "Latency": 1000
    },
    "HLS": {
        "LUT": 19342,
        "FF": 4643,
        "DSP": 48,
        "BRAM": 0,
        "URAM": 0,
        "CP": 7.148
    },
    "SYN": {
        "LUT": 4061,
        "FF": 3865,
        "DSP": 48,
        "BRAM": 0,
        "URAM": 0,
        "SRL": 0,
        "CP": 7.223
    },
    "IMPL": {
        "LUT": 3996,
        "FF": 3851,
        "DSP": 48,
        "BRAM": 0,
        "URAM": 0,
        "SRL": 0,
        "CP": 8.653,
        "PWR": 0.376
    }
}