{
    "LATENCY": {
        "Latency": 1000
    },
    "HLS": {
        "LUT": 9552,
        "FF": 4049,
        "DSP": 48,
        "BRAM": 0,
        "URAM": 0,
        "CP": 7.148
    },
    "SYN": {
        "LUT": 3436,
        "FF": 3319,
        "DSP": 48,
        "BRAM": 0,
        "URAM": 0,
        "SRL": 0,
        "CP": 7.223
    },
    "IMPL": {
        "LUT": 3366,
        "FF": 3305,
        "DSP": 48,
        "BRAM": 0,
        "URAM": 0,
        "SRL": 0,
        "CP": 9.099,
        "PWR": 0.366
    }
}