{
    "LATENCY": {
        "Latency": 1000
    },
    "HLS": {
        "LUT": 10055,
        "FF": 4120,
        "DSP": 48,
        "BRAM": 0,
        "URAM": 0,
        "CP": 7.148
    },
    "SYN": {
        "LUT": 3513,
        "FF": 3346,
        "DSP": 48,
        "BRAM": 0,
        "URAM": 0,
        "SRL": 0,
        "CP": 7.223
    },
    "IMPL": {
        "LUT": 3439,
        "FF": 3332,
        "DSP": 48,
        "BRAM": 0,
        "URAM": 0,
        "SRL": 0,
        "CP": 8.549,
        "PWR": 0.378
    }
}