{
    "LATENCY": {
        "Latency": 1000
    },
    "HLS": {
        "LUT": 25874,
        "FF": 5950,
        "DSP": 54,
        "BRAM": 0,
        "URAM": 0,
        "CP": 7.148
    },
    "SYN": {
        "LUT": 5468,
        "FF": 4972,
        "DSP": 54,
        "BRAM": 0,
        "URAM": 0,
        "SRL": 0,
        "CP": 7.223
    },
    "IMPL": {
        "LUT": 5371,
        "FF": 4956,
        "DSP": 54,
        "BRAM": 0,
        "URAM": 0,
        "SRL": 0,
        "CP": 8.725,
        "PWR": 0.401
    }
}