{
    "LATENCY": {
        "Latency": 1000
    },
    "HLS": {
        "LUT": 12710,
        "FF": 7702,
        "DSP": 13,
        "BRAM": 0,
        "URAM": 0,
        "CP": 7.199
    },
    "SYN": {
        "LUT": 3033,
        "FF": 2357,
        "DSP": 15,
        "BRAM": 0,
        "URAM": 0,
        "SRL": 156,
        "CP": 5.818
    },
    "IMPL": {
        "LUT": 2966,
        "FF": 2357,
        "DSP": 15,
        "BRAM": 0,
        "URAM": 0,
        "SRL": 114,
        "CP": 6.919,
        "PWR": 0.318
    }
}