{
    "LATENCY": {
        "Latency": 1000
    },
    "HLS": {
        "LUT": 10740,
        "FF": 7704,
        "DSP": 15,
        "BRAM": 0,
        "URAM": 0,
        "CP": 7.259
    },
    "SYN": {
        "LUT": 3013,
        "FF": 2345,
        "DSP": 19,
        "BRAM": 0,
        "URAM": 0,
        "SRL": 156,
        "CP": 6.109
    },
    "IMPL": {
        "LUT": 2930,
        "FF": 2345,
        "DSP": 19,
        "BRAM": 0,
        "URAM": 0,
        "SRL": 114,
        "CP": 6.483,
        "PWR": 0.319
    }
}