{
    "LATENCY": {
        "Latency": 1000
    },
    "HLS": {
        "LUT": 10268,
        "FF": 4792,
        "DSP": 14,
        "BRAM": 0,
        "URAM": 0,
        "CP": 7.039
    },
    "SYN": {
        "LUT": 2093,
        "FF": 2006,
        "DSP": 15,
        "BRAM": 0,
        "URAM": 0,
        "SRL": 39,
        "CP": 5.818
    },
    "IMPL": {
        "LUT": 2064,
        "FF": 2006,
        "DSP": 15,
        "BRAM": 0,
        "URAM": 0,
        "SRL": 35,
        "CP": 6.33,
        "PWR": 0.294
    }
}