{
    "LATENCY": {
        "Latency": 1000
    },
    "HLS": {
        "LUT": 5202,
        "FF": 2275,
        "DSP": 15,
        "BRAM": 0,
        "URAM": 0,
        "CP": 7.199
    },
    "SYN": {
        "LUT": 1449,
        "FF": 1269,
        "DSP": 19,
        "BRAM": 0,
        "URAM": 0,
        "SRL": 11,
        "CP": 6.085
    },
    "IMPL": {
        "LUT": 1390,
        "FF": 1269,
        "DSP": 19,
        "BRAM": 0,
        "URAM": 0,
        "SRL": 11,
        "CP": 6.23,
        "PWR": 0.275
    }
}