{
    "LATENCY": {
        "Latency": 1000
    },
    "HLS": {
        "LUT": 12688,
        "FF": 7641,
        "DSP": 13,
        "BRAM": 0,
        "URAM": 0,
        "CP": 7.199
    },
    "SYN": {
        "LUT": 2972,
        "FF": 2357,
        "DSP": 15,
        "BRAM": 0,
        "URAM": 0,
        "SRL": 161,
        "CP": 5.818
    },
    "IMPL": {
        "LUT": 2906,
        "FF": 2357,
        "DSP": 15,
        "BRAM": 0,
        "URAM": 0,
        "SRL": 117,
        "CP": 6.744,
        "PWR": 0.316
    }
}