{
    "LATENCY": {
        "Latency": 1000
    },
    "HLS": {
        "LUT": 4630,
        "FF": 3212,
        "DSP": 6,
        "BRAM": 0,
        "URAM": 0,
        "CP": 7.259
    },
    "SYN": {
        "LUT": 1444,
        "FF": 1213,
        "DSP": 8,
        "BRAM": 0,
        "URAM": 0,
        "SRL": 32,
        "CP": 6.785
    },
    "IMPL": {
        "LUT": 1434,
        "FF": 1213,
        "DSP": 8,
        "BRAM": 0,
        "URAM": 0,
        "SRL": 28,
        "CP": 7.549,
        "PWR": 0.263
    }
}