{
    "LATENCY": {
        "Latency": 1000
    },
    "HLS": {
        "LUT": 11156,
        "FF": 6158,
        "DSP": 13,
        "BRAM": 0,
        "URAM": 0,
        "CP": 7.199
    },
    "SYN": {
        "LUT": 2629,
        "FF": 2092,
        "DSP": 15,
        "BRAM": 0,
        "URAM": 0,
        "SRL": 71,
        "CP": 5.818
    },
    "IMPL": {
        "LUT": 2568,
        "FF": 2092,
        "DSP": 15,
        "BRAM": 0,
        "URAM": 0,
        "SRL": 63,
        "CP": 6.299,
        "PWR": 0.314
    }
}