{
    "LATENCY": {
        "Latency": 1000
    },
    "HLS": {
        "LUT": 7623,
        "FF": 3907,
        "DSP": 15,
        "BRAM": 0,
        "URAM": 0,
        "CP": 7.199
    },
    "SYN": {
        "LUT": 1894,
        "FF": 1708,
        "DSP": 19,
        "BRAM": 0,
        "URAM": 0,
        "SRL": 90,
        "CP": 6.086
    },
    "IMPL": {
        "LUT": 1816,
        "FF": 1708,
        "DSP": 19,
        "BRAM": 0,
        "URAM": 0,
        "SRL": 56,
        "CP": 6.707,
        "PWR": 0.284
    }
}