{
    "LATENCY": {
        "Latency": 1000
    },
    "HLS": {
        "LUT": 7321,
        "FF": 5625,
        "DSP": 11,
        "BRAM": 0,
        "URAM": 0,
        "CP": 7.039
    },
    "SYN": {
        "LUT": 2312,
        "FF": 1734,
        "DSP": 15,
        "BRAM": 0,
        "URAM": 0,
        "SRL": 69,
        "CP": 5.818
    },
    "IMPL": {
        "LUT": 2279,
        "FF": 1734,
        "DSP": 15,
        "BRAM": 0,
        "URAM": 0,
        "SRL": 61,
        "CP": 7.186,
        "PWR": 0.307
    }
}