{
    "LATENCY": {
        "Latency": 1000
    },
    "HLS": {
        "LUT": 10286,
        "FF": 6106,
        "DSP": 13,
        "BRAM": 0,
        "URAM": 0,
        "CP": 7.199
    },
    "SYN": {
        "LUT": 2580,
        "FF": 2023,
        "DSP": 15,
        "BRAM": 0,
        "URAM": 0,
        "SRL": 71,
        "CP": 5.818
    },
    "IMPL": {
        "LUT": 2531,
        "FF": 2023,
        "DSP": 15,
        "BRAM": 0,
        "URAM": 0,
        "SRL": 63,
        "CP": 6.283,
        "PWR": 0.314
    }
}