{
    "LATENCY": {
        "Latency": 1000
    },
    "HLS": {
        "LUT": 4921,
        "FF": 3215,
        "DSP": 6,
        "BRAM": 0,
        "URAM": 0,
        "CP": 7.108
    },
    "SYN": {
        "LUT": 1526,
        "FF": 1201,
        "DSP": 8,
        "BRAM": 0,
        "URAM": 0,
        "SRL": 32,
        "CP": 5.818
    },
    "IMPL": {
        "LUT": 1513,
        "FF": 1201,
        "DSP": 8,
        "BRAM": 0,
        "URAM": 0,
        "SRL": 28,
        "CP": 7.399,
        "PWR": 0.277
    }
}