{
    "LATENCY": {
        "Latency": 1000
    },
    "HLS": {
        "LUT": 14101,
        "FF": 7101,
        "DSP": 19,
        "BRAM": 0,
        "URAM": 0,
        "CP": 7.199
    },
    "SYN": {
        "LUT": 2782,
        "FF": 2410,
        "DSP": 21,
        "BRAM": 0,
        "URAM": 0,
        "SRL": 205,
        "CP": 5.818
    },
    "IMPL": {
        "LUT": 2692,
        "FF": 2410,
        "DSP": 21,
        "BRAM": 0,
        "URAM": 0,
        "SRL": 133,
        "CP": 7.108,
        "PWR": 0.29
    }
}