{
    "LATENCY": {
        "Latency": 1000
    },
    "HLS": {
        "LUT": 12708,
        "FF": 7643,
        "DSP": 13,
        "BRAM": 0,
        "URAM": 0,
        "CP": 7.199
    },
    "SYN": {
        "LUT": 2988,
        "FF": 2360,
        "DSP": 15,
        "BRAM": 0,
        "URAM": 0,
        "SRL": 161,
        "CP": 5.818
    },
    "IMPL": {
        "LUT": 2923,
        "FF": 2360,
        "DSP": 15,
        "BRAM": 0,
        "URAM": 0,
        "SRL": 117,
        "CP": 6.534,
        "PWR": 0.316
    }
}