{
    "LATENCY": {
        "Latency": 1000
    },
    "HLS": {
        "LUT": 6634,
        "FF": 3750,
        "DSP": 11,
        "BRAM": 0,
        "URAM": 0,
        "CP": 7.259
    },
    "SYN": {
        "LUT": 1726,
        "FF": 1483,
        "DSP": 13,
        "BRAM": 0,
        "URAM": 0,
        "SRL": 35,
        "CP": 6.785
    },
    "IMPL": {
        "LUT": 1681,
        "FF": 1483,
        "DSP": 13,
        "BRAM": 0,
        "URAM": 0,
        "SRL": 31,
        "CP": 7.197,
        "PWR": 0.272
    }
}