{
    "LATENCY": {
        "Latency": 1000
    },
    "HLS": {
        "LUT": 5893,
        "FF": 3602,
        "DSP": 7,
        "BRAM": 0,
        "URAM": 0,
        "CP": 7.259
    },
    "SYN": {
        "LUT": 1806,
        "FF": 1484,
        "DSP": 9,
        "BRAM": 0,
        "URAM": 0,
        "SRL": 34,
        "CP": 6.785
    },
    "IMPL": {
        "LUT": 1793,
        "FF": 1484,
        "DSP": 9,
        "BRAM": 0,
        "URAM": 0,
        "SRL": 30,
        "CP": 7.345,
        "PWR": 0.27
    }
}