{
    "LATENCY": {
        "Latency": 1000
    },
    "HLS": {
        "LUT": 12033,
        "FF": 7101,
        "DSP": 23,
        "BRAM": 0,
        "URAM": 0,
        "CP": 7.199
    },
    "SYN": {
        "LUT": 2600,
        "FF": 2316,
        "DSP": 27,
        "BRAM": 0,
        "URAM": 0,
        "SRL": 205,
        "CP": 6.09
    },
    "IMPL": {
        "LUT": 2490,
        "FF": 2316,
        "DSP": 27,
        "BRAM": 0,
        "URAM": 0,
        "SRL": 132,
        "CP": 7.389,
        "PWR": 0.295
    }
}