{
    "LATENCY": {
        "Latency": 1000
    },
    "HLS": {
        "LUT": 9209,
        "FF": 6162,
        "DSP": 14,
        "BRAM": 0,
        "URAM": 0,
        "CP": 7.259
    },
    "SYN": {
        "LUT": 2654,
        "FF": 2082,
        "DSP": 18,
        "BRAM": 0,
        "URAM": 0,
        "SRL": 71,
        "CP": 6.109
    },
    "IMPL": {
        "LUT": 2590,
        "FF": 2082,
        "DSP": 18,
        "BRAM": 0,
        "URAM": 0,
        "SRL": 63,
        "CP": 6.293,
        "PWR": 0.318
    }
}