{
    "LATENCY": {
        "Latency": 1000
    },
    "HLS": {
        "LUT": 5447,
        "FF": 2302,
        "DSP": 15,
        "BRAM": 0,
        "URAM": 0,
        "CP": 7.199
    },
    "SYN": {
        "LUT": 1465,
        "FF": 1294,
        "DSP": 19,
        "BRAM": 0,
        "URAM": 0,
        "SRL": 11,
        "CP": 6.091
    },
    "IMPL": {
        "LUT": 1412,
        "FF": 1294,
        "DSP": 19,
        "BRAM": 0,
        "URAM": 0,
        "SRL": 11,
        "CP": 6.569,
        "PWR": 0.277
    }
}