{
    "LATENCY": {
        "Latency": 1000
    },
    "HLS": {
        "LUT": 12111,
        "FF": 7101,
        "DSP": 21,
        "BRAM": 0,
        "URAM": 0,
        "CP": 7.199
    },
    "SYN": {
        "LUT": 2689,
        "FF": 2380,
        "DSP": 25,
        "BRAM": 0,
        "URAM": 0,
        "SRL": 205,
        "CP": 6.09
    },
    "IMPL": {
        "LUT": 2581,
        "FF": 2380,
        "DSP": 25,
        "BRAM": 0,
        "URAM": 0,
        "SRL": 133,
        "CP": 7.066,
        "PWR": 0.293
    }
}