{
    "LATENCY": {
        "Latency": 1000
    },
    "HLS": {
        "LUT": 6840,
        "FF": 3747,
        "DSP": 10,
        "BRAM": 0,
        "URAM": 0,
        "CP": 7.199
    },
    "SYN": {
        "LUT": 1747,
        "FF": 1497,
        "DSP": 12,
        "BRAM": 0,
        "URAM": 0,
        "SRL": 35,
        "CP": 5.818
    },
    "IMPL": {
        "LUT": 1718,
        "FF": 1497,
        "DSP": 12,
        "BRAM": 0,
        "URAM": 0,
        "SRL": 31,
        "CP": 6.069,
        "PWR": 0.285
    }
}