{
    "LATENCY": {
        "Latency": 1000
    },
    "HLS": {
        "LUT": 4591,
        "FF": 3212,
        "DSP": 7,
        "BRAM": 0,
        "URAM": 0,
        "CP": 7.259
    },
    "SYN": {
        "LUT": 1414,
        "FF": 1181,
        "DSP": 9,
        "BRAM": 0,
        "URAM": 0,
        "SRL": 32,
        "CP": 6.785
    },
    "IMPL": {
        "LUT": 1404,
        "FF": 1181,
        "DSP": 9,
        "BRAM": 0,
        "URAM": 0,
        "SRL": 28,
        "CP": 7.426,
        "PWR": 0.262
    }
}