{
    "LATENCY": {
        "Latency": 1000
    },
    "HLS": {
        "LUT": 8355,
        "FF": 6108,
        "DSP": 14,
        "BRAM": 0,
        "URAM": 0,
        "CP": 7.259
    },
    "SYN": {
        "LUT": 2574,
        "FF": 2011,
        "DSP": 18,
        "BRAM": 0,
        "URAM": 0,
        "SRL": 71,
        "CP": 6.109
    },
    "IMPL": {
        "LUT": 2517,
        "FF": 2011,
        "DSP": 18,
        "BRAM": 0,
        "URAM": 0,
        "SRL": 63,
        "CP": 6.655,
        "PWR": 0.317
    }
}