{
    "LATENCY": {
        "Latency": 1000
    },
    "HLS": {
        "LUT": 4744,
        "FF": 3216,
        "DSP": 7,
        "BRAM": 0,
        "URAM": 0,
        "CP": 7.039
    },
    "SYN": {
        "LUT": 1433,
        "FF": 1170,
        "DSP": 9,
        "BRAM": 0,
        "URAM": 0,
        "SRL": 32,
        "CP": 5.818
    },
    "IMPL": {
        "LUT": 1425,
        "FF": 1170,
        "DSP": 9,
        "BRAM": 0,
        "URAM": 0,
        "SRL": 28,
        "CP": 7.313,
        "PWR": 0.275
    }
}