{
    "LATENCY": {
        "Latency": 1000
    },
    "HLS": {
        "LUT": 11140,
        "FF": 6160,
        "DSP": 13,
        "BRAM": 0,
        "URAM": 0,
        "CP": 7.199
    },
    "SYN": {
        "LUT": 2664,
        "FF": 2094,
        "DSP": 15,
        "BRAM": 0,
        "URAM": 0,
        "SRL": 71,
        "CP": 5.818
    },
    "IMPL": {
        "LUT": 2603,
        "FF": 2094,
        "DSP": 15,
        "BRAM": 0,
        "URAM": 0,
        "SRL": 63,
        "CP": 6.267,
        "PWR": 0.316
    }
}