{
    "LATENCY": {
        "Latency": 1000
    },
    "HLS": {
        "LUT": 9342,
        "FF": 6826,
        "DSP": 15,
        "BRAM": 0,
        "URAM": 0,
        "CP": 7.259
    },
    "SYN": {
        "LUT": 2710,
        "FF": 2115,
        "DSP": 19,
        "BRAM": 0,
        "URAM": 0,
        "SRL": 96,
        "CP": 6.109
    },
    "IMPL": {
        "LUT": 2643,
        "FF": 2115,
        "DSP": 19,
        "BRAM": 0,
        "URAM": 0,
        "SRL": 84,
        "CP": 6.263,
        "PWR": 0.318
    }
}