{
    "LATENCY": {
        "Latency": 1000
    },
    "HLS": {
        "LUT": 10698,
        "FF": 7641,
        "DSP": 15,
        "BRAM": 0,
        "URAM": 0,
        "CP": 7.259
    },
    "SYN": {
        "LUT": 2920,
        "FF": 2342,
        "DSP": 19,
        "BRAM": 0,
        "URAM": 0,
        "SRL": 161,
        "CP": 6.109
    },
    "IMPL": {
        "LUT": 2854,
        "FF": 2342,
        "DSP": 19,
        "BRAM": 0,
        "URAM": 0,
        "SRL": 117,
        "CP": 6.493,
        "PWR": 0.318
    }
}