{
    "LATENCY": {
        "Latency": 1000
    },
    "HLS": {
        "LUT": 4566,
        "FF": 3208,
        "DSP": 7,
        "BRAM": 0,
        "URAM": 0,
        "CP": 7.259
    },
    "SYN": {
        "LUT": 1399,
        "FF": 1177,
        "DSP": 9,
        "BRAM": 0,
        "URAM": 0,
        "SRL": 32,
        "CP": 6.785
    },
    "IMPL": {
        "LUT": 1388,
        "FF": 1177,
        "DSP": 9,
        "BRAM": 0,
        "URAM": 0,
        "SRL": 28,
        "CP": 7.004,
        "PWR": 0.261
    }
}