{
    "LATENCY": {
        "Latency": 1000
    },
    "HLS": {
        "LUT": 8335,
        "FF": 6106,
        "DSP": 14,
        "BRAM": 0,
        "URAM": 0,
        "CP": 7.259
    },
    "SYN": {
        "LUT": 2553,
        "FF": 2008,
        "DSP": 18,
        "BRAM": 0,
        "URAM": 0,
        "SRL": 71,
        "CP": 6.109
    },
    "IMPL": {
        "LUT": 2497,
        "FF": 2008,
        "DSP": 18,
        "BRAM": 0,
        "URAM": 0,
        "SRL": 63,
        "CP": 6.45,
        "PWR": 0.318
    }
}