{
    "LATENCY": {
        "Latency": 1000
    },
    "HLS": {
        "LUT": 4862,
        "FF": 3212,
        "DSP": 7,
        "BRAM": 0,
        "URAM": 0,
        "CP": 7.039
    },
    "SYN": {
        "LUT": 1420,
        "FF": 1166,
        "DSP": 9,
        "BRAM": 0,
        "URAM": 0,
        "SRL": 32,
        "CP": 5.818
    },
    "IMPL": {
        "LUT": 1410,
        "FF": 1166,
        "DSP": 9,
        "BRAM": 0,
        "URAM": 0,
        "SRL": 28,
        "CP": 7.383,
        "PWR": 0.275
    }
}