{
    "LATENCY": {
        "Latency": 1000
    },
    "HLS": {
        "LUT": 6673,
        "FF": 3750,
        "DSP": 10,
        "BRAM": 0,
        "URAM": 0,
        "CP": 7.259
    },
    "SYN": {
        "LUT": 1726,
        "FF": 1515,
        "DSP": 12,
        "BRAM": 0,
        "URAM": 0,
        "SRL": 35,
        "CP": 6.785
    },
    "IMPL": {
        "LUT": 1695,
        "FF": 1515,
        "DSP": 12,
        "BRAM": 0,
        "URAM": 0,
        "SRL": 31,
        "CP": 6.947,
        "PWR": 0.272
    }
}