{
    "LATENCY": {
        "Latency": 1000
    },
    "HLS": {
        "LUT": 9189,
        "FF": 6160,
        "DSP": 14,
        "BRAM": 0,
        "URAM": 0,
        "CP": 7.259
    },
    "SYN": {
        "LUT": 2644,
        "FF": 2079,
        "DSP": 18,
        "BRAM": 0,
        "URAM": 0,
        "SRL": 71,
        "CP": 6.109
    },
    "IMPL": {
        "LUT": 2583,
        "FF": 2079,
        "DSP": 18,
        "BRAM": 0,
        "URAM": 0,
        "SRL": 63,
        "CP": 6.418,
        "PWR": 0.318
    }
}