{
    "LATENCY": {
        "Latency": 1000
    },
    "HLS": {
        "LUT": 4750,
        "FF": 3208,
        "DSP": 6,
        "BRAM": 0,
        "URAM": 0,
        "CP": 7.259
    },
    "SYN": {
        "LUT": 1438,
        "FF": 1209,
        "DSP": 8,
        "BRAM": 0,
        "URAM": 0,
        "SRL": 32,
        "CP": 6.785
    },
    "IMPL": {
        "LUT": 1428,
        "FF": 1209,
        "DSP": 8,
        "BRAM": 0,
        "URAM": 0,
        "SRL": 28,
        "CP": 7.523,
        "PWR": 0.261
    }
}