{
    "LATENCY": {
        "Latency": 1000
    },
    "HLS": {
        "LUT": 6913,
        "FF": 3739,
        "DSP": 10,
        "BRAM": 0,
        "URAM": 0,
        "CP": 7.199
    },
    "SYN": {
        "LUT": 1720,
        "FF": 1498,
        "DSP": 12,
        "BRAM": 0,
        "URAM": 0,
        "SRL": 35,
        "CP": 5.818
    },
    "IMPL": {
        "LUT": 1691,
        "FF": 1498,
        "DSP": 12,
        "BRAM": 0,
        "URAM": 0,
        "SRL": 31,
        "CP": 6.097,
        "PWR": 0.287
    }
}