{
    "LATENCY": {
        "Latency": 1000
    },
    "HLS": {
        "LUT": 10325,
        "FF": 6106,
        "DSP": 12,
        "BRAM": 0,
        "URAM": 0,
        "CP": 7.199
    },
    "SYN": {
        "LUT": 2581,
        "FF": 2023,
        "DSP": 14,
        "BRAM": 0,
        "URAM": 0,
        "SRL": 71,
        "CP": 5.818
    },
    "IMPL": {
        "LUT": 2549,
        "FF": 2023,
        "DSP": 14,
        "BRAM": 0,
        "URAM": 0,
        "SRL": 63,
        "CP": 6.282,
        "PWR": 0.313
    }
}